ACCIDENT_YEAR,COLLISION_DATE,COLLISION_TIME,MONTH,SEASON,24HOURS,DAY_OF_WEEK,INTERSECTION,WEATHER_1,STATE_HWY_IND,ROAD_SURFACE,ROAD_COND_1,LIGHTING,STWD_VEHTYPE_AT_FAULT,CHP_VEHTYPE_AT_FAULT,DIRECTION,PCF_VIOL_CATEGORY,TYPE_OF_COLLISION,PEDESTRIAN_ACCIDENT,BICYCLE_ACCIDENT,MOTORCYCLE_ACCIDENT,TRUCK_ACCIDENT,MVIW,TOW_AWAY,HIT_AND_RUN,CONTROL_DEVICE,NUMBER_INJURED,COUNT_PED_INJURED,COUNT_BICYCLIST_INJURED,COUNT_MC_INJURED,PCF_VIOLATION,PARTY_COUNT,POINT_Y,POINT_X,COLLISION_SEVERITY
2011,2011-09-16,1517,9,3,15,5,N,A,N,A,H,A,N,60,S,11,G,Y,,,,B,N,N,A,1,1,0,0,21954.0,2,38.06586863,-122.16425338,3
2011,2011-09-28,1015,9,3,10,3,Y,A,N,A,H,A,-,- ,,03,C,,,,,C,N,N,A,1,0,0,0,22350.0,2,38.10099,-122.24833,4
2011,2011-09-19,1045,9,3,10,1,Y,A,Y,A,H,A,-,- ,,12,D,,,,,C,Y,N,A,2,0,0,0,21453.0,2,38.0878096,-122.24357522,4
2011,2011-09-28,1720,9,3,17,3,N,A,N,A,H,A,-,- ,S,03,C,,,,,C,N,F,A,1,0,0,0,22350.0,2,38.11608937,-122.26969011,4
2011,2011-08-18,1527,8,2,15,4,N,A,N,A,H,A,-,- ,W,10,G,Y,,,,B,N,N,A,1,1,0,0,21952.0,2,38.12334214,-122.25762276,4
2011,2011-10-12,725,10,3,7,3,N,A,N,A,H,A,H,13,W,05,B,,,,,C,Y,N,D,3,0,0,0,21752.0,2,38.45249546,-121.76745046,3
2011,2011-10-12,1035,10,3,10,3,N,A,Y,A,H,A,A,01,W,07,B,,,,Y,C,Y,N,D,1,0,0,0,21658.0,3,38.16888718,-122.2005842,3
2011,2011-10-13,1730,10,3,17,4,Y,A,N,A,H,A,D,22,,09,C,,,,,C,Y,N,D,1,0,0,0,21802.0,2,38.46381,-121.84091,4
2011,2011-10-08,250,10,3,2,6,N,A,N,A,H,D,D,22,W,01,E,,,,,I,Y,N,D,1,0,0,0,23152.0,1,38.19061507,-121.74522814,3
2011,2011-09-07,1529,9,3,15,3,N,A,N,A,H,A,A,01,N,03,C,,,,,C,Y,N,D,2,0,0,0,22350.0,2,38.1187789,-122.21055547,4
2011,2011-09-07,1423,9,3,14,3,N,A,N,A,H,A,A,01,S,03,C,,,,,C,Y,N,D,2,0,0,0,22350.0,2,38.11324773,-122.25467934,4
2011,2011-06-28,1455,6,2,14,2,N,A,N,A,H,A,A,07,S,09,C,,,,,C,Y,N,D,2,0,0,0,21804.0,2,38.13058213,-122.24045879,4
2011,2011-09-06,1750,9,3,17,2,N,A,Y,A,H,A,A,01,W,03,C,,,,,C,N,N,D,2,0,0,0,22350.0,2,38.34482267,-122.00071632,4
2011,2011-09-07,1138,9,3,11,3,N,A,Y,A,H,A,A,01,N,08,F,,,,,A,Y,N,D,1,0,0,0,22107.0,1,38.39800127,-121.94868983,2
2011,2011-10-20,1102,10,3,11,4,Y,A,N,A,H,A,D,22,,09,D,,,,,C,N,N,A,1,0,0,0,21802.0,2,38.24475,-122.04326,4
2011,2011-08-07,2027,8,2,20,7,N,A,N,A,H,B,C,02,W,03,F,,,Y,,A,Y,N,D,1,0,0,1,22350.0,1,38.35251691,-121.96673558,3
2011,2011-10-07,745,10,3,7,5,Y,A,N,A,H,A,-,- ,,03,C,,,,,C,Y,N,D,1,0,0,0,22350.0,2,38.09704,-122.24681,4
2011,2011-10-13,1439,10,3,14,4,N,A,Y,A,H,A,A,07,S,03,C,,,,,C,Y,N,D,1,0,0,0,22350.0,4,38.21414504,-122.14175317,4
2011,2011-10-25,810,10,3,8,2,N,A,N,A,H,A,D,22,S,08,C,,Y,,,G,N,F,D,1,0,1,0,22107.0,2,38.08210609,-122.13647409,3
2011,2011-10-24,1849,10,3,18,1,N,A,N,A,H,C,D,22,S,03,C,,,,,C,N,F,D,2,0,0,0,22350.0,2,38.35352786,-121.97621529,4
2011,2011-10-23,1726,10,3,17,7,N,A,N,A,H,A,D,22,W,09,D,,,,,C,Y,N,D,2,0,0,0,21804.0,3,38.35510836,-121.95332819,4
2011,2011-10-22,1838,10,3,18,6,N,A,N,A,H,B,A,01,S,08,D,,,,,C,Y,N,A,3,0,0,0,22107.0,2,38.25345579,-122.06716329,3
2011,2011-10-14,1746,10,3,17,5,Y,A,N,A,H,A,A,01,,09,A,,,,,C,Y,N,D,2,0,0,0,21801.0,2,38.28702,-121.97396,4
2011,2011-10-24,1453,10,3,14,1,N,A,N,A,H,A,A,08,W,03,C,,,,,C,N,N,D,1,0,0,0,22350.0,2,38.25819316,-122.04761475,4
2011,2011-10-24,725,10,3,7,1,N,A,N,A,H,A,A,01,S,03,C,,,,,C,Y,N,D,1,0,0,0,22350.0,2,38.26923231,-122.0249732,4
2011,2011-10-16,1846,10,3,18,7,N,A,N,A,G,B,N,60,N,11,G,Y,,,,B,N,N,D,1,1,0,0,21954.0,2,38.25901316,-122.04161461,3
2011,2011-11-01,1024,11,3,10,2,N,A,N,A,H,A,A,01,W,03,C,,,,,C,N,N,D,1,0,0,0,22350.0,2,38.27298506,-122.04332535,4
2011,2011-10-17,1556,10,3,15,1,N,A,N,A,H,A,L,04,W,09,D,,Y,,,G,N,N,A,1,0,1,0,21804.0,2,38.15779345,-121.69321287,3
2011,2011-10-23,1911,10,3,19,7,Y,A,N,A,H,A,A,01,,12,D,,,,,C,Y,N,A,2,0,0,0,22450.0,2,38.34361,-121.98644,4
2011,2011-11-12,1004,11,3,10,6,N,B,N,A,H,A,D,22,N,03,C,,,,,C,N,N,D,1,0,0,0,22350.0,2,38.36566451,-121.95443007,4
2011,2011-11-05,1835,11,3,18,6,N,C,N,B,H,C,E,22,E,10,G,Y,,,,B,N,N,A,1,1,0,0,21950.0,2,38.35394092,-121.97611576,3
2011,2011-10-23,805,10,3,8,7,N,A,Y,A,H,A,D,22,W,08,C,,,Y,,C,Y,N,D,2,0,0,1,22107.0,2,38.09087177,-122.22773345,2
2011,2011-11-06,1752,11,3,17,7,N,C,N,B,H,C,D,22,N,08,E,,,,,I,Y,N,D,1,0,0,0,22107.0,1,38.38099624,-121.97807173,3
2011,2011-10-22,1930,10,3,19,6,N,A,Y,A,H,B,A,01,E,03,C,,,,,C,Y,M,D,1,0,0,0,22350.0,5,38.12987344,-122.22608309,4
2011,2011-10-21,1453,10,3,14,5,N,A,Y,A,H,A,A,07,W,03,C,,,,,C,Y,N,D,1,0,0,0,22350.0,2,38.2554669,-122.06466776,4
2011,2011-10-25,2049,10,3,20,2,Y,A,Y,A,H,C,D,22,,12,D,,,,,C,Y,N,A,2,0,0,0,21453.0,2,38.35603507,-121.97657316,4
2011,2011-11-01,1500,11,3,15,2,N,A,N,A,H,A,F,26,N,21,C,,,,Y,C,N,N,A,1,0,0,0,22106.0,2,38.35496569,-121.9863752,4
2011,2011-10-19,650,10,3,6,3,N,A,Y,A,H,D,A,01,N,03,C,,,,,C,Y,N,D,2,0,0,0,22350.0,2,38.18674349,-122.13663604,4
2011,2011-10-21,931,10,3,9,5,N,A,N,A,H,A,-,- ,W,08,E,,,,,I,Y,N,D,1,0,0,0,22107.0,2,38.09414061,-122.24051933,4
2011,2011-10-20,154,10,3,1,4,N,A,Y,A,H,D,G,25,E,07,B,,,,Y,E,Y,N,D,2,0,0,0,21658.0,3,38.329565,-122.02133782,4
2011,2011-10-04,1530,10,3,15,2,Y,B,N,A,H,A,-,- ,,12,C,,,,,C,N,N,A,1,0,0,0,22450.0,2,38.10044,-122.22853,4
2011,2011-10-29,1940,10,3,19,6,N,A,Y,A,H,C,D,22,W,01,B,,,,,I,Y,N,D,1,0,0,0,23152.0,1,38.34452086,-122.00220067,3
2011,2011-10-23,1035,10,3,10,7,N,A,N,A,H,A,L,04,E,05,A,,Y,,,G,N,N,D,1,0,1,0,21202.0,2,38.42418,-122.04635,3
2011,2011-10-24,650,10,3,6,1,N,A,Y,A,H,B,D,22,E,05,C,,,,,C,Y,N,D,1,0,0,0,21651.0,2,38.09253795,-122.23445144,4
2011,2011-10-23,1510,10,3,15,7,N,A,Y,A,H,A,D,22,E,01,E,,,,,I,Y,N,D,1,0,0,0,23152.0,1,38.30026506,-122.03407317,3
2011,2011-09-12,1600,9,3,16,1,N,A,N,A,H,A,-,- ,E,- ,D,,Y,,,G,N,N,D,1,0,1,0,,2,38.26537231,-122.02313413,4
2011,2011-09-29,1710,9,3,17,4,N,A,N,A,H,A,L,04,S,05,H,,Y,,,G,N,N,A,1,0,1,0,21202.0,2,38.25980655,-122.03423899,4
2011,2011-10-06,2111,10,3,21,4,N,A,N,A,H,D,A,01,W,01,C,,,,,C,Y,N,A,1,0,0,0,23152.0,2,38.35749551,-121.95808411,4
2011,2011-10-03,2051,10,3,20,1,N,C,N,B,H,C,A,07,N,03,B,Y,,,,B,N,N,A,2,2,0,0,22350.0,3,38.25818663,-122.05693893,4
2011,2011-10-03,1905,10,3,19,1,Y,C,N,B,H,C,A,01,,08,B,,,,,C,N,N,A,1,0,0,0,22107.0,2,38.27113,-122.007,4
2011,2011-10-06,57,10,3,0,4,Y,A,N,A,H,C,A,01,,11,B,,,,,C,Y,N,A,2,0,0,0,21453.0,2,38.27272,-122.02497,4
2011,2011-10-05,927,10,3,9,3,N,A,N,A,H,A,A,01,E,03,C,,,,,C,Y,N,D,3,0,0,0,22350.0,2,38.27284873,-122.03191341,4
2011,2011-10-11,607,10,3,6,2,N,B,N,B,H,C,A,01,S,09,B,,,,,C,N,N,D,1,0,0,0,21801.0,2,38.25325289,-122.06736803,4
2011,2011-10-08,830,10,3,8,6,N,A,N,A,D,A,A,01,W,03,C,,,,,C,N,F,A,2,0,0,0,22350.0,3,38.27299734,-122.04380939,4
2011,2011-10-15,1600,10,3,16,6,Y,A,N,A,H,A,A,01,,12,D,,,,,C,N,N,A,1,0,0,0,21453.0,2,38.22716532,-122.12968826,4
2011,2011-10-02,2220,10,3,22,7,N,A,N,A,G,D,-,- ,W,18,H,,,,,H,Y,N,D,1,0,0,0,,1,38.25305888,-122.16574035,4
2011,2011-10-14,1453,10,3,14,5,Y,A,N,A,H,A,-,- ,,12,D,,,,,C,Y,N,A,2,0,0,0,21453.0,2,38.27326,-122.05252,4
2011,2011-10-12,1555,10,3,15,3,N,A,N,A,H,A,L,04,E,09,H,,Y,,,G,N,N,A,1,0,1,0,21801.0,2,38.24928477,-122.0607135,4
2011,2011-10-05,751,10,3,7,3,N,A,N,A,H,A,L,04,E,08,H,,Y,,,G,N,N,A,1,0,1,0,22107.0,2,38.27959739,-121.96898399,4
2011,2011-10-04,1510,10,3,15,2,Y,B,Y,B,H,A,A,07,,09,D,,,,,C,Y,N,A,1,0,0,0,21802.0,2,38.41652508,-121.82272315,4
2011,2011-10-05,230,10,3,2,3,N,C,Y,B,F,C,A,07,E,08,E,,,,,I,N,N,A,1,0,0,0,22107.0,1,38.12700502,-122.26795492,4
2011,2011-10-05,625,10,3,6,3,N,A,Y,B,H,D,A,01,W,08,E,,,,,I,Y,N,-,1,0,0,0,22107.0,1,38.06217142,-122.15616938,3
2011,2011-10-05,1505,10,3,15,3,N,B,Y,A,H,A,A,01,W,08,E,,,,,I,Y,N,D,1,0,0,0,22107.0,1,38.09637471,-122.22974317,3
2011,2011-11-02,1133,11,3,11,3,N,A,Y,A,H,A,A,01,E,07,B,,,,Y,C,Y,N,D,1,0,0,0,21658.0,3,38.22616501,-122.12318064,3
2011,2011-10-27,1534,10,3,15,4,N,A,N,A,H,A,-,- ,W,09,B,,,,,C,Y,N,D,1,0,0,0,21804.0,2,38.33533507,-121.9546183,4
2011,2011-10-31,807,10,3,8,1,N,A,N,A,H,A,L,04,S,05,B,,Y,,,G,N,N,D,1,0,1,0,21650.0,2,38.35021,-121.95325,3
2011,2011-10-31,952,10,3,9,1,Y,A,N,A,H,A,A,01,,12,D,,,,,C,Y,N,A,1,0,0,0,21453.0,2,38.33324,-121.97047,4
2011,2011-10-16,216,10,3,2,7,N,B,N,A,H,D,A,01,S,08,E,,,,,I,Y,N,D,1,0,0,0,22107.0,1,38.44063464,-121.99295795,3
2011,2011-10-19,2158,10,3,21,3,N,A,N,A,D,C,-,- ,S,03,C,,,,,C,Y,F,A,1,0,0,0,22350.0,2,38.28325529,-121.96970316,4
2011,2011-10-25,2200,10,3,22,2,N,A,N,A,H,C,A,01,E,03,E,,,,,I,Y,N,D,1,0,0,0,22350.0,1,38.27799055,-121.97399104,2
2011,2011-11-09,859,11,3,8,3,N,A,N,A,H,A,A,01,S,03,E,,,,,I,Y,N,A,4,0,0,0,22350.0,1,38.23725295,-122.08407022,3
2011,2011-11-01,2340,11,3,23,2,N,A,N,A,H,A,A,01,W,03,C,,,,,C,N,N,A,1,0,0,0,22350.0,2,38.24924,-122.04997,4
2011,2011-11-04,1500,11,3,15,5,Y,A,N,A,H,A,A,01,,10,G,Y,,,,B,N,F,A,2,1,0,0,21950.0,2,38.26195,-122.03423,4
2011,2011-10-30,2103,10,3,21,7,N,A,N,A,H,C,A,01,E,01,E,,,,,I,Y,N,D,2,0,0,0,23152.0,1,38.27260944,-122.04491218,3
2011,2011-11-02,1657,11,3,16,3,N,A,N,A,H,A,C,02,S,08,A,,,Y,,I,Y,N,D,1,0,0,1,22107.0,1,38.28621297,-122.08312676,3
2011,2011-11-06,547,11,3,5,7,N,B,N,B,H,C,A,01,E,01,E,,,,,I,Y,N,A,1,0,0,0,23152.0,1,38.25813892,-122.03420316,4
2011,2011-11-03,1555,11,3,15,4,N,B,Y,B,H,A,A,07,E,03,A,,,,,C,N,N,D,2,0,0,0,22350.0,2,38.24382823,-122.04078679,4
2011,2011-10-31,849,10,3,8,1,N,A,Y,A,H,A,A,01,W,03,C,,,,,C,Y,N,D,1,0,0,0,22350.0,2,38.27549506,-122.04769317,4
2011,2011-11-02,0,11,3,0,3,N,A,Y,D,G,A,-,- ,N,03,C,,,,,C,N,F,A,1,0,0,0,22350.0,2,38.21776679,-122.13606882,4
2011,2011-10-31,848,10,3,8,1,N,A,Y,A,H,A,A,07,W,03,C,,,,,C,Y,N,D,2,0,0,0,22350.0,4,38.2787597,-122.04493893,3
2011,2011-10-26,1527,10,3,15,3,N,A,N,A,H,A,A,01,W,03,C,,,,,C,Y,N,D,3,0,0,0,22350.0,2,38.27470982,-121.97992453,3
2011,2011-10-31,2100,10,3,21,1,N,A,N,A,H,C,-,- ,E,- ,G,Y,,,,B,N,M,A,1,1,0,0,,2,38.25817451,-122.02300227,4
2011,2011-11-14,740,11,3,7,1,N,B,N,A,H,A,-,- ,S,03,C,,,,,C,N,N,D,2,0,0,0,22350.0,3,38.34621,-121.9743,4
2011,2011-10-11,1900,10,3,19,2,N,B,N,A,H,D,A,01,E,08,F,,,,,A,Y,N,D,1,0,0,0,22107.0,1,38.44589525,-121.88821519,3
2011,2011-10-06,2100,10,3,21,4,N,A,N,A,H,D,A,07,S,03,C,,,,,C,Y,N,D,1,0,0,0,22350.0,2,38.30133,-121.93375,4
2011,2011-10-20,1154,10,3,11,4,N,A,N,A,H,A,-,- ,W,03,C,,,,,C,Y,N,D,1,0,0,0,22350.0,3,38.36793909,-121.95675239,3
2011,2011-10-19,1205,10,3,12,3,N,A,Y,A,H,A,A,01,E,08,E,,,,,I,Y,N,D,1,0,0,0,22107.0,1,38.49720342,-121.79427581,3
2011,2011-11-01,549,11,3,5,2,N,A,N,A,H,C,A,01,W,12,A,,,,,C,Y,N,A,2,0,0,0,21453.0,2,38.25803203,-122.05014245,4
2011,2011-10-14,1528,10,3,15,5,Y,A,N,A,H,A,-,- ,,09,C,,,,,C,Y,N,A,1,0,0,0,21801.0,2,38.12302,-122.24228,4
2011,2011-10-29,1502,10,3,15,6,Y,A,N,A,H,A,-,- ,,12,C,,,,,C,Y,N,A,1,0,0,0,22450.0,2,38.10792,-122.24871,4
2011,2011-10-29,2207,10,3,22,6,N,A,Y,A,H,C,A,01,E,03,C,,,,,C,Y,N,D,1,0,0,0,22350.0,3,38.14147503,-122.22717437,4
2011,2011-10-26,600,10,3,6,3,N,A,Y,A,H,D,A,01,W,08,E,,,,,I,Y,N,D,1,0,0,0,22107.0,1,38.13668503,-122.22177317,4
2011,2011-10-28,735,10,3,7,5,N,A,Y,A,H,A,A,01,E,08,B,,,,,C,N,N,D,2,0,0,0,22107.0,2,38.10652227,-122.22982317,3
2011,2011-10-28,1140,10,3,11,5,Y,A,N,A,H,A,A,01,,03,C,,,,,C,Y,N,D,1,0,0,0,22350.0,2,38.41692,-121.88992,4
2011,2011-10-28,1340,10,3,13,5,N,A,Y,A,H,A,A,01,W,08,E,,,,,I,Y,N,D,1,0,0,0,22107.0,1,38.22824452,-122.11899886,4
2011,2011-10-31,1515,10,3,15,1,N,A,Y,A,H,A,C,02,E,03,F,,,Y,,A,Y,N,D,1,0,0,1,22350.0,1,38.15566439,-122.40665763,4
2011,2011-10-20,1605,10,3,16,4,N,A,Y,A,H,A,C,02,W,03,F,,,Y,,A,Y,N,D,1,0,0,1,22350.0,1,38.20885887,-122.19638432,2
2011,2011-10-22,1540,10,3,15,6,N,A,N,A,H,A,C,02,N,06,B,,,Y,,C,Y,N,D,1,0,0,1,21751.0,2,38.3031085,-121.94859982,2
2011,2011-08-24,744,8,2,7,3,Y,A,N,A,H,A,A,,,09,D,,Y,,,G,N,N,A,3,0,3,0,21802.0,2,38.15262,-122.25797,2
2011,2011-08-22,822,8,2,8,1,N,A,N,A,H,A,N,60,W,11,G,Y,,,,B,Y,N,D,2,1,0,0,21954.0,2,38.08388054,-122.19605796,4
2011,2011-08-07,1156,8,2,11,7,N,A,N,A,H,A,-,- ,N,18,E,,,,,I,Y,N,D,1,0,0,0,,1,38.10186,-122.22568,3
2011,2011-08-02,1933,8,2,19,2,Y,A,N,A,H,A,-,- ,,12,C,,,,,C,Y,F,D,1,0,0,0,22450.0,2,38.10804,-122.25648,4
2011,2011-09-25,1743,9,3,17,7,Y,A,N,A,H,A,-,- ,,09,D,,,,,C,Y,N,A,2,0,0,0,21802.0,2,38.08874,-122.24184,4
2011,2011-09-30,2153,9,3,21,5,Y,A,N,A,H,E,-,- ,,10,A,Y,,,,B,N,F,-,1,1,0,0,21950.0,2,38.11192,-122.24861,4
2011,2011-09-22,1630,9,3,16,4,Y,A,N,A,H,A,-,- ,,00,C,,,,,C,Y,N,A,2,0,0,0,,2,38.13087,-122.21041,4
2011,2011-09-24,1416,9,3,14,6,Y,A,N,A,H,A,-,- ,,08,A,,,,,C,Y,N,A,1,0,0,0,22107.0,2,38.1251295,-122.2722315,3
2011,2011-09-27,1617,9,3,16,2,Y,A,N,A,H,A,-,- ,,03,C,,,,,C,N,N,D,1,0,0,0,22350.0,2,38.10484,-122.20903,4
2011,2011-09-26,1529,9,3,15,1,N,A,N,A,H,A,-,- ,E,03,C,,,,,C,N,F,D,2,0,0,0,22350.0,2,38.10977318,-122.2392189,4
2011,2011-10-18,1311,10,3,13,2,Y,A,N,A,H,A,-,- ,,10,G,Y,,,,B,N,N,A,1,1,0,0,21950.0,2,,,4
2011,2011-10-10,1217,10,3,12,1,N,B,N,B,H,A,-,- ,S,18,C,,,,,E,,N,D,1,0,0,0,,6,38.10528,-122.22075,4
2011,2011-10-08,933,10,3,9,6,Y,A,N,A,H,A,-,- ,,09,C,,,,,C,Y,N,A,2,0,0,0,21801.0,2,38.12543,-122.20436,4
2011,2011-10-07,1350,10,3,13,5,Y,A,N,A,H,A,-,- ,,09,A,,,,,C,Y,N,A,1,0,0,0,21801.0,2,38.119788,-122.251788,4
2011,2011-10-16,1054,10,3,10,7,Y,A,N,A,H,A,-,- ,,12,D,,,,,C,Y,M,A,2,0,0,0,21453.0,2,38.1011,-122.25664,4
2011,2011-10-03,1648,10,3,16,1,N,B,N,A,H,A,A,,N,09,D,,,,,C,Y,N,D,1,0,0,0,21801.0,2,38.12357,-122.22787,4
2011,2011-09-16,400,9,3,4,5,N,A,Y,A,H,C,A,01,E,01,C,,,,,C,Y,N,D,2,0,0,0,23152.0,2,38.45145958,-121.85162135,3
2011,2011-09-15,2012,9,3,20,4,N,A,Y,A,H,C,A,01,W,01,E,,,,,I,Y,N,D,1,0,0,0,23152.0,1,38.41457094,-121.89973243,3
2011,2011-05-28,1836,5,1,18,6,N,C,N,B,H,A,A,07,W,03,F,,,,,A,Y,N,D,2,0,0,0,22350.0,1,,,3
2011,2011-11-06,1754,11,3,17,7,-,A,N,A,H,C,A,01,,03,C,,,,,C,Y,N,D,2,0,0,0,22350.0,2,38.27304,-122.03415,4
2011,2011-11-05,643,11,3,6,6,N,A,N,A,H,D,A,01,N,01,B,,,,,E,Y,N,D,1,0,0,0,23152.0,2,38.27030533,-122.03798337,4
2011,2011-10-31,1541,10,3,15,1,N,A,N,A,H,A,A,07,E,03,C,,,,,C,N,N,D,2,0,0,0,22350.0,3,38.24928447,-122.06064036,4
2011,2011-11-09,1418,11,3,14,3,N,A,N,A,H,A,D,22,N,- ,C,,,,,C,N,F,D,2,0,0,0,,2,38.25173973,-122.03916316,4
2011,2011-11-07,555,11,3,5,1,N,A,N,A,H,D,A,01,E,09,A,,,,,C,Y,N,D,2,0,0,0,21801.0,2,38.49236383,-121.79888611,4
2011,2011-10-27,1830,10,3,18,4,Y,A,N,A,H,B,A,01,,03,C,,,,,C,N,N,A,1,0,0,0,22350.0,2,38.2599,-122.06967,4
2011,2011-10-18,1500,10,3,15,2,Y,A,N,A,H,A,A,01,,09,D,,,,,C,Y,N,A,3,0,0,0,21802.0,2,38.25032,-122.04855,4
2011,2011-10-28,1139,10,3,11,5,N,A,N,A,H,A,A,01,E,03,C,,,,,C,N,N,A,1,0,0,0,22350.0,2,38.26514907,-122.0071894,4
2011,2011-10-21,1435,10,3,14,5,Y,A,N,A,H,A,A,01,,09,D,,,,,C,Y,N,D,1,0,0,0,21801.0,2,38.17732,-122.13845,3
2011,2011-10-20,830,10,3,8,4,N,A,N,A,H,A,A,01,E,03,C,,,,,C,N,N,A,1,0,0,0,22350.0,2,38.27271809,-122.02377764,4
2011,2011-11-12,243,11,3,2,6,N,B,N,B,H,C,A,07,E,01,E,,,,,I,N,N,D,1,0,0,0,23152.0,1,38.35163307,-121.95292754,4
2011,2011-11-17,1156,11,3,11,4,N,A,N,A,H,A,A,01,W,08,A,,,,,C,N,N,A,8,0,0,0,22107.0,2,38.24924779,-122.05032101,4
2011,2011-11-07,1148,11,3,11,1,Y,A,N,A,H,A,-,- ,,12,D,,,,,C,N,N,A,2,0,0,0,21453.0,2,38.10964,-122.22461,4
2011,2011-11-10,920,11,3,9,4,Y,A,N,A,H,A,-,- ,,03,C,,,,,C,N,N,D,1,0,0,0,22350.0,2,38.12235,-122.22318,4
2011,2011-11-07,1152,11,3,11,1,Y,A,N,A,H,A,A,01,,09,A,,,,,C,Y,N,D,1,0,0,0,21801.0,2,38.10783,-122.24341,4
2011,2011-11-06,2155,11,3,21,7,Y,A,N,B,H,C,A,01,,12,A,,,,,C,Y,N,A,3,0,0,0,21453.0,2,38.25823,-122.03419,3
2011,2011-11-10,1450,11,3,14,4,Y,A,N,A,H,A,-,- ,,10,G,Y,,,,B,N,F,A,1,1,0,0,21950.0,2,38.25819,-122.02502,3
2011,2011-11-11,1629,11,3,16,5,N,C,N,B,H,B,A,07,,08,F,,,,,D,Y,N,D,1,0,0,0,22107.0,1,38.27304,-122.03415,4
2011,2011-11-11,1735,11,3,17,5,Y,C,N,B,H,C,A,01,,09,A,,,,,C,Y,N,A,1,0,0,0,21802.0,2,38.24231,-122.06644,4
2011,2011-11-11,1920,11,3,19,5,Y,C,Y,B,H,C,A,01,,03,C,,,,,C,N,N,A,1,0,0,0,22350.0,3,38.26073505,-122.06060317,4
2011,2011-11-14,1103,11,3,11,1,N,B,N,A,H,A,A,01,W,03,C,,,,,C,N,N,D,1,0,0,0,22350.0,2,38.25823506,-122.04253578,4
2011,2011-11-11,1755,11,3,17,5,N,B,Y,B,H,C,F,26,E,03,C,,,,Y,C,Y,N,D,1,0,0,0,22350.0,4,38.12550328,-122.22886683,4
2011,2011-11-09,1515,11,3,15,3,N,A,Y,A,C,A,D,22,W,08,E,,,,,I,Y,N,D,1,0,0,0,22107.0,1,38.2500471,-122.06927949,3
2011,2011-11-09,1745,11,3,17,3,N,A,N,A,H,D,D,22,E,03,C,,,,,C,Y,N,D,1,0,0,0,22350.0,2,38.48927547,-121.85175098,3
2011,2011-11-10,835,11,3,8,4,N,A,Y,A,H,A,D,22,W,07,E,,,,,I,Y,N,D,1,0,0,0,21658.0,2,38.3450428,-122.00087516,4
2011,2011-11-10,1041,11,3,10,4,Y,A,Y,A,H,A,D,22,,08,D,,,,,D,Y,N,A,1,0,0,0,22107.0,2,38.16083507,-121.6872131,3
2011,2011-11-01,1420,11,3,14,2,N,A,N,A,H,A,A,01,W,08,A,,,,,C,Y,N,D,2,0,0,0,22107.0,2,38.09176962,-122.21706926,4
2011,2011-11-03,1435,11,3,14,4,N,B,N,A,H,A,A,01,W,03,E,,,,,I,Y,N,D,3,0,0,0,22350.0,1,38.3759,-122.02544,3
2011,2011-11-01,1320,11,3,13,2,N,A,Y,A,H,A,A,01,S,08,E,,,,,I,N,N,D,1,0,0,0,22107.0,1,38.38927507,-121.95074316,4
2011,2011-11-02,1725,11,3,17,3,N,A,Y,A,H,A,A,01,E,04,C,,,,,C,Y,N,D,1,0,0,0,21703.0,2,38.21676744,-122.13751699,4
2011,2011-11-02,1810,11,3,18,3,N,A,Y,A,H,C,A,01,W,08,E,,,,,I,Y,N,D,1,0,0,0,22107.0,1,38.25694991,-122.06376531,4
2011,2011-10-10,1447,10,3,14,1,Y,A,N,A,H,A,-,- ,,03,C,,,,,C,Y,N,D,1,0,0,0,22350.0,2,38.12314,-122.24543,4
2011,2011-10-05,1541,10,3,15,3,Y,B,N,A,H,A,-,- ,,12,D,,,,,C,Y,N,A,1,0,0,0,21453.0,2,38.10077,-122.23112,4
2011,2011-10-07,719,10,3,7,5,N,A,N,A,H,A,-,- ,N,08,C,,,,,E,Y,N,D,1,0,0,0,22107.0,2,38.12023069,-122.2247725,4
2011,2011-10-26,1734,10,3,17,3,Y,A,N,A,H,A,-,- ,,09,F,,,,,-,N,M,D,1,0,0,0,21801.0,2,38.13033,-122.24025,4
2011,2011-10-26,1736,10,3,17,3,N,A,N,A,H,A,-,- ,N,06,B,,Y,,,G,N,N,D,1,0,1,0,21750.0,2,38.12241,-122.23788,3
2011,2011-10-31,1958,10,3,19,1,N,A,N,A,H,A,-,- ,W,09,B,,,,,C,N,N,A,1,0,0,0,21801.0,2,38.09428735,-122.22797092,4
2011,2011-10-29,2025,10,3,20,6,N,A,Y,A,H,C,A,07,W,03,C,,,,,C,N,N,D,1,0,0,0,22350.0,2,38.34565647,-121.99856221,4
2011,2011-11-06,1244,11,3,12,7,N,A,Y,A,H,A,A,01,W,08,E,,,,,I,Y,N,D,1,0,0,0,22107.0,1,38.19436199,-122.16588682,3
2011,2011-11-04,545,11,3,5,5,N,A,Y,A,H,D,A,01,E,08,F,,,,,A,Y,N,D,1,0,0,0,22107.0,1,38.14814377,-122.21691513,3
2011,2011-11-04,700,11,3,7,5,N,A,Y,A,H,B,A,01,W,08,E,,,,,I,Y,N,D,1,0,0,0,22107.0,1,38.34375063,-122.00419829,4
2011,2011-11-08,720,11,3,7,2,N,A,Y,A,H,A,A,01,W,08,B,,,,,C,Y,N,D,1,0,0,0,22107.0,2,38.2285857,-121.97232525,4
2011,2011-11-20,1150,11,3,11,7,N,B,Y,B,H,A,A,01,W,03,C,,,,,C,Y,N,D,1,0,0,0,22350.0,2,38.09103418,-122.22914221,4
2011,2011-10-26,1436,10,3,14,3,Y,A,N,A,C,A,J,43,,09,D,,,,,C,Y,N,A,1,0,0,0,21801.0,2,38.2723,-121.96968,4