ACCIDENT_YEAR,COLLISION_DATE,COLLISION_TIME,MONTH,SEASON,24HOURS,DAY_OF_WEEK,INTERSECTION,WEATHER_1,STATE_HWY_IND,ROAD_SURFACE,ROAD_COND_1,LIGHTING,STWD_VEHTYPE_AT_FAULT,CHP_VEHTYPE_AT_FAULT,DIRECTION,PCF_VIOL_CATEGORY,TYPE_OF_COLLISION,PEDESTRIAN_ACCIDENT,BICYCLE_ACCIDENT,MOTORCYCLE_ACCIDENT,TRUCK_ACCIDENT,MVIW,TOW_AWAY,HIT_AND_RUN,CONTROL_DEVICE,NUMBER_INJURED,COUNT_PED_INJURED,COUNT_BICYCLIST_INJURED,COUNT_MC_INJURED,PCF_VIOLATION,PARTY_COUNT,POINT_Y,POINT_X,COLLISION_SEVERITY
2012,2012-07-04,1948,7,2,19,3,N,A,N,A,H,A,-,- ,N,18,H,,,,,A,N,N,D,0,0,0,0,,1,38.19542967,-121.71416032,1
2012,2012-06-16,2226,6,2,22,6,N,-,N,A,H,C,-,- ,W,18,G,Y,,,,B,Y,N,D,0,0,0,0,,2,38.14815492,-122.26357316,1
2012,2012-11-12,1226,11,3,12,1,N,A,Y,A,H,A,A,01,E,08,E,,,,,I,Y,N,D,0,0,0,0,22107.0,1,38.3483592,-121.99164663,1
2012,2012-11-24,1739,11,3,17,6,Y,A,Y,A,H,B,-,- ,,10,G,Y,,,,B,Y,N,D,0,0,0,0,21950.0,2,38.08620993,-122.24209821,1
2013,2013-01-12,1754,1,4,17,6,N,A,N,A,H,C,N,60,N,11,G,Y,,,,B,N,N,A,0,0,0,0,21954.0,2,38.2620347,-122.0342432,1
2012,2012-11-16,1719,11,3,17,5,Y,C,N,B,H,C,A,01,,03,G,Y,,,,B,N,F,A,0,0,0,0,22350.0,2,38.10198497,-122.24831308,1
2012,2012-12-15,212,12,4,2,6,N,A,Y,A,H,C,A,01,W,01,E,,,,,I,N,N,D,1,0,0,0,23153.0,1,38.2444502,-122.03130358,1
2013,2013-01-10,640,1,4,6,4,N,A,Y,A,H,D,D,22,E,07,B,,,,Y,C,Y,N,D,1,0,0,0,21658.0,2,38.1413933,-122.2543277,1
2012,2012-12-04,2355,12,4,23,2,N,B,N,B,H,D,D,22,N,03,G,Y,,,,B,Y,N,D,0,0,0,0,22350.0,2,38.30690204,-121.97095335,1
2012,2012-12-07,1820,12,4,18,5,N,A,Y,A,H,C,A,01,W,07,D,,,,,C,Y,N,D,2,0,0,0,21658.0,3,38.3450428,-122.00087516,1
2013,2013-02-14,1227,2,4,12,4,Y,A,N,A,H,A,G,25,,09,D,,,Y,Y,C,Y,N,D,0,0,0,0,21801.0,2,38.336985,-121.9532931,1
2013,2013-01-21,822,1,4,8,1,N,A,Y,A,H,A,A,01,W,08,E,,,,,I,Y,N,D,1,0,0,0,22107.0,1,38.3573408,-121.9754974,1
2012,2012-05-21,50,5,1,0,1,N,A,Y,A,H,C,A,01,E,01,-,,,,Y,-,Y,N,D,1,0,0,0,23152.0,2,38.14417726,-122.2170291,3
2012,2012-05-18,905,5,1,9,5,N,A,Y,A,H,A,D,22,E,01,E,,,,,I,Y,N,D,1,0,0,0,23152.0,1,38.26301353,-122.05865083,4
2012,2012-05-27,1042,5,1,10,7,N,A,Y,A,H,A,A,01,E,03,C,,,,,C,Y,N,D,1,0,0,0,22350.0,3,38.44862976,-121.85522994,4
2012,2012-05-28,1400,5,1,14,1,N,A,Y,A,H,A,A,01,W,03,C,,,,,C,N,N,D,2,0,0,0,22350.0,2,38.36755974,-121.96025978,4
2012,2012-05-29,1815,5,1,18,2,N,A,N,A,H,A,A,01,W,08,E,,,,,I,Y,N,D,1,0,0,0,22107.0,2,38.35893504,-121.90775248,4
2012,2012-05-30,645,5,1,6,3,N,B,Y,A,H,A,A,01,E,08,E,,,,,I,Y,N,D,1,0,0,0,22107.0,1,38.14127503,-122.22993052,3
2012,2012-05-21,2015,5,1,20,1,N,A,N,A,H,D,A,01,N,03,E,,,,,I,Y,N,D,1,0,0,0,22350.0,1,38.42496884,-121.94340742,3
2012,2012-05-24,1555,5,1,15,4,N,A,Y,A,H,A,A,01,W,03,C,,,,,C,Y,N,D,2,0,0,0,22350.0,2,38.25643711,-122.06422326,3
2012,2012-05-21,810,5,1,8,1,N,A,Y,A,H,A,A,01,E,03,C,,,,,C,Y,N,D,1,0,0,0,22350.0,2,38.20883615,-122.19837094,4
2012,2012-05-24,1735,5,1,17,4,N,A,Y,A,H,A,A,01,W,03,C,,,,,C,Y,N,D,1,0,0,0,22350.0,3,38.25635743,-122.06389607,4
2012,2012-05-20,1615,5,1,16,7,N,A,N,A,H,A,A,01,N,08,E,,,,,I,Y,N,D,1,0,0,0,22107.0,1,,,3
2012,2012-05-21,1720,5,1,17,1,N,A,Y,A,H,A,A,01,W,04,E,,,,,I,Y,N,D,2,0,0,0,21703.0,1,38.11964893,-122.23048654,4
2012,2012-05-28,1310,5,1,13,1,N,A,Y,A,H,A,A,01,W,03,C,,,,,C,Y,N,D,4,0,0,0,22350.0,2,38.36567507,-121.96270316,3
2012,2012-05-25,655,5,1,6,5,N,A,Y,A,A,A,C,02,S,03,E,,,Y,,J,Y,N,D,1,0,0,1,22350.0,1,38.39478718,-121.94974929,3
2012,2012-05-24,1735,5,1,17,4,N,A,Y,A,H,A,C,02,W,03,H,,,Y,,A,Y,N,D,1,0,0,1,22350.0,1,38.3585945,-121.97373258,4
2012,2012-05-11,715,5,1,7,5,Y,A,N,A,H,A,L,04,,12,D,,Y,,,G,N,N,A,2,0,1,0,21453.0,4,38.35301493,-121.9700932,3
2012,2012-05-22,1519,5,1,15,2,Y,A,N,A,H,A,A,01,,04,C,,,,,C,Y,N,A,1,0,0,0,21703.0,3,38.25825499,-122.03918319,4
2012,2012-05-23,2009,5,1,20,3,N,A,N,-,H,A,C,03,,03,E,,,Y,,I,N,N,A,1,0,0,1,22350.0,1,38.27625495,-122.02496313,4
2012,2012-05-25,1112,5,1,11,5,Y,A,N,A,H,A,A,01,,12,B,,,,,C,Y,N,A,1,0,0,0,21453.0,2,38.27304498,-122.03416308,4
2012,2012-05-24,1357,5,1,13,4,N,A,N,A,H,A,A,01,E,08,B,,,,,C,N,N,D,2,0,0,0,22107.0,2,38.25824911,-122.03646956,4
2012,2012-05-31,2154,5,1,21,4,N,A,N,A,H,C,D,72,S,09,D,,,,,C,Y,N,A,2,0,0,0,21801.0,2,38.19508878,-122.13982887,4
2012,2012-05-23,1128,5,1,11,3,N,A,N,A,H,A,-,- ,N,01,A,,,,,C,Y,N,D,2,0,0,0,23152.0,2,38.32659068,-121.97050321,3
2012,2012-06-03,1420,6,2,14,7,N,A,N,A,H,A,L,04,W,06,B,,Y,,,C,N,M,D,1,0,1,0,21755.0,2,38.49530882,-121.73477137,3
2012,2012-06-03,105,6,2,1,7,N,A,Y,A,H,C,A,01,E,08,E,,,,,I,Y,N,D,1,0,0,0,22107.0,1,38.14187395,-122.25338906,3
2012,2012-06-01,2200,6,2,22,5,N,A,N,A,H,D,L,04,E,01,H,,Y,,,G,N,F,D,1,0,1,0,21200.0,2,38.29020308,-121.95979003,2
2012,2012-06-01,1720,6,2,17,5,Y,A,N,A,H,A,A,07,,09,D,,,,,C,Y,N,D,1,0,0,0,21804.0,2,38.41118495,-121.99099313,4
2012,2012-06-01,1300,6,2,13,5,N,A,Y,A,H,A,A,07,W,07,B,,,,,C,N,M,D,1,0,0,0,21658.0,2,38.34877506,-121.9912328,4
2012,2012-04-01,1427,4,1,14,7,Y,A,N,A,H,A,A,01,,09,D,,,,,C,Y,F,A,1,0,0,0,21802.0,2,38.09374491,-122.13484308,4
2012,2012-05-19,703,5,1,7,6,N,A,N,A,H,A,-,- ,E,09,D,,,,,C,Y,N,D,1,0,0,0,21801.0,2,38.33550885,-121.98351681,4
2012,2012-05-21,1404,5,1,14,1,Y,A,Y,A,H,A,-,- ,,12,D,,,,,C,N,N,A,2,0,0,0,21453.0,2,38.14406012,-122.25533918,4
2012,2012-05-21,1824,5,1,18,1,N,A,N,A,H,A,-,- ,E,09,D,,,,,C,Y,N,D,1,0,0,0,21801.0,2,38.12233498,-122.25155784,4
2012,2012-05-01,2316,5,1,23,2,N,A,Y,A,H,C,-,- ,N,01,B,,,,,E,N,N,D,1,0,0,0,23152.0,2,38.08375125,-122.23976848,4
2012,2012-05-03,1812,5,1,18,4,Y,B,N,A,H,B,A,,,08,A,,,,,C,Y,N,D,2,0,0,0,22107.0,2,38.08874487,-122.24185316,4
2012,2012-05-03,1546,5,1,15,4,Y,B,N,A,H,A,-,- ,,10,G,Y,,,,B,N,N,A,1,1,0,0,21950.0,2,38.128131,-122.249232,4
2012,2012-05-12,519,5,1,5,6,N,B,N,A,H,C,A,,N,08,E,,,,,I,Y,N,D,1,0,0,0,22107.0,1,38.12651667,-122.19156325,3
2012,2012-05-12,2125,5,1,21,6,N,A,N,A,H,B,-,- ,S,00,C,,,,,C,N,N,D,1,0,0,0,,2,38.14545804,-122.25530253,4
2012,2012-05-18,1144,5,1,11,5,Y,A,N,A,H,A,-,- ,,12,D,,,,,C,N,N,A,1,0,0,0,21453.0,2,38.12299494,-122.25539311,4
2012,2012-05-15,2042,5,1,20,2,N,A,N,A,H,C,-,- ,N,05,E,,,,,C,Y,N,D,1,0,0,0,21650.0,1,38.11033006,-122.20301182,4
2012,2012-05-04,1945,5,1,19,5,Y,A,N,A,H,A,-,- ,,12,D,,,,,C,Y,N,A,2,0,0,0,21453.0,2,38.1231449,-122.2454432,4
2012,2012-05-14,1143,5,1,11,1,Y,B,Y,A,H,A,-,- ,,08,B,,,,,C,Y,N,D,3,0,0,0,22107.0,2,38.09040402,-122.24590635,4
2012,2012-05-12,2324,5,1,23,6,N,A,N,-,H,C,A,,W,01,E,,,,,I,Y,M,D,1,0,0,0,23152.0,1,38.06542436,-122.20129137,3
2012,2012-05-14,1530,5,1,15,1,N,A,N,A,H,A,-,- ,E,03,C,,,,,C,Y,M,D,3,0,0,0,22350.0,5,38.12923871,-122.23861692,3
2012,2012-05-24,1730,5,1,17,4,N,A,N,A,H,A,-,- ,N,08,H,,,,,D,Y,N,D,1,0,0,0,22107.0,2,38.10132083,-122.22849369,4
2012,2012-06-11,2000,6,2,20,1,N,A,N,A,H,A,D,22,N,09,D,,,,,C,Y,N,D,1,0,0,0,21804.0,2,38.35977809,-121.98014162,4
2012,2012-06-05,1533,6,2,15,2,N,A,N,A,H,A,-,- ,W,03,C,,,,,C,Y,N,D,1,0,0,0,22350.0,3,38.36197227,-121.97156039,4
2012,2012-05-20,1425,5,1,14,7,N,A,Y,A,H,A,A,01,E,03,C,,,,,C,Y,N,D,2,0,0,0,22350.0,2,38.3795122,-121.94564963,3
2012,2012-05-18,1459,5,1,14,5,Y,A,N,A,H,A,J,43,,12,D,,,,,C,N,N,A,1,0,0,0,22450.0,2,38.15839501,-121.69399308,4
2012,2012-05-25,1608,5,1,16,5,Y,A,N,A,H,A,A,01,E,03,C,,,,,C,Y,N,D,4,0,0,0,22350.0,2,,,4
2012,2012-05-29,1532,5,1,15,2,Y,A,N,-,H,A,A,01,E,12,A,,,,,C,Y,N,A,2,0,0,0,21453.0,2,38.19855163,-122.14857817,4
2012,2012-06-10,1325,6,2,13,7,N,A,Y,A,H,A,D,22,W,17,E,,,,,J,N,N,D,1,0,0,0,23114.0,2,38.23492472,-122.10413916,3
2012,2012-06-09,2235,6,2,22,6,N,A,N,A,H,D,D,22,N,05,B,,,,,C,N,M,D,1,0,0,0,21460.0,2,38.29077167,-122.10029036,4
2012,2012-03-17,2000,3,1,20,6,Y,C,N,B,H,B,A,01,,12,D,,,,,C,N,N,A,3,0,0,0,22450.0,2,38.12241492,-122.23789317,4
2012,2012-04-02,2202,4,1,22,1,N,A,Y,A,H,C,N,60,N,11,G,Y,,,,B,N,F,D,1,1,0,0,21954.0,2,38.13778503,-122.25606318,2
2012,2012-05-26,1245,5,1,12,6,N,A,N,A,H,A,N,60,E,- ,G,Y,,,,B,N,N,D,1,1,0,0,,2,38.08045636,-122.21986836,3
2012,2012-05-27,1020,5,1,10,7,N,B,Y,A,H,A,C,02,,04,F,,,Y,,A,Y,N,D,2,0,0,2,21703.0,1,38.13265937,-122.22407362,4
2012,2012-05-27,2039,5,1,20,7,N,A,Y,A,H,E,A,01,W,08,F,,,,,I,Y,N,D,2,0,0,0,22107.0,2,38.12091239,-122.2302766,3
2012,2012-05-24,750,5,1,7,4,Y,A,N,A,H,A,A,01,,09,D,,,,,C,Y,N,A,3,0,0,0,21802.0,3,38.09682487,-122.23190313,4
2012,2012-06-06,1819,6,2,18,3,N,A,N,A,H,A,-,- ,N,03,C,,,,,C,N,N,A,1,0,0,0,22350.0,2,38.12780723,-122.25155474,4
2012,2012-05-12,1955,5,1,19,6,Y,A,N,A,H,A,-,- ,,05,A,,Y,,,G,N,N,A,1,0,1,0,21651.0,2,38.13364491,-122.23936317,4
2012,2012-05-14,1133,5,1,11,1,N,A,N,A,H,A,-,- ,N,07,D,,,,,C,Y,N,A,2,0,0,0,21658.0,2,38.1240097,-122.22796516,4
2012,2012-05-29,1345,5,1,13,2,Y,A,N,A,H,A,-,- ,,12,D,,,,,C,N,N,A,2,0,0,0,21453.0,2,38.12181491,-122.20792314,3
2012,2012-05-14,1520,5,1,15,1,Y,A,N,A,H,A,-,- ,,03,C,,,,,C,Y,N,D,1,0,0,0,22350.0,3,38.12775493,-122.25153308,4
2012,2012-06-01,1135,6,2,11,5,Y,A,N,A,H,A,-,- ,,09,D,,,,,C,Y,N,A,1,0,0,0,21801.0,2,38.1119149,-122.22921313,4
2012,2012-06-05,1610,6,2,16,2,Y,A,N,A,H,A,A,,,09,D,,,Y,,C,N,N,A,2,0,0,1,21453.0,2,38.12302488,-122.23104319,3
2012,2012-06-07,1636,6,2,16,4,-,A,N,A,H,A,-,- ,,08,H,,Y,,,G,N,F,A,1,0,1,0,22107.0,2,38.12357493,-122.22788311,4
2012,2012-06-05,1311,6,2,13,2,N,A,N,A,H,A,A,,E,08,B,,,,,I,N,N,D,2,0,0,0,22107.0,1,38.08515561,-122.23118196,3
2012,2012-06-05,1047,6,2,10,2,N,A,N,A,H,B,-,,N,08,-,,,,,C,N,N,-,1,0,0,0,22102.0,2,38.11989687,-122.25183203,4
2012,2012-06-23,1556,6,2,15,6,Y,A,N,A,H,A,A,01,,12,D,,,,,C,Y,N,A,1,0,0,0,22450.0,2,38.37432496,-121.95076319,4
2012,2012-06-11,2113,6,2,21,1,N,A,N,A,H,D,A,01,N,08,E,,,,,I,Y,N,D,2,0,0,0,22107.0,1,38.40639252,-122.00767636,3
2012,2012-06-10,2245,6,2,22,7,N,A,Y,A,H,D,-,99,S,07,E,,,,,I,Y,M,D,1,0,0,0,21658.0,2,38.17303522,-122.12845276,3
2012,2012-06-11,1205,6,2,12,1,N,A,Y,A,H,A,A,07,W,08,F,,,,,A,Y,N,A,2,0,0,0,22107.0,1,38.21449245,-122.14125019,3
2012,2012-06-11,500,6,2,5,1,N,A,Y,A,H,B,-,- ,W,18,E,,,,,I,Y,N,D,1,0,0,0,,1,38.08631815,-122.21353477,4
2012,2012-06-05,1725,6,2,17,2,N,A,Y,A,H,A,A,07,E,08,E,,,,,I,Y,N,D,1,0,0,0,22107.0,1,38.53090154,-121.74911384,2
2012,2012-06-19,929,6,2,9,2,N,A,N,A,H,A,A,01,S,08,C,,,,,E,Y,N,D,5,0,0,0,22107.0,2,38.28543755,-122.01721415,3
2012,2012-05-31,1704,5,1,17,4,N,A,N,A,H,A,A,07,S,09,D,,,Y,,C,Y,N,D,1,0,0,1,21804.0,2,38.08316529,-122.10965398,3
2012,2012-05-25,2059,5,1,20,5,N,A,N,A,H,C,-,- ,W,17,B,Y,,,,E,N,M,D,1,1,0,0,22517.0,3,38.05417249,-122.16115203,4
2012,2012-06-28,815,6,2,8,4,N,A,N,A,H,A,-,- ,E,21,C,,,,,C,N,N,A,1,0,0,0,22106.0,2,38.35504502,-121.98146764,4
2012,2012-06-27,1711,6,2,17,3,N,A,N,A,H,A,-,- ,S,03,C,,,,,C,Y,N,D,1,0,0,0,22350.0,2,38.35900234,-122.00478634,4
2012,2012-06-03,1051,6,2,10,7,-,A,N,A,H,A,-,- ,,08,E,,,,,I,Y,N,D,1,0,0,0,22107.0,1,38.37219374,-121.97503299,4
2012,2012-06-21,1434,6,2,14,4,N,A,N,A,H,A,-,- ,S,21,C,,,,,C,N,N,A,1,0,0,0,22106.0,2,38.34746677,-121.99775415,4
2012,2012-06-22,1315,6,2,13,5,N,A,Y,A,H,A,-,- ,S,09,A,,,,,C,Y,N,D,1,0,0,0,21801.0,2,38.09822503,-122.22991317,2
2012,2012-06-25,812,6,2,8,1,Y,A,N,A,H,A,C,,,12,D,,,Y,,C,Y,N,A,1,0,0,1,22450.0,2,38.1061349,-122.23319315,2
2012,2012-06-30,748,6,2,7,6,Y,A,N,A,H,A,-,- ,,10,G,Y,,,,B,N,N,A,1,1,0,0,21950.0,2,38.36246496,-121.97031321,4
2012,2012-06-30,620,6,2,6,6,Y,A,Y,A,H,A,A,,,12,D,,,,,C,Y,N,A,1,0,0,0,21453.0,2,38.35603507,-121.97657316,4
2012,2012-06-18,1715,6,2,17,1,N,A,N,A,H,A,A,01,W,21,B,,,,,C,N,N,A,1,0,0,0,22106.0,2,38.25818639,-122.04829404,4
2012,2012-06-28,1906,6,2,19,4,N,A,N,A,H,A,A,01,N,21,G,Y,,,,B,N,N,D,1,1,0,0,22106.0,2,38.26030848,-122.03625542,4
2012,2012-06-27,1624,6,2,16,3,N,A,N,A,H,A,A,07,N,03,C,,,,,C,Y,N,A,2,0,0,0,22350.0,2,38.27963496,-121.96969317,3
2012,2012-06-18,1512,6,2,15,1,N,A,N,A,H,A,A,01,N,- ,E,,,,,I,N,N,D,1,0,0,0,,1,38.24366939,-122.06645322,4
2012,2012-06-06,1834,6,2,18,3,N,A,N,A,H,A,A,01,W,03,G,Y,,,,B,N,N,D,1,1,0,0,22350.0,2,38.24230501,-122.0671595,3
2012,2012-05-22,1421,5,1,14,2,N,A,N,A,H,A,A,01,W,08,E,,,,,I,Y,N,A,1,0,0,0,22107.0,1,38.27275243,-122.01184534,2
2012,2012-07-04,649,7,2,6,3,N,A,N,A,H,A,A,07,W,05,B,,,,,C,N,N,D,2,0,0,0,21650.0,2,38.29162076,-122.01122582,3
2012,2012-07-03,1144,7,2,11,2,N,A,N,A,H,A,A,01,W,03,C,,,,,C,N,N,A,1,0,0,0,22350.0,2,38.25825332,-122.0406548,4
2012,2012-07-01,1000,7,2,10,7,Y,A,N,A,H,A,A,01,,09,D,,,,,C,Y,N,A,1,0,0,0,21802.0,2,38.27821496,-122.02918315,3
2012,2012-06-14,630,6,2,6,4,N,A,Y,A,H,A,D,22,E,03,C,,,,,C,Y,N,D,1,0,0,0,22350.0,2,38.14230945,-122.25116887,4
2012,2012-06-14,1245,6,2,12,4,N,A,Y,A,H,A,A,07,N,03,C,,,,,C,Y,N,D,3,0,0,0,22350.0,3,38.07087629,-122.1257885,4
2012,2012-06-07,741,6,2,7,4,Y,A,N,A,H,A,A,01,,- ,A,,,,,C,N,N,A,3,0,0,0,,3,38.2732649,-122.05253317,4
2012,2012-06-10,341,6,2,3,7,N,A,N,A,H,C,A,01,S,01,B,,,,,E,Y,N,D,2,0,0,0,23152.0,3,38.26814276,-122.06613658,4
2012,2012-06-12,708,6,2,7,2,N,A,N,A,H,A,D,72,E,03,C,,,,,C,N,N,D,1,0,0,0,22350.0,2,38.27171164,-121.98780362,4
2012,2012-06-08,1553,6,2,15,5,Y,A,N,A,H,A,A,01,,12,D,,,,,C,Y,N,A,1,0,0,0,21453.0,3,38.348919,-121.976019,4
2012,2012-06-12,1304,6,2,13,2,Y,A,N,A,H,A,D,22,,12,D,,,,,C,Y,N,A,1,0,0,0,21453.0,2,38.33685491,-121.93393313,4
2012,2012-09-18,2151,9,3,21,2,N,A,N,A,H,C,A,01,N,01,D,,,Y,,C,Y,M,D,1,0,0,1,23152.0,4,38.34257327,-121.96523603,3
2012,2012-06-15,1340,6,2,13,5,Y,A,N,A,H,A,A,01,,09,D,,,,,C,N,N,D,1,0,0,0,21802.0,2,38.36575502,-121.9778831,4
2012,2012-04-19,1909,4,1,19,4,Y,A,Y,A,H,A,E,,,03,C,,,,,C,Y,N,A,1,0,0,0,22350.0,3,38.09274349,-122.24859416,4
2012,2012-04-21,122,4,1,1,6,N,A,N,A,H,C,-,- ,N,01,A,,,,,C,Y,N,D,1,0,0,0,23153.0,2,38.1439735,-122.24882371,3
2012,2012-04-19,1653,4,1,16,4,N,A,N,A,H,A,-,- ,W,13,G,Y,,,,B,N,N,D,1,1,0,0,22515.0,2,38.10956471,-122.26020098,4
2012,2012-04-13,601,4,1,6,5,Y,B,Y,B,H,B,-,- ,,12,D,,,,,D,Y,N,A,1,0,0,0,21453.0,2,38.15379503,-122.25375318,4
2012,2012-04-13,601,4,1,6,5,Y,B,Y,B,H,A,A,,,03,C,,,,,C,Y,N,A,2,0,0,0,22350.0,3,38.15390236,-122.25372635,4
2012,2012-06-06,1530,6,2,15,3,Y,A,N,A,H,A,A,01,,03,C,,,,,C,N,N,D,1,0,0,0,22350.0,2,38.26500499,-122.00472312,4
2012,2012-06-07,1521,6,2,15,4,N,A,N,A,H,A,A,01,W,03,C,,,,,C,Y,N,D,3,0,0,0,22350.0,2,38.25818743,-122.02434266,4
2012,2012-06-02,1505,6,2,15,6,N,A,N,A,H,A,A,01,S,05,H,,Y,,,G,N,N,D,1,0,1,0,21650.0,2,38.27966909,-122.05394491,3
2012,2012-06-05,1557,6,2,15,2,N,A,N,A,H,A,A,01,W,03,C,,,,,C,Y,N,A,2,0,0,0,22350.0,3,38.25823472,-122.0439576,2
2012,2012-06-13,1306,6,2,13,3,N,A,N,A,H,A,A,01,E,09,D,,Y,,,G,N,N,D,1,0,1,0,21804.0,2,38.33533913,-121.95634927,4
2012,2012-06-12,1809,6,2,18,2,N,A,Y,A,H,A,A,01,N,21,C,,,,,C,N,N,A,1,0,0,0,22106.0,2,38.35790269,-121.97491401,4
2012,2012-06-01,1808,6,2,18,5,N,A,N,A,H,A,A,01,E,03,C,,,,,C,Y,N,D,3,0,0,0,22350.0,3,38.25825501,-122.03900904,3
2012,2012-06-04,1128,6,2,11,1,N,C,N,B,H,A,A,07,E,03,E,,,,,I,Y,N,A,1,0,0,0,22350.0,1,38.27300801,-122.03345417,4
2012,2012-06-08,2122,6,2,21,5,N,A,N,A,H,C,A,07,E,12,D,,,,,C,Y,N,A,2,0,0,0,21453.0,2,38.27330408,-122.05241044,4
2012,2012-05-22,1220,5,1,12,2,Y,A,N,A,H,A,A,01,,12,D,,,,,C,Y,N,A,1,0,0,0,21453.0,3,38.26533492,-122.0199231,3
2012,2012-05-20,1308,5,1,13,7,N,A,N,A,-,A,A,01,S,03,B,,,,,E,Y,N,D,1,0,0,0,22350.0,3,38.26263151,-122.01161253,4
2012,2012-04-07,1352,4,1,13,6,N,A,Y,A,H,A,-,- ,N,03,C,,,,,C,N,N,D,1,0,0,0,22350.0,3,38.14896398,-122.25473031,4
2012,2012-05-31,115,5,1,1,4,N,A,N,A,H,C,A,01,N,01,C,,,,,E,Y,N,D,1,0,0,0,23152.0,2,38.18905719,-122.14261706,3
2012,2012-06-09,1955,6,2,19,6,N,A,Y,A,H,A,A,01,W,07,C,,,,,C,N,N,D,5,0,0,0,21658.0,2,38.14122503,-122.23277569,4
2012,2012-06-08,1640,6,2,16,5,N,A,Y,A,H,A,A,08,E,03,C,,,,,C,N,N,D,1,0,0,0,22350.0,3,38.24442339,-122.08174642,4
2012,2012-06-08,550,6,2,5,5,N,A,Y,A,H,A,-,- ,E,07,B,,,,,C,N,N,D,1,0,0,0,21658.0,2,38.23218777,-122.11035415,4
2012,2012-06-04,1744,6,2,17,1,N,A,N,A,H,A,L,04,S,09,H,,Y,,,G,N,N,D,1,0,1,0,21804.0,2,38.28046457,-121.96798772,4
2012,2012-06-02,20,6,2,0,6,N,A,Y,A,H,C,-,- ,E,01,E,,,,,I,Y,N,D,1,0,0,0,23152.0,1,38.3570178,-121.97583343,2
2012,2012-06-08,605,6,2,6,5,N,A,Y,A,H,B,A,01,S,08,F,,,,,I,Y,N,D,1,0,0,0,22107.0,1,38.19773377,-121.80611625,4
2012,2012-06-06,1845,6,2,18,3,N,A,N,A,H,A,C,02,N,08,F,,,Y,,A,Y,N,D,1,0,0,1,22107.0,1,38.43888553,-121.97055015,4
2012,2012-06-05,650,6,2,6,2,N,A,Y,A,H,A,A,08,E,03,C,,,,,C,Y,N,D,2,0,0,0,22350.0,3,38.25138498,-122.06845138,4
2012,2012-06-05,955,6,2,9,2,N,A,N,A,H,A,A,01,N,03,E,,,,,I,N,N,D,1,0,0,0,22350.0,1,38.49978569,-121.92388957,4
2012,2012-06-05,1725,6,2,17,2,N,A,Y,A,H,A,A,01,E,03,C,,,,,C,Y,N,D,1,0,0,0,22350.0,3,38.23983523,-122.07987894,4
2012,2012-05-30,1815,5,1,18,3,Y,A,N,A,H,A,A,01,,03,C,,,,,C,N,N,D,1,0,0,0,22350.0,2,38.25822492,-122.03021312,4
2012,2012-06-07,945,6,2,9,4,Y,A,Y,A,H,A,-,- ,,12,A,,,,,C,Y,N,A,1,0,0,0,21453.0,2,38.1228919,-122.25538318,4
2012,2012-06-02,1650,6,2,16,6,Y,A,N,A,H,A,-,- ,,21,C,,,,,C,N,N,A,1,0,0,0,22106.0,2,38.08901496,-122.20853308,4
2012,2012-06-14,1311,6,2,13,4,Y,A,Y,A,H,A,L,04,,11,G,,Y,,,G,N,N,A,1,0,1,0,21456.0,2,38.14784344,-122.25490888,4
2012,2012-06-08,1317,6,2,13,5,N,A,Y,A,H,A,A,08,W,03,C,,,,,C,Y,M,D,1,0,0,0,22350.0,5,38.29013452,-122.03532234,4
2012,2012-06-12,1420,6,2,14,2,N,A,Y,A,H,A,A,01,W,08,D,,,,,C,Y,N,D,1,0,0,0,22107.0,3,38.35829869,-121.97447508,3
2012,2012-06-22,215,6,2,2,5,N,A,Y,A,H,D,A,01,E,08,B,,,,Y,C,Y,N,D,1,0,0,0,22107.0,2,38.41738107,-121.89573774,4
2012,2012-06-22,1140,6,2,11,5,N,B,Y,A,H,A,G,25,N,08,E,,,,Y,I,Y,N,D,1,0,0,0,22107.0,1,38.08929201,-122.10918472,3
2012,2012-06-24,640,6,2,6,7,N,A,Y,A,H,A,A,01,E,04,C,,,,,C,Y,N,D,1,0,0,0,21703.0,2,38.14432177,-122.37041768,4
2012,2012-06-24,535,6,2,5,7,N,A,Y,A,H,A,A,01,W,01,C,,,,,C,Y,N,D,4,0,0,0,23152.0,2,38.51845455,-121.77144144,4
2012,2012-06-24,910,6,2,9,7,N,A,Y,A,H,A,A,01,N,08,E,,,,,I,Y,N,D,3,0,0,0,22107.0,1,38.11785393,-122.10629914,4
2012,2012-06-24,1845,6,2,18,7,N,A,Y,A,H,A,A,01,E,03,C,,,,,C,Y,N,D,1,0,0,0,22350.0,3,38.28249755,-122.04214646,4
2012,2012-06-23,910,6,2,9,6,N,A,Y,A,H,A,A,01,W,03,E,,,,,I,N,N,D,1,0,0,0,22350.0,1,38.34579472,-121.99819605,4
2012,2012-06-22,1415,6,2,14,5,N,A,Y,A,H,A,A,01,,03,C,,,,,C,Y,N,D,1,0,0,0,22350.0,2,38.05920107,-122.13039161,4
2012,2012-06-21,13,6,2,0,4,N,A,Y,A,H,D,A,01,E,01,E,,,,,I,Y,N,D,1,0,0,0,23152.0,1,38.1747172,-122.19319431,3
2012,2012-06-30,1420,6,2,14,6,N,A,Y,A,H,A,-,- ,E,07,B,,,,,C,Y,N,D,1,0,0,0,21658.0,2,38.36866269,-121.95917448,4
2012,2012-06-24,2135,6,2,21,7,N,A,Y,A,H,D,C,02,W,07,B,,,Y,,C,Y,N,D,2,0,0,2,21658.0,2,38.24776505,-122.07256317,3
2012,2012-06-28,1119,6,2,11,4,N,A,N,A,H,A,D,22,S,12,B,,,,,C,N,N,A,1,0,0,0,21453.0,2,38.35640955,-121.95317032,3