ACCIDENT_YEAR,COLLISION_DATE,COLLISION_TIME,MONTH,SEASON,24HOURS,DAY_OF_WEEK,INTERSECTION,WEATHER_1,STATE_HWY_IND,ROAD_SURFACE,ROAD_COND_1,LIGHTING,STWD_VEHTYPE_AT_FAULT,CHP_VEHTYPE_AT_FAULT,DIRECTION,PCF_VIOL_CATEGORY,TYPE_OF_COLLISION,PEDESTRIAN_ACCIDENT,BICYCLE_ACCIDENT,MOTORCYCLE_ACCIDENT,TRUCK_ACCIDENT,MVIW,TOW_AWAY,HIT_AND_RUN,CONTROL_DEVICE,NUMBER_INJURED,COUNT_PED_INJURED,COUNT_BICYCLIST_INJURED,COUNT_MC_INJURED,PCF_VIOLATION,PARTY_COUNT,POINT_Y,POINT_X,COLLISION_SEVERITY
2012,2012-06-15,1905,6,2,19,5,Y,A,Y,A,H,A,A,01,,12,D,,,,,C,Y,N,A,1,0,0,0,21453.0,2,38.29210506,-122.03423317,4
2012,2012-06-16,655,6,2,6,6,N,A,N,A,H,A,A,01,N,03,C,,,,,C,Y,N,D,1,0,0,0,22350.0,2,38.34258702,-121.97171266,4
2012,2012-06-15,1742,6,2,17,5,N,A,N,A,H,A,A,01,N,01,C,,,,,C,N,N,A,3,0,0,0,23153.0,3,38.25003854,-122.07028969,3
2012,2012-06-25,1811,6,2,18,1,N,A,N,A,H,A,A,01,S,09,D,,,,,C,N,N,D,2,0,0,0,21801.0,2,38.27678494,-122.03110315,4
2012,2012-06-21,1020,6,2,10,4,N,A,N,A,H,A,A,01,S,09,D,,,,,C,N,N,A,2,0,0,0,21801.0,2,38.26308694,-122.03423985,3
2012,2012-06-20,2500,6,2,25,3,N,A,Y,A,H,D,A,01,W,08,E,,,,,I,N,N,D,1,0,0,0,22107.0,1,38.24098423,-122.05233243,3
2012,2012-06-19,1155,6,2,11,2,N,A,N,A,G,A,A,01,S,03,C,,,,,C,N,F,D,1,0,0,0,22350.0,2,38.26656261,-122.04997247,4
2012,2012-06-19,2001,6,2,20,2,N,A,N,A,H,A,A,01,S,03,C,,,,,E,Y,F,D,1,0,0,0,22350.0,3,38.26186895,-122.03699688,4
2012,2012-06-16,2312,6,2,23,6,N,A,N,A,H,C,A,07,S,05,E,,,,,I,N,N,D,1,0,0,0,21650.0,1,38.30396063,-122.02841788,3
2012,2012-06-27,2020,6,2,20,3,N,A,N,A,H,A,D,22,S,01,F,,,,,I,Y,N,D,1,0,0,0,23152.0,1,38.29553252,-121.95345687,3
2012,2012-06-29,1545,6,2,15,5,N,A,Y,A,H,A,A,01,W,03,C,,,,,C,Y,N,D,1,0,0,0,22350.0,2,38.23252357,-122.10900295,4
2012,2012-06-30,950,6,2,9,6,N,A,Y,A,H,A,D,22,E,03,C,,,,,C,N,N,D,1,0,0,0,22350.0,2,38.41910015,-121.89380491,4
2012,2012-06-30,1705,6,2,17,6,N,A,Y,A,H,A,D,22,W,07,B,,,,,C,Y,N,D,1,0,0,0,21658.0,2,38.48674927,-121.80647544,3
2012,2012-06-25,905,6,2,9,1,Y,A,N,A,H,A,A,07,,09,D,,,,,C,Y,N,A,3,0,0,0,21802.0,2,38.19799492,-121.7506431,3
2012,2012-07-02,220,7,2,2,1,N,A,N,A,H,C,A,01,E,01,A,,,,,E,Y,N,D,1,0,0,0,23152.0,2,38.44476759,-121.82817757,3
2012,2012-06-24,124,6,2,1,7,N,A,N,A,H,C,C,02,E,01,F,,,Y,,I,Y,N,D,1,0,0,1,23152.0,1,38.35216764,-121.96427029,4
2012,2012-06-30,1939,6,2,19,6,Y,A,N,A,H,A,A,01,,- ,D,,,,,C,Y,N,A,2,0,0,0,,3,38.22698552,-122.12952733,2
2012,2012-07-08,1538,7,2,15,7,N,A,N,A,H,A,A,01,W,03,C,,,,,C,N,N,A,1,0,0,0,22350.0,2,38.34636571,-121.96881296,4
2012,2012-07-09,1033,7,2,10,1,N,A,N,A,H,A,L,04,S,05,-,,Y,,,G,N,N,A,1,0,1,0,21650.0,2,38.35164185,-121.95324377,3
2012,2012-06-23,2250,6,2,22,6,N,A,N,A,H,D,A,01,N,01,E,,,,,I,Y,N,D,1,0,0,0,23152.0,1,38.40397325,-122.00752884,3
2012,2012-06-25,1415,6,2,14,1,N,A,Y,A,H,A,A,01,W,07,B,,,,,C,Y,N,D,1,0,0,0,21658.0,2,38.19989825,-122.15934507,4
2012,2012-06-30,1722,6,2,17,6,N,A,Y,A,H,A,A,01,E,08,E,,,,,I,Y,N,D,1,0,0,0,22107.0,1,38.13039953,-122.22574752,4
2012,2012-06-30,1700,6,2,17,6,N,A,Y,-,A,A,C,02,E,03,F,,,Y,,A,Y,N,D,2,0,0,2,22350.0,1,38.20812283,-122.18453375,3
2012,2012-06-30,1110,6,2,11,6,N,A,Y,A,H,A,A,01,N,08,D,,,,,C,Y,N,D,1,0,0,0,22107.0,2,38.1977972,-122.13782958,4
2012,2012-06-27,1410,6,2,14,3,N,A,Y,A,H,A,A,08,W,03,C,,,,,C,Y,N,D,1,0,0,0,22350.0,2,38.09564503,-122.22998317,4
2012,2012-06-27,1725,6,2,17,3,N,A,Y,A,H,A,A,01,E,04,B,,,,,C,Y,N,D,1,0,0,0,21703.0,2,38.46048683,-121.84003239,4
2012,2012-06-27,1640,6,2,16,3,N,A,Y,A,H,A,C,02,W,03,E,,,Y,,J,Y,N,D,2,0,0,2,22350.0,2,38.21424192,-122.14118061,3
2012,2012-06-10,2129,6,2,21,7,N,A,N,A,H,C,A,01,W,01,B,,,,,C,Y,N,D,1,0,0,0,23152.0,2,38.35390725,-121.97070122,4
2012,2012-07-01,2200,7,2,22,7,N,A,Y,A,H,C,A,01,W,07,B,,,,,C,N,N,D,2,0,0,0,21658.0,2,38.34468854,-122.00105297,4
2012,2012-06-29,1102,6,2,11,5,N,A,N,A,H,A,A,,S,08,F,,,,,E,Y,N,D,1,0,0,0,22107.0,2,38.09105118,-122.22308924,4
2012,2012-06-29,1012,6,2,10,5,Y,A,N,A,H,A,A,,,12,D,,,,,C,Y,N,A,1,0,0,0,21453.0,2,38.11978488,-122.24884323,4
2012,2012-06-30,203,6,2,2,6,N,A,N,A,H,C,A,,E,01,E,,,,,I,Y,N,D,1,0,0,0,23152.0,1,38.12239748,-122.23778065,3
2012,2012-06-17,1600,6,2,16,7,N,A,N,A,A,-,A,,E,09,D,,,,,C,Y,N,A,1,0,0,0,21802.0,2,,,3
2012,2012-06-11,2053,6,2,20,1,Y,A,N,A,H,C,-,- ,,18,-,,Y,,,G,N,N,A,1,0,1,0,,2,38.12357493,-122.22788311,2
2012,2012-06-20,1605,6,2,16,3,Y,A,N,A,-,A,-,,,03,C,,,,,C,Y,N,D,1,0,0,0,22350.0,2,38.124702,-122.264901,4
2012,2012-07-04,555,7,2,5,3,N,A,N,A,H,B,-,- ,W,08,A,,,,,C,Y,N,D,1,0,0,0,22107.0,1,38.14698499,-122.25641629,3
2012,2012-07-05,1351,7,2,13,4,N,A,N,A,H,A,-,- ,N,- ,B,,,,,E,Y,N,D,1,0,0,0,,3,38.14932893,-122.23704057,2
2012,2012-06-25,712,6,2,7,1,N,A,N,A,H,A,L,04,E,05,H,,Y,,,G,N,N,D,1,0,1,0,21650.0,2,38.19403188,-122.1425475,3
2012,2012-07-01,2242,7,2,22,7,Y,A,N,A,H,C,A,01,,12,D,,,,,C,N,N,D,1,0,0,0,22450.0,3,38.25825496,-122.03802319,4
2012,2012-06-26,1419,6,2,14,2,N,A,N,A,H,A,-,- ,E,10,G,Y,,,,B,N,N,A,1,1,0,0,21954.0,2,38.35490361,-121.98749744,4
2012,2012-05-12,1520,5,1,15,6,N,A,Y,A,H,A,-,- ,E,03,B,,,,,C,N,N,A,1,0,0,0,22350.0,2,38.16003674,-121.68617349,4
2012,2012-07-13,1825,7,2,18,5,N,A,Y,A,H,A,D,22,E,03,C,,,,,C,Y,N,D,3,0,0,0,22350.0,5,38.24398256,-122.08274721,4
2012,2012-07-13,1315,7,2,13,5,N,A,Y,A,H,A,A,01,W,03,C,,,,,C,Y,N,D,2,0,0,0,22350.0,2,38.51036302,-121.78008286,4
2012,2012-07-13,848,7,2,8,5,N,A,Y,A,H,A,D,22,E,08,B,,,,,C,Y,N,D,1,0,0,0,22107.0,2,38.44737075,-121.85654445,3
2012,2012-07-11,1819,7,2,18,3,N,A,Y,A,H,A,A,01,W,01,B,,,,Y,C,Y,N,D,1,0,0,0,23152.0,2,38.0558537,-122.14800035,4
2012,2012-06-19,2312,6,2,23,2,N,A,Y,A,H,D,A,07,E,01,E,,,,,I,Y,N,D,2,0,0,0,23152.0,1,38.49150095,-121.80038923,3
2012,2012-06-18,1045,6,2,10,1,N,A,Y,A,H,A,A,01,W,08,B,,,,,C,N,N,D,1,0,0,0,22107.0,2,38.29318561,-122.03398424,4
2012,2012-06-18,1250,6,2,12,1,N,A,N,A,H,A,A,01,S,01,E,,,,,I,Y,M,D,1,0,0,0,23152.0,1,38.49429596,-121.95140617,3
2012,2012-06-18,800,6,2,8,1,N,A,Y,A,H,A,A,01,E,07,B,,,,,C,Y,N,D,2,0,0,0,21658.0,3,38.24477605,-122.08094578,4
2012,2012-06-17,1820,6,2,18,7,N,A,Y,A,H,A,-,- ,W,18,E,,,,,I,Y,N,D,1,0,0,0,,1,38.38427086,-121.93870834,3
2012,2012-06-17,1447,6,2,14,7,N,A,N,A,H,A,L,04,W,08,H,,Y,,,I,N,N,D,1,0,1,0,22107.0,1,38.41057732,-122.0521007,4
2012,2012-06-17,1331,6,2,13,7,N,A,Y,A,H,A,A,01,E,03,C,,,,,C,N,N,D,2,0,0,0,22350.0,2,38.31230823,-122.03318225,4
2012,2012-06-17,1330,6,2,13,7,N,A,Y,A,H,A,A,08,E,08,E,,,,,I,Y,N,D,1,0,0,0,22107.0,1,38.29813336,-122.03413739,4
2012,2012-06-16,540,6,2,5,6,N,A,Y,A,H,B,A,01,E,03,E,,,,,I,Y,N,D,1,0,0,0,22350.0,1,38.06322311,-122.22618397,4
2012,2012-06-15,2320,6,2,23,5,N,A,Y,A,H,C,A,08,W,03,C,,,,,C,Y,N,D,4,0,0,0,22350.0,2,38.06223429,-122.22535855,4
2012,2012-06-15,2000,6,2,20,5,N,A,Y,A,H,A,A,07,W,03,C,,,,,C,Y,N,D,4,0,0,0,22350.0,3,38.5372864,-121.7387895,4
2012,2012-06-15,9,6,2,0,5,N,A,N,A,H,D,J,48,N,08,E,,,,,J,Y,N,D,2,0,0,0,22107.0,1,38.36561226,-121.78627789,4
2012,2012-06-14,942,6,2,9,4,N,A,Y,A,H,A,A,01,N,04,C,,,,,C,Y,N,D,1,0,0,0,21703.0,2,38.07133381,-122.1254152,4
2012,2012-06-09,1844,6,2,18,6,N,A,Y,A,H,A,A,07,E,01,F,,,,,I,Y,N,D,3,0,0,0,23152.0,1,38.12861201,-122.22689325,2
2012,2012-06-16,1450,6,2,14,6,N,A,Y,A,H,A,C,02,E,08,E,,,Y,,I,Y,N,D,1,0,0,1,22107.0,1,38.08020104,-122.19271318,4
2012,2012-06-16,1237,6,2,12,6,N,A,Y,A,H,A,A,01,E,08,E,,,,,I,Y,N,D,1,0,0,0,22107.0,1,38.18703238,-122.17431389,3
2012,2012-05-26,1344,5,1,13,6,N,A,Y,A,H,A,J,48,E,22,C,,,,,C,N,N,D,1,0,0,0,,2,38.18353815,-121.79501744,4
2012,2012-07-10,645,7,2,6,2,N,A,Y,A,H,A,A,08,W,03,C,,,,,C,Y,N,D,1,0,0,0,22350.0,2,38.2116676,-122.14530874,4
2012,2012-07-03,1510,7,2,15,2,N,A,Y,A,H,A,G,25,W,07,B,,,,Y,C,Y,N,D,2,0,0,0,21658.0,2,38.35481045,-121.97826185,4
2012,2012-07-03,630,7,2,6,2,N,A,N,A,H,A,A,01,S,06,B,,,,,C,Y,N,D,1,0,0,0,21750.0,2,38.33005322,-121.91534221,4
2012,2012-07-02,1230,7,2,12,1,N,A,Y,A,H,A,A,08,W,07,B,,,,Y,C,Y,N,D,1,0,0,0,21658.0,5,38.43092821,-121.8782773,4
2012,2012-06-24,1707,6,2,17,7,N,A,Y,A,H,A,E,22,E,07,B,,,,,C,Y,N,D,5,0,0,0,21658.0,3,38.23295983,-122.10799006,2
2012,2012-07-11,626,7,2,6,3,N,A,Y,A,D,A,D,22,W,03,C,,,,,C,Y,N,A,1,0,0,0,22350.0,2,38.21609619,-122.13892721,4
2012,2012-07-08,35,7,2,0,7,-,A,N,A,H,C,-,- ,,04,C,,,,,C,N,N,A,1,0,0,0,21703.0,2,38.27287496,-122.02498312,4
2012,2012-07-07,1711,7,2,17,6,N,A,N,A,H,A,N,60,W,11,G,Y,,,,B,N,N,D,1,1,0,0,21954.0,2,38.25302083,-122.02819889,3
2012,2012-07-12,946,7,2,9,4,N,A,N,A,H,A,A,01,N,12,D,,,,,C,Y,N,A,1,0,0,0,21453.0,2,38.27967622,-121.96969283,4
2012,2012-07-12,1749,7,2,17,4,N,A,N,A,H,A,L,04,S,09,D,,Y,,,G,N,N,D,1,0,1,0,21804.0,2,38.26967378,-122.02232611,3
2012,2012-07-09,1450,7,2,14,1,N,A,N,A,H,A,A,01,W,21,A,,,Y,,C,N,N,D,1,0,0,1,22106.0,2,38.25831589,-122.06562509,4
2012,2012-07-11,1826,7,2,18,3,N,A,N,A,H,A,A,01,S,03,C,,,,,C,Y,N,A,2,0,0,0,22350.0,2,38.26836433,-122.03420468,4
2012,2012-07-02,1744,7,2,17,1,N,A,N,A,H,A,A,01,S,03,C,,,,,C,Y,N,A,4,0,0,0,22350.0,3,38.26535648,-122.03421459,4
2012,2012-07-11,948,7,2,9,3,Y,A,N,A,H,A,-,- ,,12,D,,,,,C,Y,N,A,1,0,0,0,21453.0,2,38.33546498,-121.9802432,3
2012,2012-07-16,100,7,2,1,1,N,A,N,A,H,C,-,- ,N,01,H,,,,,J,N,N,A,1,0,0,0,23152.0,1,38.33709747,-121.98660706,3
2012,2012-07-06,1657,7,2,16,5,N,A,N,A,H,A,A,01,N,03,C,,,,,C,Y,N,A,2,0,0,0,22350.0,2,38.27366875,-122.00655321,4
2012,2012-07-09,120,7,2,1,1,N,A,Y,A,H,C,A,01,W,03,C,,,,,C,Y,N,D,2,0,0,0,22350.0,2,38.4011916,-121.91696337,4
2012,2012-07-07,1225,7,2,12,6,N,A,Y,A,H,A,A,01,W,04,E,,,,,I,Y,N,D,1,0,0,0,21703.0,1,38.13586905,-122.22204059,4
2012,2012-07-04,1340,7,2,13,3,N,A,Y,A,H,A,A,01,E,07,B,,,,,C,Y,N,D,1,0,0,0,21658.0,2,38.22575084,-122.12436685,4
2012,2012-07-08,655,7,2,6,7,N,B,Y,A,H,A,A,01,E,01,E,,,,,I,Y,N,D,1,0,0,0,23152.0,1,38.14609233,-122.21659015,4
2012,2012-07-06,1258,7,2,12,5,N,A,N,A,H,A,A,01,S,08,E,,,,,J,Y,N,D,2,0,0,0,22107.0,1,38.30849276,-121.93383805,3
2012,2012-07-04,1650,7,2,16,3,N,A,Y,A,H,A,A,07,W,08,E,,,,,I,Y,N,D,1,0,0,0,22107.0,1,38.12372503,-122.27165318,4
2012,2012-07-03,2310,7,2,23,2,N,A,Y,A,H,D,A,01,E,01,C,,,,,C,Y,N,D,1,0,0,0,23152.0,3,38.23116145,-122.11272587,3
2012,2012-07-11,1450,7,2,14,3,N,A,N,A,H,A,-,- ,E,05,B,,,,,C,Y,N,D,2,0,0,0,21650.0,2,38.14427951,-122.2269077,4
2012,2012-05-28,2119,5,1,21,1,N,A,N,A,H,C,A,01,S,03,C,,,,,C,Y,F,A,2,0,0,0,22350.0,2,38.26544643,-122.04995336,4
2012,2012-07-16,1223,7,2,12,1,Y,A,Y,A,H,A,-,- ,,17,D,,,,,C,N,N,A,1,0,0,0,21451.0,2,38.10504503,-122.25489318,4
2012,2012-07-08,854,7,2,8,7,N,A,N,A,H,A,-,- ,N,00,D,,,,,C,Y,N,A,1,0,0,0,,2,38.13214245,-122.2523728,4
2012,2012-07-10,2121,7,2,21,2,N,A,Y,A,H,C,-,- ,S,01,B,,,,,C,N,N,D,2,0,0,0,23152.0,2,38.12259543,-122.25509552,3
2012,2012-06-30,1646,6,2,16,6,N,A,N,A,H,A,A,,,21,C,,,,,-,Y,N,D,1,0,0,0,22106.0,2,38.1228122,-122.24064142,4
2012,2012-06-23,1244,6,2,12,6,N,A,N,A,H,A,N,60,E,11,G,Y,,,,B,N,N,D,1,1,0,0,21954.0,2,38.35924414,-122.00334958,4
2012,2012-06-07,1351,6,2,13,4,Y,A,N,A,H,A,-,- ,,08,E,,,,,I,N,N,-,1,0,0,0,22107.0,1,38.17846496,-121.71191303,3
2012,2012-07-17,1900,7,2,19,2,N,A,Y,A,H,A,A,01,E,08,E,,,,,I,N,N,D,1,0,0,0,22107.0,1,38.39576823,-121.92395709,3
2012,2012-07-16,1935,7,2,19,1,N,A,Y,A,H,A,A,01,E,07,E,,,,,I,Y,N,D,2,0,0,0,21658.0,1,38.52937681,-121.7543382,4
2012,2012-07-16,913,7,2,9,1,N,B,Y,A,H,A,A,01,N,03,E,,,,,I,Y,N,D,1,0,0,0,22350.0,1,38.07058526,-122.12584947,4
2012,2012-07-15,725,7,2,7,7,N,A,Y,A,H,A,A,01,W,08,E,,,,,I,N,N,D,1,0,0,0,22107.0,1,38.32104385,-122.02731206,3
2012,2012-07-15,110,7,2,1,7,N,A,Y,A,H,D,A,01,E,03,C,,,,,C,Y,N,D,7,0,0,0,22350.0,4,38.23650504,-122.09992853,2
2012,2012-07-04,240,7,2,2,3,N,A,Y,A,H,D,A,01,E,08,F,,,,,A,Y,N,D,1,0,0,0,22107.0,1,38.50994682,-122.09657967,3
2012,2012-07-17,1345,7,2,13,2,N,A,Y,A,H,A,A,01,W,07,B,,,,,C,Y,N,D,1,0,0,0,21658.0,2,38.29205861,-122.03454509,4
2012,2012-07-15,1315,7,2,13,7,N,A,Y,A,H,A,D,22,E,03,C,,,,,C,N,N,D,1,0,0,0,22350.0,3,38.50748431,-121.78360602,4
2012,2012-07-14,1800,7,2,18,6,N,A,Y,A,H,A,-,- ,W,07,B,,,,Y,C,Y,N,D,1,0,0,0,21658.0,2,38.31506402,-122.03228773,4
2012,2012-07-20,2052,7,2,20,5,Y,A,Y,-,H,C,A,01,,12,D,,,,,D,Y,N,A,1,0,0,0,21453.0,2,38.10208503,-122.25496318,4
2012,2012-06-29,1430,6,2,14,5,N,A,N,A,H,A,A,,E,08,C,,,,,C,Y,N,A,1,0,0,0,22107.0,2,38.10099312,-122.24823897,4
2012,2012-07-14,1228,7,2,12,6,Y,A,N,A,H,A,A,07,,09,D,,,,,C,Y,N,A,1,0,0,0,21802.0,2,38.08874487,-122.24185316,4
2012,2012-07-16,115,7,2,1,1,N,A,N,A,H,C,A,01,E,01,B,,,,,E,N,M,D,1,0,0,0,23152.0,5,38.10312499,-122.25947654,3
2012,2012-07-21,2110,7,2,21,6,N,A,N,A,H,C,A,01,N,03,C,,,,,C,Y,F,D,1,0,0,0,22350.0,2,38.12924873,-122.22934715,3
2012,2012-07-23,1341,7,2,13,1,Y,A,N,A,H,A,A,,,09,D,,,,,C,Y,N,-,2,0,0,0,21802.0,2,38.10286496,-122.23653312,4
2012,2012-07-13,1525,7,2,15,5,N,A,Y,A,H,A,A,01,W,07,B,,,,,C,Y,N,D,2,0,0,0,21658.0,5,38.23612097,-122.10139841,3
2012,2012-07-12,1720,7,2,17,4,N,A,Y,A,H,A,A,01,E,03,C,,,,,C,Y,N,D,2,0,0,0,22350.0,3,38.24385233,-122.08304911,4
2012,2012-07-12,1640,7,2,16,4,N,A,Y,A,H,A,-,99,S,07,F,,,,,A,Y,F,D,1,0,0,0,21658.0,2,38.08274231,-122.11470834,4
2012,2012-07-08,2035,7,2,20,7,N,A,Y,A,H,A,A,01,W,01,C,,,,,C,N,M,D,2,0,0,0,23152.0,2,38.17085192,-122.19765288,4
2012,2012-07-14,630,7,2,6,6,N,A,Y,A,H,A,A,07,E,07,B,,,,,C,N,N,D,1,0,0,0,21658.0,2,38.3600808,-121.97143023,4
2012,2012-04-07,2200,4,1,22,6,-,-,N,A,H,-,-,- ,,08,C,,,,,C,N,F,A,1,0,0,0,22107.0,2,38.14462495,-122.23501316,4
2012,2012-05-07,1341,5,1,13,1,Y,A,N,A,H,A,-,- ,,09,C,,,,,C,Y,N,A,1,0,0,0,21802.0,2,38.09711493,-122.25004318,4
2012,2012-05-12,2023,5,1,20,6,N,A,N,A,H,B,-,- ,S,03,C,,,,,C,Y,N,A,4,0,0,0,22350.0,3,38.14401921,-122.2555337,4
2012,2012-05-20,2137,5,1,21,7,N,A,N,A,H,C,-,- ,S,01,E,,,,,I,Y,N,A,2,0,0,0,23153.0,1,38.11942058,-122.25997769,2
2012,2012-05-25,2300,5,1,23,5,Y,A,N,A,H,C,-,- ,,12,D,,,,,C,Y,N,A,1,0,0,0,21453.0,2,38.10606495,-122.22829319,4
2012,2012-07-27,1741,7,2,17,5,Y,A,N,A,H,A,A,01,,09,D,,,,,C,Y,N,D,1,0,0,0,21801.0,2,38.352255,-121.93408319,4
2012,2012-07-20,1041,7,2,10,5,Y,A,Y,A,H,A,-,- ,,12,D,,,,,C,Y,N,A,2,0,0,0,21453.0,3,38.35994507,-121.97208317,3
2012,2012-08-03,1445,8,2,14,5,N,A,N,A,H,A,I,11,S,03,C,,,,,C,Y,N,A,1,0,0,0,22350.0,4,38.35095811,-121.93405023,4
2012,2012-07-28,732,7,2,7,6,N,A,N,A,H,A,A,01,S,08,E,,,,,I,Y,N,D,1,0,0,0,22107.0,1,38.33474998,-121.95329321,3
2012,2012-07-28,1219,7,2,12,6,N,A,N,A,H,A,A,01,E,09,D,,Y,,,G,N,N,D,1,0,1,0,21804.0,2,38.35172833,-121.95163387,4
2012,2012-07-16,2230,7,2,22,1,Y,A,N,A,H,C,A,01,,12,D,,,,,C,N,N,A,1,0,0,0,22450.0,2,38.25355496,-122.03917319,4
2012,2012-07-19,1154,7,2,11,4,N,A,N,A,H,A,A,01,N,03,C,,,,,C,N,N,A,2,0,0,0,22350.0,2,38.2695097,-122.03419534,4
2012,2012-07-23,1116,7,2,11,1,N,A,N,A,H,A,D,72,W,03,C,,,,,C,N,N,D,2,0,0,0,22350.0,2,38.24925991,-122.05182223,4
2012,2012-07-23,1619,7,2,16,1,N,A,N,A,H,A,D,82,S,08,D,,,,,C,Y,N,D,2,0,0,0,22107.0,2,38.26962902,-121.9880449,3
2012,2012-05-24,1100,5,1,11,4,N,A,N,A,H,A,C,02,N,03,B,,,Y,,C,Y,N,D,1,0,0,1,22350.0,2,38.45682873,-121.82237321,2
2012,2012-05-22,1714,5,1,17,2,N,A,Y,A,H,A,-,- ,S,03,C,,,,,C,Y,N,A,3,0,0,0,22350.0,2,38.15293653,-122.25390787,3
2012,2012-07-23,1750,7,2,17,1,N,A,N,A,H,A,-,- ,N,08,B,,,,,E,Y,N,D,1,0,0,0,22107.0,2,38.10092332,-122.24149883,4
2012,2012-08-01,1855,8,2,18,3,N,A,N,A,H,A,A,08,S,21,C,,,,,C,N,N,A,1,0,0,0,22106.0,2,38.35672263,-121.95316406,4
2012,2012-07-08,2100,7,2,21,7,N,A,N,A,H,B,-,- ,N,08,H,,,,,A,N,N,A,1,0,0,0,22107.0,1,38.13427317,-122.22964168,3
2012,2012-07-18,852,7,2,8,3,Y,A,N,A,H,A,-,- ,,12,C,,,,,C,N,N,A,1,0,0,0,21453.0,2,38.09991493,-122.22077308,4
2012,2012-07-31,1252,7,2,12,2,N,A,Y,A,H,A,-,,S,04,C,,,,,C,N,N,D,5,0,0,0,21703.0,2,38.15072424,-122.25427143,4
2012,2012-07-21,1416,7,2,14,6,Y,A,N,A,H,A,-,- ,,12,D,,,,,C,Y,N,A,1,0,0,0,21453.0,2,38.10606491,-122.22452318,4
2012,2012-07-28,20,7,2,0,6,N,A,N,A,H,C,-,- ,E,08,A,,,,,I,Y,N,D,1,0,0,0,22107.0,1,38.15326411,-122.24212095,4
2012,2012-07-09,1711,7,2,17,1,Y,A,Y,A,H,A,-,- ,,21,C,,,,,C,N,N,A,1,0,0,0,22106.0,2,38.13587732,-122.25891338,4
2012,2012-08-02,1442,8,2,14,4,Y,A,Y,A,H,A,A,,,12,D,,,,,C,Y,N,A,3,0,0,0,21453.0,2,38.15381503,-122.25392318,2
2012,2012-07-28,1350,7,2,13,6,N,B,Y,A,H,A,A,07,E,03,C,,,,,C,Y,N,D,1,0,0,0,22350.0,3,38.27762789,-122.04589382,4
2012,2012-07-28,1430,7,2,14,6,N,A,Y,A,H,A,A,01,W,03,C,,,,,C,Y,N,D,3,0,0,0,22350.0,3,38.25532968,-122.06478924,3
2012,2012-07-26,1944,7,2,19,4,N,A,N,A,H,A,-,- ,E,18,E,,,,,I,Y,N,D,2,0,0,0,,1,38.12233498,-122.25147438,4
2012,2012-07-22,1031,7,2,10,7,Y,A,Y,A,H,A,-,- ,,12,D,,,,,C,Y,N,A,1,0,0,0,21453.0,2,38.11983503,-122.25513318,4
2012,2012-07-22,1152,7,2,11,7,Y,A,Y,A,H,A,L,,,11,A,,Y,,,B,N,N,A,1,0,1,0,21950.0,2,38.12756503,-122.25574318,4
2012,2012-07-12,1924,7,2,19,4,N,A,N,A,H,A,-,- ,E,18,G,Y,,,,B,N,N,D,1,1,0,0,,2,38.15495265,-122.26011973,2
2012,2012-07-19,1745,7,2,17,4,N,A,Y,A,H,A,A,01,E,08,F,,,,,J,Y,N,D,4,0,0,0,22107.0,1,38.47321271,-121.823313,3
2012,2012-04-09,1937,4,1,19,1,N,A,N,A,H,A,-,- ,,22,E,Y,,,,I,Y,F,D,1,1,0,0,,3,38.13224147,-122.22407877,3
2011,2011-04-19,1430,4,1,14,2,Y,B,N,A,H,A,A,,,10,G,Y,,,,B,N,M,A,1,1,0,0,21950.0,2,38.15473,-122.23837,3
2012,2012-05-07,1651,5,1,16,1,Y,A,N,A,H,A,-,- ,,12,C,,,,,C,N,M,A,1,0,0,0,22450.0,2,38.10704494,-122.2565131,4
2012,2012-06-06,2026,6,2,20,3,Y,A,N,A,H,B,-,99,,12,D,,,,,C,,F,A,1,0,0,0,21453.0,2,38.12235497,-122.25197308,4
2012,2012-07-18,708,7,2,7,3,N,A,Y,A,H,A,A,01,E,08,E,,,,,I,Y,N,D,1,0,0,0,22107.0,1,38.23963642,-122.09339411,4
2012,2012-07-18,1540,7,2,15,3,N,A,Y,A,H,A,A,01,W,08,E,,,,,I,Y,N,D,1,0,0,0,22107.0,1,38.38532739,-121.9372881,4
2012,2012-08-05,1521,8,2,15,7,N,A,Y,A,H,A,A,01,E,03,C,,,,,C,N,N,D,1,0,0,0,22350.0,2,38.50732711,-121.78377299,4
2012,2012-07-20,1238,7,2,12,5,Y,A,N,A,H,A,A,01,,03,C,,,,,C,N,M,A,1,0,0,0,22350.0,2,38.33539499,-121.9704531,4
2012,2012-08-07,1230,8,2,12,2,Y,A,Y,A,H,A,D,22,,12,D,,,,,C,Y,N,A,1,0,0,0,22450.0,2,38.22854506,-121.97033315,4
2012,2012-07-13,2035,7,2,20,5,Y,A,N,A,H,A,F,86,,03,B,,,,Y,C,Y,F,A,1,0,0,0,22350.0,2,38.28428494,-122.03408311,4
2012,2012-07-26,1313,7,2,13,4,N,A,N,A,H,A,I,11,S,04,C,,,,,C,Y,N,D,1,0,0,0,21703.0,2,38.2578175,-122.03420322,4
2012,2012-07-20,1711,7,2,17,5,N,A,N,A,H,A,C,02,N,03,C,,,Y,,C,Y,N,D,1,0,0,1,22350.0,2,38.26985424,-121.98804258,3
2012,2012-08-02,1300,8,2,13,4,N,A,Y,A,H,A,E,22,W,08,B,,,,Y,C,Y,N,D,1,0,0,0,22107.0,2,38.34184341,-122.00975859,4
2012,2012-08-08,755,8,2,7,3,N,A,N,A,H,A,A,01,E,03,C,,,,Y,C,Y,N,D,1,0,0,0,22350.0,2,38.24832681,-122.07903385,4
2012,2012-10-19,845,10,3,8,5,N,A,N,A,H,A,F,26,W,04,C,,,,Y,C,N,N,D,1,0,0,0,21703.0,2,38.35504502,-121.98176763,4
2012,2012-08-13,734,8,2,7,1,N,A,N,A,H,A,G,25,N,02,C,,,,Y,C,Y,N,D,1,0,0,0,22400.0,3,38.08147491,-122.12013594,3