ACCIDENT_YEAR,COLLISION_DATE,COLLISION_TIME,MONTH,SEASON,24HOURS,DAY_OF_WEEK,INTERSECTION,WEATHER_1,STATE_HWY_IND,ROAD_SURFACE,ROAD_COND_1,LIGHTING,STWD_VEHTYPE_AT_FAULT,CHP_VEHTYPE_AT_FAULT,DIRECTION,PCF_VIOL_CATEGORY,TYPE_OF_COLLISION,PEDESTRIAN_ACCIDENT,BICYCLE_ACCIDENT,MOTORCYCLE_ACCIDENT,TRUCK_ACCIDENT,MVIW,TOW_AWAY,HIT_AND_RUN,CONTROL_DEVICE,NUMBER_INJURED,COUNT_PED_INJURED,COUNT_BICYCLIST_INJURED,COUNT_MC_INJURED,PCF_VIOLATION,PARTY_COUNT,POINT_Y,POINT_X,COLLISION_SEVERITY
2012,2012-08-13,57,8,2,0,1,N,A,N,A,H,C,-,- ,E,01,C,,,,,E,,N,D,1,0,0,0,23152.0,2,38.10063084,-122.22752253,4
2012,2012-09-19,1615,9,3,16,3,N,A,Y,A,H,A,C,02,E,03,C,,,Y,,C,Y,N,D,1,0,0,1,22350.0,2,38.38981732,-121.93158101,3
2012,2012-09-22,1620,9,3,16,6,N,A,Y,A,H,A,-,99,W,03,C,,,,,C,Y,N,D,2,0,0,0,22350.0,2,38.27425505,-122.04914317,4
2012,2012-09-22,2045,9,3,20,6,N,A,Y,A,H,D,A,07,N,03,C,,,,,C,N,N,D,1,0,0,0,22350.0,2,38.0700956,-122.12621843,4
2012,2012-09-23,540,9,3,5,7,N,A,Y,A,H,D,A,01,E,08,F,,,,,A,Y,N,D,1,0,0,0,22107.0,1,38.14486565,-122.37230618,4
2012,2012-09-22,1338,9,3,13,6,N,A,Y,A,H,A,A,01,E,03,C,,,,,C,Y,N,D,1,0,0,0,22350.0,2,38.48052622,-121.81433143,4
2012,2012-10-03,1825,10,3,18,3,N,A,N,A,H,B,A,01,S,08,B,,,,,E,Y,N,D,3,0,0,0,22107.0,2,38.12324476,-122.27050245,3
2012,2012-10-15,2208,10,3,22,1,N,A,N,A,H,C,A,,E,01,D,,Y,,,G,Y,N,B,1,0,1,0,23153.0,2,38.08436637,-122.23526362,2
2012,2012-10-14,1820,10,3,18,7,N,A,N,A,H,B,C,,E,08,A,,,Y,,I,Y,N,D,1,0,0,1,22107.0,1,38.07979148,-122.23132431,4
2012,2012-10-06,132,10,3,1,6,Y,A,Y,A,H,C,-,- ,,01,D,,,,,C,Y,N,A,1,0,0,0,23152.0,2,38.11983503,-122.25513318,4
2012,2012-10-05,1749,10,3,17,5,Y,A,N,A,H,A,-,- ,,09,A,,,,,C,Y,N,D,3,0,0,0,21801.0,2,38.13366489,-122.2416931,4
2012,2012-11-07,900,11,3,9,3,N,A,N,A,H,A,L,04,N,05,H,,Y,,,G,N,N,A,1,0,1,0,21650.0,2,38.24592248,-122.04458346,4
2012,2012-11-05,745,11,3,7,1,N,A,N,A,H,B,-,- ,N,00,G,Y,,,,B,N,N,A,1,1,0,0,,2,38.26818335,-122.02498644,4
2012,2012-10-24,1250,10,3,12,3,N,A,Y,A,H,A,C,02,N,03,F,,,Y,,A,N,N,D,1,0,0,1,22350.0,1,38.18506504,-122.13543317,4
2012,2012-10-20,1605,10,3,16,6,N,A,Y,A,H,A,A,01,W,07,D,,,,,C,N,N,D,2,0,0,0,21658.0,2,38.47215509,-121.82506315,4
2012,2012-10-21,840,10,3,8,7,N,B,Y,A,H,A,A,01,E,07,C,,,,,C,Y,N,D,2,0,0,0,21658.0,2,38.37881343,-121.94656498,4
2012,2012-10-22,930,10,3,9,1,N,C,Y,B,H,A,A,07,E,08,E,,,,,I,Y,N,D,1,0,0,0,22107.0,1,38.07716518,-122.19028904,4
2012,2012-09-28,2345,9,3,23,5,N,A,Y,A,H,C,A,01,E,08,E,,,,,I,Y,N,D,1,0,0,0,22107.0,1,38.30026506,-122.03407317,4
2012,2012-10-02,2051,10,3,20,2,Y,A,N,A,H,C,-,- ,,12,-,,,,,C,Y,N,A,3,0,0,0,21453.0,2,38.0970649,-122.24843315,3
2012,2012-10-02,1857,10,3,18,2,N,A,Y,A,H,B,-,- ,N,03,C,,,,,C,Y,N,D,1,0,0,0,22350.0,3,38.14473254,-122.25542094,4
2012,2012-10-18,1124,10,3,11,4,N,A,N,A,H,A,A,01,W,09,B,,,,,C,Y,N,D,1,0,0,0,21803.0,3,38.27253103,-121.97145962,4
2012,2012-10-02,1441,10,3,14,2,N,A,N,A,H,A,N,60,N,11,G,Y,,,,B,N,N,D,1,1,0,0,21950.0,2,38.25693563,-122.02919059,3
2012,2012-10-02,727,10,3,7,2,N,A,N,A,H,A,A,01,W,07,D,,,,,C,Y,N,D,1,0,0,0,21658.0,2,38.28697193,-121.97068846,3
2012,2012-10-01,1856,10,3,18,1,N,A,N,A,H,B,A,01,W,08,E,,,,,I,Y,N,A,1,0,0,0,22107.0,1,38.27276287,-122.0157511,4
2012,2012-10-02,1830,10,3,18,2,N,A,N,A,A,A,A,07,N,03,C,,,,,C,N,N,A,1,0,0,0,22350.0,2,38.27148622,-122.03417322,4
2012,2012-10-19,1211,10,3,12,5,N,A,N,A,H,A,-,- ,S,21,H,,,,,C,N,N,A,1,0,0,0,22106.0,2,38.35882463,-121.98181474,4
2012,2012-10-09,727,10,3,7,2,N,A,Y,A,H,A,C,02,W,03,C,,,Y,,C,Y,N,D,2,0,0,1,22350.0,2,38.09494503,-122.22974317,3
2012,2012-11-06,838,11,3,8,2,Y,A,N,A,H,A,A,01,,12,D,,,,,C,Y,N,A,1,0,0,0,22450.0,2,38.24758496,-122.04999308,4
2012,2012-10-30,1719,10,3,17,2,Y,A,N,A,H,A,L,04,,05,E,,Y,,,G,N,N,A,1,0,1,0,21650.0,2,38.25822492,-122.03021312,4
2012,2012-11-03,1840,11,3,18,6,Y,A,N,A,H,A,A,01,,01,H,,,,,C,Y,N,A,1,0,0,0,23152.0,4,38.26552496,-122.04872313,3
2012,2012-11-05,635,11,3,6,1,N,A,N,A,H,B,-,- ,W,07,B,,,,,C,N,N,D,1,0,0,0,21658.0,2,38.27113175,-121.99156831,4
2012,2012-11-05,1953,11,3,19,1,-,A,N,A,H,C,D,22,,22,G,Y,,,,B,N,F,D,1,1,0,0,,2,38.25146392,-122.04789341,3
2012,2012-11-02,1306,11,3,13,5,Y,F,Y,A,H,A,E,72,,12,D,,,,,C,N,N,A,1,0,0,0,21453.0,2,38.24040505,-122.06635316,4
2012,2012-11-07,1720,11,3,17,3,N,B,Y,A,H,D,D,22,W,03,C,,,,,C,N,N,D,1,0,0,0,22350.0,3,38.20887377,-122.19578806,4
2012,2012-11-14,1250,11,3,12,3,Y,A,N,A,H,A,D,22,,12,D,,,,,C,Y,N,A,1,0,0,0,21453.0,2,38.27166497,-121.98799311,3
2012,2012-10-02,1514,10,3,15,2,N,A,N,A,H,A,N,60,S,11,D,Y,,,,B,N,N,D,1,1,0,0,21954.0,2,38.36031804,-121.98163033,4
2012,2012-10-02,1538,10,3,15,2,Y,A,N,A,H,A,L,04,,05,F,,Y,,,A,N,N,D,1,0,1,0,21202.0,1,38.35166499,-121.9478932,3
2012,2012-10-06,1545,10,3,15,6,Y,A,Y,A,H,A,-,- ,,09,D,,,,,C,Y,N,D,3,0,0,0,21801.0,2,38.11187579,-122.25470638,3
2012,2012-09-24,1655,9,3,16,1,Y,A,N,A,H,A,-,- ,,12,D,,,,,C,N,N,A,2,0,0,0,21453.0,3,38.10983497,-122.24337312,4
2012,2012-09-27,1210,9,3,12,4,N,-,N,-,-,-,L,04,S,08,-,,Y,,,-,N,N,-,1,0,1,0,22107.0,2,38.10513345,-122.21921817,4
2012,2012-09-22,826,9,3,8,6,Y,A,Y,A,H,A,-,- ,,09,C,,,,,C,N,F,A,1,0,0,0,21802.0,2,38.10693462,-122.25484592,4
2012,2012-09-11,1753,9,3,17,2,Y,A,N,A,H,A,-,- ,,- ,C,,,,,C,Y,N,A,1,0,0,0,,2,38.12775493,-122.25153308,4
2012,2012-10-26,1200,10,3,12,5,N,A,Y,A,H,A,G,25,W,03,C,,,,Y,C,N,N,D,2,0,0,0,22350.0,2,38.27018051,-122.05226065,4
2012,2012-10-26,1530,10,3,15,5,N,A,Y,A,H,A,A,01,W,03,C,,,,,C,Y,N,D,2,0,0,0,22350.0,4,38.24008344,-122.07200106,3
2012,2012-11-09,1818,11,3,18,5,N,A,N,A,H,C,D,22,S,03,C,,,,,C,N,M,A,1,0,0,0,22350.0,2,38.35112284,-121.93405622,4
2012,2012-04-12,1744,4,1,17,4,N,B,N,A,H,A,A,01,N,09,D,,,,,C,,N,D,1,0,0,0,21804.0,2,38.25857175,-122.00981321,4
2012,2012-04-09,2110,4,1,21,1,Y,B,N,A,H,C,A,07,,- ,A,,,,,C,Y,N,A,2,0,0,0,,2,38.2466449,-122.02051312,4
2012,2012-04-14,1220,4,1,12,6,Y,A,N,A,H,A,A,08,,10,G,Y,,,,B,,N,A,1,1,0,0,21950.0,3,38.24634496,-121.98827316,4
2012,2012-11-05,955,11,3,9,1,N,A,N,A,H,A,D,23,N,08,E,,,,,I,Y,N,D,1,0,0,0,22107.0,1,38.25599158,-121.99329206,4
2012,2012-11-04,1416,11,3,14,7,N,A,N,A,H,A,D,22,S,08,A,,,,,C,Y,N,D,2,0,0,0,22107.0,2,38.35466227,-122.00919355,3
2012,2012-10-29,2112,10,3,21,1,N,A,N,A,H,C,A,01,E,03,C,,,,,C,Y,N,A,1,0,0,0,22350.0,2,38.33539503,-121.97022654,4
2012,2012-11-05,1110,11,3,11,1,N,A,Y,A,H,A,A,,,04,C,,,,,C,N,N,D,3,0,0,0,21703.0,2,38.11548438,-122.25442138,4
2012,2012-11-06,944,11,3,9,2,Y,A,N,A,H,A,-,- ,,12,D,,,,,C,N,N,A,2,0,0,0,21453.0,2,38.10593495,-122.2090432,4
2012,2012-11-10,2140,11,3,21,6,Y,A,N,A,H,C,D,22,,12,D,,,,,C,Y,N,A,2,0,0,0,22450.0,2,38.45248503,-121.74905312,4
2012,2012-11-08,1715,11,3,17,4,N,B,Y,B,H,C,D,22,W,03,C,,,,,C,N,N,D,1,0,0,0,22350.0,2,38.27063506,-122.05187317,4
2012,2012-11-05,2024,11,3,20,1,N,A,Y,A,H,C,A,01,E,03,C,,,,,C,Y,N,D,1,0,0,0,22350.0,2,38.11347638,-122.22978621,4
2012,2012-11-10,1402,11,3,14,6,N,A,N,A,H,A,A,01,N,03,B,,,,,C,Y,N,A,1,0,0,0,22350.0,3,38.06639471,-122.16418862,3
2012,2012-11-23,1807,11,3,18,5,N,A,N,A,H,C,-,- ,E,18,E,,,,,I,Y,N,D,4,0,0,0,,2,38.36656002,-122.00526059,2
2012,2012-11-28,1403,11,3,14,3,Y,A,N,A,H,A,D,22,,09,D,,,,,C,Y,N,D,2,0,0,0,21802.0,2,38.35801501,-121.93403317,3
2012,2012-11-17,1105,11,3,11,6,N,C,Y,B,H,A,D,22,W,08,E,,,,,I,Y,N,D,1,0,0,0,22107.0,1,38.09914718,-122.22990189,4
2012,2012-11-15,910,11,3,9,4,N,A,N,A,H,A,A,07,N,08,D,,,,,C,Y,N,D,1,0,0,0,22102.0,2,38.41664403,-121.89203124,4
2012,2012-11-18,1935,11,3,19,7,N,B,Y,A,H,D,A,01,E,03,C,,,,,C,Y,N,D,1,0,0,0,22350.0,2,38.23202963,-122.1101637,4
2012,2012-11-18,1934,11,3,19,7,N,A,Y,A,H,C,A,01,E,06,B,,,,Y,C,Y,N,D,2,0,0,0,21755.0,2,38.23196851,-122.11030922,4
2012,2012-11-14,2341,11,3,23,3,Y,A,N,A,H,C,A,01,,12,B,,,,,C,Y,F,A,2,0,0,0,21453.0,3,38.26884495,-122.03420315,4
2012,2012-11-29,1824,11,3,18,4,Y,C,N,B,H,C,L,04,,14,H,,Y,,,G,N,N,D,1,0,1,0,21201.0,2,38.25303493,-122.06080313,3
2012,2012-08-30,1650,8,2,16,4,Y,-,N,A,H,A,-,- ,,09,D,,Y,,,G,N,N,A,1,0,1,0,21800.0,2,38.14462495,-122.23501316,3
2012,2012-10-21,413,10,3,4,7,N,A,N,A,H,C,A,01,W,01,D,,,,,E,Y,N,D,1,0,0,0,23152.0,3,38.4572638,-121.82510823,3
2012,2012-10-18,1527,10,3,15,4,Y,A,N,A,H,A,-,- ,,09,D,,,,,C,Y,N,D,1,0,0,0,21802.0,2,38.15123499,-122.23174317,4
2012,2012-11-22,154,11,3,1,4,N,A,N,A,H,C,A,01,E,01,B,,,,,E,Y,N,A,1,0,0,0,23152.0,3,38.24812359,-122.04573165,3
2012,2012-11-15,1721,11,3,17,4,N,A,N,A,H,C,A,01,E,03,C,,,,,C,Y,N,A,3,0,0,0,22350.0,4,38.37216556,-121.97504285,3
2012,2012-10-12,2142,10,3,21,5,N,A,N,A,H,C,A,01,E,01,A,,,,,C,Y,N,D,2,0,0,0,23153.0,2,38.20711938,-122.14677185,3
2012,2012-10-18,1540,10,3,15,4,N,A,N,A,H,A,A,01,W,03,C,,,,,C,N,N,D,2,0,0,0,22350.0,2,38.18300351,-122.13367231,4
2012,2012-10-16,2115,10,3,21,2,N,A,N,A,H,C,C,02,E,06,E,,,Y,,I,Y,N,D,1,0,0,1,21750.0,2,38.35502576,-121.98014886,3
2012,2012-10-18,1154,10,3,11,4,Y,A,N,A,H,A,A,01,,12,D,,,,,C,Y,N,A,1,0,0,0,21453.0,2,38.35907501,-121.99101312,4
2012,2012-10-20,1727,10,3,17,6,N,A,N,A,H,A,A,01,E,08,B,,,,,C,Y,N,A,1,0,0,0,22107.0,2,38.36871423,-121.9560485,4
2012,2012-10-11,1629,10,3,16,4,N,B,N,A,H,A,L,04,E,08,E,,Y,,,A,N,N,D,1,0,1,0,22107.0,1,38.34234502,-121.98634859,3
2012,2012-10-09,1956,10,3,19,2,N,A,N,A,H,C,A,01,S,03,C,,,,,C,N,N,A,1,0,0,0,22350.0,2,38.3461191,-121.9742452,4
2012,2012-10-05,1413,10,3,14,5,Y,A,N,A,H,A,N,60,,11,G,Y,,,,B,N,N,A,1,1,0,0,21461.0,2,38.34351491,-121.99580321,3
2012,2012-10-08,1520,10,3,15,1,N,A,N,A,H,A,A,01,W,03,C,,,,,C,N,N,A,2,0,0,0,22350.0,4,38.34552518,-121.97589729,4
2012,2012-10-11,720,10,3,7,4,Y,A,Y,A,H,A,-,- ,,12,D,,,,,C,Y,N,A,1,0,0,0,21453.0,2,38.363735,-121.96717317,4
2012,2012-10-09,1504,10,3,15,2,N,A,N,A,H,A,-,- ,E,09,D,,,,,C,Y,N,D,1,0,0,0,21804.0,2,38.33539503,-121.96940007,4
2012,2012-12-01,930,12,4,9,6,N,C,N,B,H,A,-,- ,S,03,C,,,,,E,Y,N,D,1,0,0,0,22350.0,2,38.33738128,-121.94671052,4
2012,2012-07-04,2222,7,2,22,3,N,G,Y,A,H,C,A,01,E,03,C,,,,,C,Y,N,D,3,0,0,0,22350.0,3,38.24363505,-122.04145316,4
2012,2012-03-21,1637,3,1,16,3,Y,A,N,A,H,A,C,02,,03,E,,,Y,,I,N,N,D,1,0,0,1,22350.0,1,38.25125501,-122.00719311,3
2012,2012-03-10,2039,3,1,20,6,N,B,N,A,H,C,-,99,N,03,C,,,,,C,N,N,A,1,0,0,0,22350.0,2,38.25387776,-122.01997321,4
2012,2012-03-21,1415,3,1,14,3,Y,A,N,A,H,A,A,01,,17,A,,,,,C,Y,N,A,1,0,0,0,21451.0,2,38.2493249,-122.02055319,4
2012,2012-03-03,1544,3,1,15,6,N,A,N,A,H,A,C,02,N,03,H,,,Y,,A,N,N,D,1,0,0,1,22350.0,1,38.24191819,-122.04159367,3
2012,2012-03-16,1846,3,1,18,5,N,B,N,A,H,B,A,01,S,08,F,,,,,I,Y,N,D,1,0,0,0,22107.0,1,38.24139659,-122.03459108,3
2012,2012-03-24,2033,3,1,20,6,N,C,N,B,H,C,A,01,W,17,H,,Y,,,G,N,N,A,1,0,1,0,21451.0,2,38.24657564,-122.02035606,4
2012,2012-03-14,1550,3,1,15,3,N,C,N,B,H,A,A,01,W,12,D,,,,,C,Y,N,A,1,0,0,0,21453.0,2,38.25626693,-122.01985091,4
2012,2012-03-25,2326,3,1,23,7,N,A,N,A,H,C,A,01,E,12,G,,Y,,,G,,N,A,1,0,1,0,21457.0,2,38.24669641,-122.02048659,4
2012,2012-02-26,224,2,4,2,7,Y,A,N,A,H,C,A,01,,01,E,,,,,I,Y,N,D,1,0,0,0,23153.0,1,38.24228497,-122.01509319,3
2012,2012-10-02,1509,10,3,15,2,Y,A,N,A,H,A,L,04,,12,D,,Y,,,G,N,N,A,1,0,1,0,21453.0,2,38.05909498,-122.16714319,3
2012,2012-10-18,1820,10,3,18,4,-,A,N,A,H,C,A,01,,21,G,Y,,,,B,N,N,D,1,1,0,0,22106.0,2,38.13211488,-122.24384129,3
2012,2012-10-30,653,10,3,6,2,-,B,N,B,H,B,N,60,,11,G,Y,,,,B,Y,N,D,1,1,0,0,21954.0,2,38.12435815,-122.24988163,2
2012,2012-10-29,930,10,3,9,1,Y,B,N,A,H,A,-,- ,,09,D,,,,,C,Y,N,D,1,0,0,0,21801.0,2,38.11821488,-122.23818318,4
2012,2012-10-22,1741,10,3,17,1,N,B,N,B,H,A,A,01,E,01,C,,,,,C,N,N,A,1,0,0,0,23152.0,2,38.35901705,-121.98848849,4
2012,2012-10-17,1025,10,3,10,3,N,A,Y,A,H,A,A,01,E,08,E,,,,,I,Y,N,D,2,0,0,0,22107.0,1,38.12002517,-122.28188667,3
2012,2012-10-17,752,10,3,7,3,N,A,Y,A,H,A,A,01,,03,C,,,,,C,Y,N,D,2,0,0,0,22350.0,2,38.14113938,-122.22362952,4
2012,2012-11-15,1157,11,3,11,4,Y,A,N,A,H,A,-,- ,,08,E,,,,,I,Y,N,A,1,0,0,0,22107.0,1,38.07282491,-122.2076932,4
2012,2012-11-24,1054,11,3,10,6,Y,A,Y,A,H,A,-,- ,,- ,C,,,,,C,Y,N,A,2,0,0,0,,2,38.08769389,-122.24346573,4
2012,2012-11-26,1347,11,3,13,1,Y,A,N,A,H,A,-,- ,,08,B,,,,,C,N,N,D,5,0,0,0,22107.0,2,38.12775493,-122.25153308,4
2012,2012-11-25,219,11,3,2,7,Y,A,N,A,H,C,A,01,,03,E,,,,,I,Y,N,D,1,0,0,0,22350.0,1,,,4
2012,2012-10-26,1215,10,3,12,5,N,A,N,A,H,A,A,01,N,03,C,,,,,C,N,N,A,3,0,0,0,22350.0,3,38.25185412,-122.06864105,3
2012,2012-10-31,838,10,3,8,3,N,B,N,A,H,A,A,01,E,08,D,,,,,C,N,N,D,1,0,0,0,22107.0,2,38.27593502,-121.96360442,4
2012,2012-10-15,1930,10,3,19,1,N,F,N,A,H,C,A,01,W,10,G,Y,,,,B,N,F,D,1,1,0,0,21950.0,2,38.265175,-122.00833307,3
2012,2012-10-29,1044,10,3,10,1,N,A,N,A,H,A,A,01,,07,D,,,,,C,N,N,D,1,0,0,0,21658.0,2,38.25463494,-122.06715311,4
2012,2012-10-30,739,10,3,7,2,N,A,N,A,H,A,N,60,S,11,G,Y,,,,B,N,N,D,1,1,0,0,21950.0,2,38.27429128,-122.02498322,3
2012,2012-10-14,2005,10,3,20,7,N,A,Y,A,H,E,A,01,W,03,C,,,,,C,Y,N,D,3,0,0,0,22350.0,2,38.17076699,-122.19842021,3
2012,2012-10-14,815,10,3,8,7,N,B,Y,A,H,A,A,08,N,08,F,,,,,I,Y,N,D,1,0,0,0,22107.0,1,38.09236532,-122.10701363,3
2012,2012-10-14,1035,10,3,10,7,N,A,Y,A,H,A,A,08,E,- ,E,,,,,I,Y,N,D,2,0,0,0,,1,38.26069488,-122.06028241,3
2012,2012-10-16,755,10,3,7,2,N,A,N,A,H,A,C,02,E,03,E,,,Y,,I,Y,N,A,1,0,0,1,22350.0,1,38.41672258,-121.85119248,3
2012,2012-10-26,1507,10,3,15,5,Y,A,N,A,H,A,A,01,,12,D,,,,,C,Y,M,D,1,0,0,0,22450.0,2,38.10610494,-122.2598731,4
2012,2012-10-27,1025,10,3,10,6,N,A,N,A,D,A,-,- ,N,21,H,,,,,C,N,N,D,1,0,0,0,22106.0,2,38.12191624,-122.20797723,4
2012,2012-10-07,1150,10,3,11,7,N,A,N,A,H,A,-,- ,S,03,A,,,,,I,N,N,D,1,0,0,0,22350.0,1,38.09813657,-122.26074153,4
2012,2012-10-17,859,10,3,8,3,N,A,N,A,H,A,-,- ,,22,G,Y,,,,B,N,F,D,1,1,0,0,,2,38.10997765,-122.25428581,4
2012,2012-10-26,1334,10,3,13,5,N,A,N,A,H,A,-,- ,S,- ,C,,,,,C,Y,N,D,1,0,0,0,,3,38.11276139,-122.2486058,2
2012,2012-10-24,1930,10,3,19,3,Y,B,Y,A,H,C,-,- ,,- ,B,Y,,,,B,,N,D,1,1,0,0,,2,38.10693462,-122.25484592,4
2012,2012-10-28,1843,10,3,18,7,N,A,Y,A,H,C,-,- ,,03,H,,,,,I,Y,N,D,1,0,0,0,22350.0,1,38.10599488,-122.21524315,4
2012,2012-10-27,1851,10,3,18,6,N,A,N,A,B,C,A,01,N,08,B,,,,,C,Y,N,D,1,0,0,0,22107.0,2,38.12565439,-122.21113065,4
2012,2012-10-13,1240,10,3,12,6,Y,A,N,A,H,A,L,04,,12,H,,Y,,,G,N,F,A,1,0,1,0,21453.0,2,38.25821498,-122.05000321,4
2012,2012-10-13,1328,10,3,13,6,N,A,N,A,H,A,A,01,W,08,C,,,,,C,Y,N,D,1,0,0,0,22107.0,2,38.28424803,-122.03230349,3
2012,2012-10-03,1515,10,3,15,3,Y,A,N,A,H,A,-,- ,,03,C,,,,,C,N,N,A,1,0,0,0,22350.0,2,38.12543491,-122.20437316,4
2012,2012-10-04,955,10,3,9,4,Y,B,N,A,H,A,-,- ,,12,C,,,,,C,Y,F,A,3,0,0,0,22450.0,2,38.10103492,-122.2516732,4
2012,2012-10-03,1531,10,3,15,3,Y,A,N,A,H,A,-,- ,,06,C,,,,,C,N,N,A,1,0,0,0,21750.0,2,38.09903497,-122.19596318,4
2012,2012-10-23,706,10,3,7,2,N,A,N,B,H,B,-,- ,N,03,C,,,,,C,N,N,A,2,0,0,0,22350.0,2,38.14716819,-122.24592588,4
2012,2012-10-24,1042,10,3,10,3,Y,B,N,B,H,A,-,- ,,03,C,,,,,C,N,N,D,1,0,0,0,22350.0,2,38.10106494,-122.25332316,4
2012,2012-10-26,1227,10,3,12,5,Y,A,N,A,H,A,-,- ,,12,D,,,,,C,Y,N,A,1,0,0,0,21453.0,2,38.12357493,-122.22788311,4
2012,2012-10-16,951,10,3,9,2,Y,A,N,A,H,A,-,- ,,- ,D,,,,,C,N,N,A,1,0,0,0,,2,38.25823491,-122.03420309,4
2012,2012-10-14,1330,10,3,13,7,N,A,N,A,H,A,C,02,W,08,H,,,Y,,A,N,N,A,1,0,0,1,22107.0,3,38.19799515,-122.14976549,2
2012,2012-11-23,2147,11,3,21,5,Y,A,N,A,H,C,D,22,,01,D,,,,,C,Y,N,A,4,0,0,0,23152.0,3,38.33533494,-121.9532931,4
2012,2012-12-05,1900,12,4,19,3,Y,B,N,B,H,C,A,08,,03,C,,,,,C,Y,N,D,1,0,0,0,22350.0,2,38.360376,-121.981608,3
2012,2012-11-28,1205,11,3,12,3,N,B,Y,B,H,A,G,27,W,08,D,,,,Y,C,Y,N,D,1,0,0,0,22107.0,2,38.38555152,-121.93736219,4
2012,2012-11-28,1155,11,3,11,3,N,C,Y,B,H,A,D,22,W,03,D,,,,,C,Y,N,D,1,0,0,0,22350.0,2,38.1412555,-122.23605853,4
2012,2012-11-30,830,11,3,8,5,N,B,Y,B,H,A,A,01,W,03,C,,,,,C,N,N,D,1,0,0,0,22350.0,2,38.23546899,-122.10289392,4
2012,2012-09-24,825,9,3,8,1,N,A,N,A,H,A,A,01,E,03,C,,,,,C,Y,N,D,3,0,0,0,22350.0,3,38.27293929,-122.03277692,2
2012,2012-11-02,1934,11,3,19,5,N,A,N,A,H,C,A,07,E,08,D,,,,,C,N,N,A,1,0,0,0,22107.0,2,38.25817863,-122.05288589,4
2012,2012-11-11,1745,11,3,17,7,Y,A,N,A,H,C,A,01,,09,B,,,,,C,Y,N,A,1,0,0,0,21802.0,2,38.25817497,-122.02302314,4
2012,2012-11-05,1459,11,3,14,1,Y,A,N,A,H,A,A,01,,12,D,,,,,C,Y,N,A,2,0,0,0,21453.0,3,38.26487496,-121.9880731,4
2012,2012-11-11,2105,11,3,21,7,N,A,N,A,H,C,A,01,S,01,E,,,,,I,Y,M,D,1,0,0,0,23152.0,1,38.27594223,-122.03413596,2
2012,2012-05-27,2237,5,1,22,7,N,B,N,A,H,C,-,- ,W,00,C,,,,,E,,N,D,1,0,0,0,,3,38.24735269,-122.0002925,4
2012,2012-07-08,1156,7,2,11,7,Y,A,Y,A,H,A,A,,,03,C,,,,,C,N,N,A,1,0,0,0,22350.0,2,38.14411003,-122.25551948,4
2012,2012-07-21,17,7,2,0,6,Y,A,Y,A,H,C,A,01,,01,D,,,,,C,N,N,A,2,0,0,0,23152.0,2,38.24133147,-122.05046051,3
2012,2012-10-09,1650,10,3,16,2,Y,A,N,A,H,A,L,04,,05,H,,Y,,,G,N,N,D,1,0,1,0,21650.0,2,38.30076,-122.0275305,3
2012,2012-10-10,2007,10,3,20,3,Y,B,N,A,H,C,A,01,,09,D,,,,,C,N,N,A,2,0,0,0,21802.0,2,38.25822492,-122.04476315,4
2012,2012-10-13,1806,10,3,18,6,Y,A,N,A,H,A,A,01,,09,A,,,,,C,Y,N,D,3,0,0,0,21801.0,2,38.27633501,-122.03413314,4
2012,2012-10-08,957,10,3,9,1,Y,A,N,A,H,A,A,01,,03,C,,,,,C,N,N,A,1,0,0,0,22350.0,2,38.25825496,-122.03802319,4
2012,2012-10-12,1644,10,3,16,5,N,A,N,A,H,A,A,01,E,03,E,,,,,I,Y,N,D,1,0,0,0,22350.0,1,38.21865711,-122.13967395,4
2012,2012-10-09,1303,10,3,13,2,N,A,N,A,H,A,A,01,W,08,E,,,,,I,Y,N,D,1,0,0,0,22107.0,1,38.22888369,-122.07199181,4
2012,2012-10-05,1300,10,3,13,5,N,A,Y,A,H,A,A,01,W,03,C,,,,,C,N,N,A,3,0,0,0,22350.0,2,38.24110845,-122.05123925,4
2012,2012-10-07,1247,10,3,12,7,N,A,N,A,H,A,A,01,W,03,C,,,,,C,Y,N,A,3,0,0,0,22350.0,3,38.24928501,-122.06091558,4
2012,2012-10-25,1153,10,3,11,4,N,A,N,A,H,A,-,- ,S,03,C,,,,,C,Y,N,D,1,0,0,0,22350.0,2,38.3527017,-121.94784732,4
2012,2012-10-29,738,10,3,7,1,N,A,Y,A,H,A,L,04,E,09,D,,Y,,,G,N,N,D,1,0,1,0,21804.0,2,38.34685193,-121.99549289,3
2012,2012-10-25,0,10,3,0,4,N,C,N,B,H,E,-,- ,E,08,E,,,,,I,Y,N,A,1,0,0,0,22107.0,1,38.26532026,-122.0190002,2
2012,2012-10-26,1507,10,3,15,5,N,A,Y,A,H,A,A,01,S,03,C,,,,,C,N,N,D,2,0,0,0,22350.0,3,38.21414504,-122.14175317,4
2012,2012-10-24,2340,10,3,23,3,N,C,N,B,H,D,A,01,W,08,E,,,,,J,Y,N,D,1,0,0,0,22107.0,1,38.501077,-121.7595246,4
2012,2012-10-28,1230,10,3,12,7,N,A,N,A,H,A,L,04,W,08,B,,Y,,,G,N,N,D,2,0,2,0,22107.0,3,38.49914814,-121.98135931,3
2012,2012-10-27,1230,10,3,12,6,N,A,Y,A,H,A,A,01,E,03,C,,,,,C,Y,N,D,2,0,0,0,22350.0,3,38.10098428,-122.2296917,3
2012,2012-10-28,1315,10,3,13,7,N,A,Y,A,H,A,-,99,W,03,C,,,,,C,Y,N,D,2,0,0,0,22350.0,2,38.24017096,-122.06930439,3