ACCIDENT_YEAR,COLLISION_DATE,COLLISION_TIME,MONTH,SEASON,24HOURS,DAY_OF_WEEK,INTERSECTION,WEATHER_1,STATE_HWY_IND,ROAD_SURFACE,ROAD_COND_1,LIGHTING,STWD_VEHTYPE_AT_FAULT,CHP_VEHTYPE_AT_FAULT,DIRECTION,PCF_VIOL_CATEGORY,TYPE_OF_COLLISION,PEDESTRIAN_ACCIDENT,BICYCLE_ACCIDENT,MOTORCYCLE_ACCIDENT,TRUCK_ACCIDENT,MVIW,TOW_AWAY,HIT_AND_RUN,CONTROL_DEVICE,NUMBER_INJURED,COUNT_PED_INJURED,COUNT_BICYCLIST_INJURED,COUNT_MC_INJURED,PCF_VIOLATION,PARTY_COUNT,POINT_Y,POINT_X,COLLISION_SEVERITY
2013,2013-09-08,230,9,3,2,7,N,A,Y,A,H,D,A,07,W,01,E,,,,,I,Y,M,D,1,0,0,0,23152.0,1,38.3138363,-122.0327831,3
2013,2013-09-13,728,9,3,7,5,Y,A,N,A,H,A,A,08,,10,G,Y,,,,B,N,N,D,2,2,0,0,21950.0,3,38.359095,-121.9921131,3
2013,2013-09-17,828,9,3,8,2,N,A,N,A,H,A,-,- ,N,15,E,,,,,I,N,N,D,1,0,0,0,26453.0,1,,,4
2013,2013-08-31,2308,8,2,23,6,N,A,N,A,H,D,C,02,E,01,F,,,Y,,J,Y,N,D,1,0,0,1,23152.0,1,38.402606,-121.9710416,3
2013,2013-09-07,1015,9,3,10,6,N,A,Y,A,H,A,A,01,E,08,E,,,,,I,Y,N,D,1,0,0,0,22107.0,1,38.1396349,-122.3575677,4
2013,2013-09-08,230,9,3,2,7,N,A,Y,A,H,D,A,01,E,01,E,,,,,I,Y,N,A,1,0,0,0,23152.0,1,38.3150467,-121.8234428,3
2013,2013-09-08,1645,9,3,16,7,N,A,Y,A,H,A,A,01,S,08,B,,,Y,,C,Y,N,D,1,0,0,1,22107.0,2,38.4690797,-121.8223345,3
2013,2013-09-08,710,9,3,7,7,N,A,Y,A,H,A,A,08,W,07,B,,,Y,,C,Y,N,D,1,0,0,1,21658.0,2,38.3545911,-121.97814,2
2013,2013-09-11,645,9,3,6,3,N,B,Y,A,H,A,A,01,S,08,E,,,,,I,Y,N,D,1,0,0,0,22107.0,1,38.2010512,-122.1378678,3
2013,2013-09-12,553,9,3,5,4,N,A,Y,A,H,B,A,01,S,08,E,,,,,I,Y,N,D,1,0,0,0,22107.0,1,38.2052332,-122.1378997,4
2013,2013-09-03,1730,9,3,17,2,Y,A,N,A,H,A,A,01,,03,E,,,,,I,Y,N,D,2,0,0,0,22350.0,1,38.3082249,-121.9155032,3
2013,2013-09-06,310,9,3,3,5,N,A,N,A,H,D,A,01,W,01,F,,,,,A,Y,N,D,1,0,0,0,23152.0,1,38.31560459,-121.9430691,3
2013,2013-09-06,610,9,3,6,5,N,A,Y,A,H,B,A,07,N,08,F,,,,,A,Y,N,D,1,0,0,0,22107.0,1,38.3730321,-121.8229606,4
2013,2013-09-26,730,9,3,7,4,N,A,N,A,H,A,A,01,S,06,D,,,,,C,Y,N,D,1,0,0,0,21750.0,2,38.3920962,-121.9599158,4
2013,2013-09-17,1735,9,3,17,2,Y,A,N,A,H,A,A,01,,03,C,,,,,C,Y,N,A,2,0,0,0,22350.0,2,38.293659,-122.0318415,4
2013,2013-08-18,1241,8,2,12,7,N,A,Y,A,H,A,-,- ,E,03,C,,,,,C,N,N,A,3,0,0,0,22350.0,3,38.2404111,-122.0660957,4
2013,2013-09-05,754,9,3,7,4,N,A,N,A,H,A,N,60,E,11,G,Y,,,,B,N,N,D,1,1,0,0,21954.0,2,38.27222387,-121.9577086,2
2013,2013-09-13,1450,9,3,14,5,N,A,Y,A,H,A,C,02,E,08,E,,,Y,,I,N,N,D,1,0,0,1,22107.0,2,38.2272854,-122.1209591,4
2013,2013-09-06,1730,9,3,17,5,Y,A,N,A,H,A,A,01,,12,D,,,,,D,Y,N,D,1,0,0,0,22450.0,2,38.2543649,-122.0421231,3
2013,2013-09-04,2118,9,3,21,3,N,A,N,A,H,C,L,04,N,14,D,,Y,,,G,N,N,A,1,0,1,0,21201.0,2,38.2655405,-122.0342132,3
2013,2013-09-11,1216,9,3,12,3,N,A,N,A,H,A,A,01,W,09,D,,,,,C,Y,N,A,4,0,0,0,21801.0,2,38.272525,-121.9787685,3
2013,2013-09-06,1330,9,3,13,5,Y,A,N,A,H,A,A,01,,09,D,,,,,C,N,N,A,1,0,0,0,21802.0,2,38.2481349,-122.0472531,4
2013,2013-09-04,1102,9,3,11,3,Y,A,N,A,H,A,A,07,,- ,D,,,,,C,Y,N,A,1,0,0,0,,2,38.23578,-122.08401,4
2013,2013-09-04,743,9,3,7,3,N,A,N,A,H,A,A,08,S,09,D,,,,,C,N,N,D,4,0,0,0,21801.0,2,38.2541475,-122.0342236,4
2013,2013-07-10,732,7,2,7,3,Y,A,N,A,H,A,A,01,,21,D,,,,,C,Y,N,A,1,0,0,0,22106.0,2,38.457995,-121.8382131,4
2013,2013-08-25,1524,8,2,15,7,Y,A,N,A,H,A,A,01,,09,D,,,,,C,N,N,A,3,0,0,0,21802.0,2,38.449505,-121.8262232,4
2013,2013-09-12,1640,9,3,16,4,N,A,Y,A,H,A,A,01,E,07,B,,,Y,,C,Y,F,D,1,0,0,1,21658.0,2,38.1297912,-122.3317104,2
2013,2013-09-12,1600,9,3,16,4,N,A,Y,A,H,A,C,02,E,03,C,,,Y,,C,Y,N,D,1,0,0,1,22350.0,2,38.1297912,-122.3317104,2
2013,2013-09-22,358,9,3,3,7,Y,A,N,A,H,C,A,01,,03,B,,,,,J,Y,N,D,2,0,0,0,22350.0,2,38.2698649,-122.0072731,4
2013,2013-08-24,1309,8,2,13,6,Y,A,N,A,D,A,A,01,,12,D,,,,,C,Y,F,A,1,0,0,0,22450.0,3,38.267085,-122.0072731,4
2013,2013-08-30,600,8,2,6,5,Y,A,N,A,H,B,-,99,,12,D,,,,,C,Y,F,A,1,0,0,0,21453.0,2,38.254485,-122.0500032,3
2013,2013-08-29,200,8,2,2,4,N,A,N,A,H,C,A,01,W,- ,E,,,,,I,Y,N,A,1,0,0,0,,2,38.2842828,-122.03424,3
2013,2013-09-14,1530,9,3,15,6,N,A,N,A,H,A,A,01,E,08,E,,,,,I,Y,N,D,1,0,0,0,22107.0,1,38.30596121,-122.02175617,3
2013,2013-09-15,1525,9,3,15,7,N,A,Y,A,H,A,A,01,E,03,C,,,,,C,Y,N,D,1,0,0,0,22350.0,4,38.3313632,-122.0202274,3
2013,2013-09-14,1540,9,3,15,6,N,A,Y,A,H,A,D,22,W,03,C,,,Y,,C,N,N,D,2,0,0,2,22350.0,2,38.1835753,-121.7819889,4
2013,2013-09-23,840,9,3,8,1,N,A,N,A,H,A,-,- ,E,08,B,,,,,C,N,N,A,2,0,0,0,22107.0,2,38.347535,-121.9976732,4
2013,2013-09-20,1655,9,3,16,5,N,A,N,A,H,A,A,01,W,03,C,,,,,C,Y,N,D,5,0,0,0,22350.0,3,38.3627633,-121.96502566,3
2013,2013-07-29,1900,7,2,19,1,N,A,N,A,H,A,A,01,S,08,A,,,Y,,C,N,N,A,1,0,0,1,22102.0,2,38.091635,-122.2367709,3
2013,2013-10-01,1543,10,3,15,2,N,A,N,A,H,A,D,22,S,09,D,,,,,C,N,N,D,1,0,0,0,21804.0,2,38.3642566,-121.9601036,4
2013,2013-10-01,1618,10,3,16,2,N,A,N,A,H,A,-,- ,W,03,C,,,,,C,Y,N,A,2,0,0,0,22350.0,2,38.3589859,-121.9800878,4
2013,2013-10-01,1505,10,3,15,2,N,A,N,A,H,A,-,- ,W,04,C,,,,,C,N,N,A,3,0,0,0,21703.0,3,38.3590249,-121.9888232,4
2013,2013-09-15,1647,9,3,16,7,N,A,Y,A,H,A,-,- ,E,08,F,,,,,D,Y,N,A,2,0,0,0,22107.0,1,38.1662346,-121.7038521,3
2013,2013-09-15,1011,9,3,10,7,N,A,N,A,H,A,-,- ,E,09,D,,,,,C,Y,N,A,2,0,0,0,21804.0,2,38.3517276,-121.9515676,3
2013,2013-09-16,1310,9,3,13,1,N,A,Y,A,H,A,A,01,E,08,E,,,,,I,Y,N,D,1,0,0,0,22107.0,1,38.0638488,-122.1604636,3
2013,2013-08-24,1834,8,2,18,6,Y,A,N,A,H,A,L,04,,09,D,,Y,,,G,N,N,D,1,0,1,0,21804.0,2,38.258255,-122.0380232,4
2013,2013-09-12,557,9,3,5,4,Y,A,N,A,H,C,A,08,,08,D,,,,,C,Y,N,D,2,0,0,0,22107.0,2,38.40506834,-121.94760382,4
2013,2013-09-21,1520,9,3,15,6,N,B,Y,B,H,A,A,01,W,03,C,,,,Y,C,Y,N,D,1,0,0,0,22350.0,3,38.3669737,-121.9610196,4
2013,2013-08-25,1055,8,2,10,7,N,A,Y,A,H,A,D,22,E,07,E,,,Y,,I,Y,N,D,1,0,0,1,21658.0,2,38.1272239,-122.2677059,4
2013,2013-09-20,1510,9,3,15,5,N,A,Y,A,H,A,A,01,E,03,C,,,,,C,Y,N,D,1,0,0,0,22350.0,2,38.2444234,-122.0817464,4
2013,2013-09-21,500,9,3,5,6,N,C,Y,B,H,C,D,22,E,03,E,,,,Y,I,Y,N,D,1,0,0,0,22350.0,3,38.1282846,-122.2268742,2
2013,2013-09-23,825,9,3,8,1,N,A,Y,A,H,A,G,27,W,03,C,,,,Y,C,N,N,D,1,0,0,0,22350.0,2,38.2136621,-122.1424499,4
2013,2013-09-14,2305,9,3,23,6,N,A,N,A,H,D,A,01,E,03,C,,,,,C,Y,N,A,3,0,0,0,22350.0,2,38.3588448,-121.8968209,3
2013,2013-09-14,1200,9,3,12,6,N,A,Y,A,H,A,A,01,E,03,C,,,,,C,Y,N,D,1,0,0,0,22350.0,4,38.0952665,-122.2297566,4
2013,2013-09-13,1400,9,3,14,5,N,A,Y,A,H,A,C,02,S,06,C,,,Y,,C,Y,N,D,1,0,0,1,21750.0,2,,,4
2013,2013-09-20,620,9,3,6,5,N,A,Y,A,H,A,A,01,E,08,A,,,,,C,Y,N,D,2,0,0,0,22107.0,2,38.1833879,-121.7394392,3
2013,2013-09-19,750,9,3,7,4,N,A,Y,A,H,A,C,02,W,- ,C,,,Y,,C,Y,N,D,1,0,0,1,,2,38.3439254,-122.003688,2
2013,2013-09-15,1840,9,3,18,7,N,A,Y,A,H,B,A,07,E,08,F,,,,,A,Y,N,D,2,0,0,0,22107.0,1,38.3771534,-121.9480943,3
2013,2013-09-14,2310,9,3,23,6,Y,A,Y,A,H,C,A,01,,12,D,,,,,C,Y,N,A,1,0,0,0,22450.0,2,38.204345,-122.1546932,4
2013,2013-09-12,2243,9,3,22,4,N,A,N,A,H,C,-,- ,S,04,B,,,,,C,N,M,D,1,0,0,0,21703.0,2,38.1045039,-122.2210414,4
2013,2013-08-26,836,8,2,8,1,N,A,N,A,H,A,-,- ,N,08,C,,Y,,,G,N,N,D,1,0,1,0,22107.0,2,38.09377967,-122.27066875,4
2013,2013-08-23,1426,8,2,14,5,Y,A,Y,A,H,A,A,,,09,D,,,,,C,Y,N,A,3,0,0,0,21802.0,2,38.1069402,-122.2548457,3
2013,2013-08-20,1529,8,2,15,2,Y,A,N,A,H,A,A,01,,12,D,,,,,C,Y,N,A,1,0,0,0,21453.0,2,38.109625,-122.2176432,3
2013,2013-08-18,1421,8,2,14,7,N,A,N,A,H,A,A,,W,08,C,,,,,E,Y,N,D,1,0,0,0,22107.0,3,38.1099688,-122.2534161,4
2013,2013-08-16,1639,8,2,16,5,N,A,N,A,H,A,-,- ,E,08,D,,,,,C,Y,N,D,1,0,0,0,22103.0,2,38.1540371,-122.2411094,4
2013,2013-09-21,1334,9,3,13,6,Y,C,N,B,H,A,A,01,,03,C,,,,,C,N,N,A,3,0,0,0,22350.0,4,38.2655449,-122.0499632,4
2013,2013-09-23,1020,9,3,10,1,N,A,N,A,H,A,A,07,E,08,A,,,,,E,Y,N,D,1,0,0,0,22107.0,2,38.2682397,-122.0160617,4
2013,2013-09-28,756,9,3,7,6,N,A,N,A,H,A,D,22,N,08,C,,,,,E,Y,N,D,1,0,0,0,22107.0,3,38.21843039,-122.12478161,4
2013,2013-09-17,808,9,3,8,2,N,A,N,A,H,A,I,12,W,09,D,,,,,C,N,N,D,1,0,0,0,21804.0,2,38.2763117,-122.0343858,4
2013,2013-08-27,948,8,2,9,2,N,A,Y,A,H,A,A,07,S,08,E,,,,,I,Y,N,D,1,0,0,0,22107.0,2,38.1485945,-122.1111881,3
2013,2013-08-26,720,8,2,7,1,N,B,Y,A,H,A,A,07,E,04,C,,,,,C,Y,N,D,2,0,0,0,21703.0,2,38.1128834,-122.2297409,3
2013,2013-08-30,346,8,2,3,5,N,A,Y,A,H,C,A,07,W,08,E,,,,,I,Y,N,D,1,0,0,0,22107.0,1,38.3685086,-121.95937,3
2013,2013-08-29,2155,8,2,21,4,N,A,Y,A,D,C,A,01,W,03,C,,,,,C,N,N,D,1,0,0,0,22350.0,2,38.3451328,-121.9999314,3
2013,2013-08-26,955,8,2,9,1,N,A,Y,A,H,A,A,01,W,03,C,,,,,C,Y,N,D,1,0,0,0,22350.0,2,38.2697938,-122.0525903,4
2013,2013-08-28,1735,8,2,17,3,N,A,N,A,H,A,C,02,N,08,F,,,Y,,A,N,N,D,1,0,0,1,22107.0,1,38.5042583,-121.7571412,3
2013,2013-10-04,1636,10,3,16,5,Y,A,N,A,H,A,A,01,,01,C,,,,,C,Y,N,D,1,0,0,0,23152.0,3,38.3497849,-122.0017032,4
2013,2013-09-28,1505,9,3,15,6,N,A,Y,A,H,A,F,27,N,08,F,,,,Y,I,Y,N,D,1,0,0,0,22107.0,1,38.3798505,-121.9529905,3
2013,2013-09-26,1725,9,3,17,4,N,A,Y,A,H,A,-,99,W,07,H,,,,Y,A,Y,F,D,1,0,0,0,21658.0,3,38.0915102,-122.2308656,4
2013,2013-09-27,1320,9,3,13,5,N,A,Y,A,H,A,D,22,W,03,C,,,,,C,N,F,D,2,0,0,0,22350.0,2,38.4870313,-121.8061178,4
2013,2013-09-30,810,9,3,8,1,N,A,Y,A,H,A,D,22,W,03,C,,,,,C,Y,N,D,1,0,0,0,22350.0,3,38.1204181,-122.3097407,4
2013,2013-08-31,130,8,2,1,6,N,A,N,A,H,C,D,22,W,01,E,,,,,I,Y,N,D,1,0,0,0,23152.0,1,38.22357,-122.1125579,3
2013,2013-09-25,1330,9,3,13,3,N,A,Y,A,H,A,G,25,E,04,E,,,,Y,I,Y,N,D,1,0,0,0,21703.0,2,38.148665,-122.3805632,3
2013,2013-09-25,1800,9,3,18,3,N,A,Y,A,H,A,D,22,E,08,E,,,,,I,Y,N,D,1,0,0,0,22107.0,1,38.5067003,-121.7844429,3
2013,2013-03-15,1424,3,1,14,5,N,A,Y,A,H,A,N,60,S,11,G,Y,,,,B,N,N,D,1,1,0,0,21954.0,2,38.126678,-122.2554293,4
2013,2013-07-16,1856,7,2,18,2,N,A,N,A,H,A,A,01,S,08,H,,Y,,,-,N,N,D,1,0,1,0,22107.0,2,38.0622481,-122.16594,3
2013,2013-09-30,200,9,3,2,1,N,B,N,A,H,C,A,08,E,01,E,,,,,I,Y,N,A,1,0,0,0,23152.0,1,38.0824565,-122.2385806,4
2013,2013-09-21,1735,9,3,17,6,N,B,Y,A,H,A,A,01,E,03,C,,,,,C,Y,N,D,2,0,0,0,22350.0,2,38.4648725,-121.8340386,4
2013,2013-09-21,2230,9,3,22,6,N,A,Y,B,H,C,C,02,W,03,F,,,Y,,A,Y,N,D,1,0,0,1,22350.0,1,38.085885,-122.2326632,3
2013,2013-09-23,1650,9,3,16,1,N,A,N,A,H,A,A,08,E,06,B,,,,,C,N,N,D,2,0,0,0,21750.0,2,38.5026791,-121.7442284,4
2013,2013-09-21,1220,9,3,12,6,N,B,Y,B,H,A,A,01,N,03,C,,,,,C,Y,N,D,1,0,0,0,22350.0,3,38.2106864,-122.1377232,4
2013,2013-09-21,1040,9,3,10,6,N,C,Y,B,H,A,A,07,W,03,F,,,,,A,Y,N,D,1,0,0,0,22350.0,1,38.105805,-122.2298232,4
2013,2013-09-22,1129,9,3,11,7,N,A,Y,A,H,A,A,01,E,03,B,,,,,C,N,N,D,1,0,0,0,22350.0,2,38.1262027,-122.2281952,4
2013,2013-09-20,1727,9,3,17,5,N,A,Y,A,H,A,A,01,W,03,C,,,,,C,Y,N,D,1,0,0,0,22350.0,3,38.2486398,-122.0708821,4
2013,2013-09-20,1730,9,3,17,5,N,A,Y,A,H,A,A,01,E,03,C,,,,,C,Y,N,D,2,0,0,0,22350.0,3,38.4739619,-121.8227195,4
2013,2013-09-24,600,9,3,6,2,Y,A,N,A,H,B,A,07,,12,E,,,,,I,Y,N,A,1,0,0,0,22450.0,1,38.489635,-121.9237731,4
2013,2013-09-21,1230,9,3,12,6,N,C,Y,B,H,A,A,01,E,03,C,,,,,C,Y,N,D,1,0,0,0,22350.0,2,38.2948813,-122.0342171,4
2013,2013-09-21,1315,9,3,13,6,N,B,Y,B,H,A,A,07,W,08,E,,,,,I,Y,N,D,1,0,0,0,22107.0,1,38.0682506,-122.1817268,4
2013,2013-09-27,1635,9,3,16,5,Y,A,N,A,H,A,-,99,,07,C,,,,,C,Y,F,A,1,0,0,0,21658.0,2,38.228724,-122.126202,4
2013,2013-09-18,1115,9,3,11,3,N,A,N,A,H,A,A,08,N,05,A,,,,,C,Y,N,D,5,0,0,0,21752.0,2,38.2630596,-122.0746957,4
2013,2013-09-05,654,9,3,6,4,Y,A,N,A,H,A,A,01,,05,A,,,,,C,Y,N,D,2,0,0,0,21460.0,2,38.2654749,-122.0284932,3
2013,2013-09-15,2021,9,3,20,7,N,A,N,A,H,C,-,- ,E,10,G,Y,,,,B,N,N,D,1,1,0,0,21950.0,2,38.105995,-122.2162784,3
2013,2013-09-12,1005,9,3,10,4,Y,B,N,A,H,A,D,,,12,D,,,,,C,N,N,A,1,0,0,0,21453.0,2,38.0815249,-122.2124132,4
2013,2013-09-12,811,9,3,8,4,Y,B,N,A,H,A,A,,,12,D,,,,,C,Y,N,A,1,0,0,0,21453.0,2,38.109665,-122.2314432,4
2013,2013-09-23,1222,9,3,12,1,Y,A,N,A,H,A,A,,,12,D,,,,,C,Y,N,A,1,0,0,0,21453.0,2,38.109835,-122.2433731,4
2013,2013-09-19,2111,9,3,21,4,N,A,N,A,H,C,A,,N,01,C,,,,,C,Y,N,A,1,0,0,0,23152.0,2,38.1333671,-122.2436888,4
2013,2013-09-14,1230,9,3,12,6,N,A,N,A,H,A,A,,N,08,B,,,,,C,Y,N,D,1,0,0,0,22107.0,2,38.10154035,-122.22849369,4
2013,2013-09-11,1734,9,3,17,3,N,A,N,A,H,A,A,,S,08,B,,,,,E,Y,F,D,1,0,0,0,22107.0,2,38.1095784,-122.2331056,3
2013,2013-09-09,1610,9,3,16,1,Y,A,Y,A,H,A,A,,,- ,D,,,Y,,C,Y,N,A,1,0,0,1,,2,38.097195,-122.2550532,2
2013,2013-09-09,752,9,3,7,1,Y,A,N,A,H,A,D,,,09,D,,,,,C,Y,N,D,1,0,0,0,21802.0,2,38.1156649,-122.2694232,4
2013,2013-09-07,1957,9,3,19,6,N,A,N,A,H,C,N,60,W,11,G,Y,,,,B,N,N,D,1,1,0,0,21954.0,2,38.1461319,-122.2378305,3
2013,2013-09-06,755,9,3,7,5,N,A,N,A,H,A,E,,E,01,C,,,,,C,Y,F,A,1,0,0,0,23152.0,2,38.1291899,-122.2391804,4
2013,2013-09-06,748,9,3,7,5,N,A,N,A,H,A,A,,N,01,A,,,,,I,Y,F,A,1,0,0,0,23152.0,1,38.1283015,-122.2293826,4
2013,2013-10-01,714,10,3,7,2,N,A,N,A,H,A,L,04,E,05,H,,Y,,,G,N,N,A,1,0,1,0,21650.0,2,38.290785,-122.0339823,4
2013,2013-10-15,1518,10,3,15,2,N,A,N,A,H,A,A,01,E,07,B,,,,,C,Y,N,A,2,0,0,0,21658.0,2,38.258175,-122.0622229,4
2013,2013-09-30,1305,9,3,13,1,Y,A,Y,A,H,A,-,- ,,09,D,,,,,C,N,N,D,2,0,0,0,21801.0,2,38.0788517,-122.2352941,2
2013,2013-09-26,1519,9,3,15,4,Y,A,N,A,H,A,L,,,12,D,,Y,,,G,N,N,A,1,0,1,0,21453.0,2,38.1306249,-122.2251531,3
2013,2013-09-23,728,9,3,7,1,Y,A,N,A,H,A,-,- ,,09,A,,,,,C,Y,N,D,3,0,0,0,21801.0,2,38.08054029,-122.22742796,4
2013,2013-08-31,1620,8,2,16,6,N,A,Y,A,H,A,A,01,E,03,C,,,,,C,Y,N,D,1,0,0,0,22350.0,2,38.2092484,-122.2022869,4
2013,2013-08-31,730,8,2,7,6,N,A,Y,A,H,A,A,07,S,03,F,,,,,A,Y,N,D,1,0,0,0,22350.0,1,38.2399751,-121.6647631,3
2013,2013-08-31,1045,8,2,10,6,N,A,Y,A,H,A,A,01,W,08,E,,,,,I,Y,N,D,1,0,0,0,22107.0,1,38.1389324,-122.2203253,4
2013,2013-08-31,1124,8,2,11,6,Y,A,N,A,H,A,A,01,,12,D,,,,,D,Y,N,A,1,0,0,0,22450.0,2,38.351605,-121.8968931,4
2013,2013-08-30,1815,8,2,18,5,N,A,Y,A,H,A,A,07,E,03,C,,,,,C,Y,N,D,1,0,0,0,22350.0,3,38.1412706,-122.2304875,4
2013,2013-08-30,724,8,2,7,5,N,A,Y,A,H,A,A,01,W,08,E,,,,,J,Y,N,D,2,0,0,0,22107.0,1,38.3436585,-122.0037725,3
2013,2013-08-28,1501,8,2,15,3,N,A,Y,A,H,A,A,08,W,03,C,,,,,C,Y,N,D,1,0,0,0,22350.0,5,38.2696972,-122.0526727,4
2013,2013-09-28,1525,9,3,15,6,N,A,Y,A,H,A,A,07,W,08,F,,,,,A,Y,N,D,1,0,0,0,22107.0,2,38.5013657,-121.7897662,2
2013,2013-09-28,1005,9,3,10,6,N,A,Y,A,B,A,A,01,W,08,E,,,,,I,N,N,D,1,0,0,0,22107.0,1,38.5349484,-121.7419747,3
2013,2013-09-28,23,9,3,0,6,N,A,Y,A,H,C,A,01,W,03,C,,,,,C,Y,N,A,1,0,0,0,22350.0,3,38.2278347,-122.1198395,4
2013,2013-09-25,1115,9,3,11,3,N,A,Y,A,H,A,A,01,E,08,E,,,,,I,Y,N,D,4,0,0,0,22107.0,1,38.1390534,-122.3558565,3
2013,2013-09-28,1635,9,3,16,6,N,A,Y,A,H,A,A,01,N,03,C,,,,,C,Y,N,D,2,0,0,0,22350.0,2,38.3947872,-121.9497493,3
2013,2013-09-15,10,9,3,0,7,N,B,Y,A,H,C,A,01,W,07,B,,,,,C,Y,M,D,1,0,0,0,21658.0,3,38.0686577,-122.2264136,4
2013,2013-09-29,505,9,3,5,7,N,A,Y,A,H,C,N,60,E,- ,G,Y,,,,B,N,F,D,1,1,0,0,,2,38.1013843,-122.2296858,2
2013,2013-09-29,2130,9,3,21,7,N,B,Y,A,H,C,A,01,E,03,C,,,,,C,Y,N,D,1,0,0,0,22350.0,3,38.0636145,-122.2255129,4
2013,2013-09-27,1935,9,3,19,5,N,A,N,A,H,D,-,- ,N,18,E,,,Y,,H,Y,N,D,1,0,0,1,,2,38.459049,-121.9424764,3
2013,2013-09-25,2200,9,3,22,3,N,A,N,A,D,D,A,07,S,08,F,,,,,A,Y,N,D,1,0,0,0,22107.0,1,38.28061897,-122.10435301,3
2013,2013-09-01,220,9,3,2,7,N,A,Y,A,H,D,A,01,E,08,F,,,,,J,Y,N,D,1,0,0,0,22107.0,1,38.2507709,-122.0686556,4
2013,2013-09-01,300,9,3,3,7,N,A,N,A,H,D,A,01,S,01,E,,,,,I,Y,N,D,1,0,0,0,23152.0,1,38.26310123,-121.82403803,4
2013,2013-09-01,1135,9,3,11,7,N,A,Y,A,H,A,A,07,W,08,B,,,,,C,Y,N,D,3,0,0,0,22107.0,2,38.4661682,-121.8323732,3
2013,2013-09-28,2158,9,3,21,6,Y,A,N,A,H,C,A,01,,03,C,,,,,C,Y,N,D,1,0,0,0,22350.0,2,38.2470249,-122.0498332,4
2013,2013-09-28,1735,9,3,17,6,N,A,N,A,H,A,C,02,E,01,F,,,Y,,A,N,N,D,1,0,0,1,23152.0,1,38.504408,-121.9548823,2
2013,2013-10-04,750,10,3,7,5,N,A,Y,A,A,A,A,01,W,08,B,,,,,C,Y,N,D,1,0,0,0,22107.0,3,38.384076,-121.938967,4
2013,2013-10-03,1618,10,3,16,4,N,A,Y,A,H,A,A,07,E,03,B,,,,,C,Y,N,D,1,0,0,0,22350.0,3,38.2595157,-122.0612749,4
2013,2013-10-03,820,10,3,8,4,N,A,Y,A,H,A,A,01,E,04,C,,,,,C,Y,N,D,1,0,0,0,21703.0,2,38.2400435,-122.0775773,4
2013,2013-09-16,708,9,3,7,1,N,A,N,A,H,A,-,- ,W,03,C,,,,,C,Y,N,A,1,0,0,0,22350.0,3,38.335335,-121.9539139,2
2013,2013-09-19,1720,9,3,17,4,N,A,N,A,H,A,-,- ,E,03,C,,,,,C,Y,N,D,2,0,0,0,22350.0,3,38.1227434,-122.2339379,3
2013,2013-09-19,1640,9,3,16,4,Y,A,N,A,H,A,-,- ,,08,A,,,,,C,Y,N,A,1,0,0,0,22107.0,3,38.1096449,-122.2246232,4
2013,2013-09-08,1705,9,3,17,7,N,A,N,A,H,A,-,- ,W,01,C,,,,,E,Y,N,D,1,0,0,0,23152.0,3,38.0998049,-122.2179831,4
2013,2013-09-25,1209,9,3,12,3,Y,A,N,A,H,A,A,,,03,C,,,,,D,Y,N,D,2,0,0,0,22350.0,2,38.071062,-122.2124085,4
2013,2013-09-20,2310,9,3,23,5,N,A,N,A,H,C,-,- ,S,10,G,Y,,,,B,N,F,D,1,1,0,0,21950.0,2,38.1030485,-122.2549337,2
2013,2013-09-28,1935,9,3,19,6,N,A,N,A,H,C,N,60,W,11,B,Y,,,,B,N,N,A,1,1,0,0,21954.0,2,38.12809631,-122.24938095,4
2013,2013-09-28,1524,9,3,15,6,Y,A,Y,A,H,A,-,- ,,03,C,,,,,C,N,N,A,1,0,0,0,22350.0,2,38.1078147,-122.2548119,4
2013,2013-09-28,1504,9,3,15,6,Y,A,Y,A,H,A,-,- ,,12,D,,,,,C,Y,F,A,1,0,0,0,21453.0,2,38.1040412,-122.2549039,4
2013,2013-10-05,1630,10,3,16,6,N,A,Y,A,H,A,A,07,W,03,C,,,,,C,Y,N,D,1,0,0,0,22350.0,3,38.271077,-122.0515108,4
2013,2013-10-06,145,10,3,1,7,N,A,Y,A,H,D,A,01,E,01,C,,,,,C,Y,N,D,2,0,0,0,23152.0,2,38.3413635,-122.01153,4
2013,2013-10-03,655,10,3,6,4,N,A,Y,A,H,A,A,01,W,03,C,,,,,C,Y,N,D,3,0,0,0,22350.0,2,38.2152945,-122.1400889,3
2013,2013-10-06,2133,10,3,21,7,N,A,N,A,H,C,C,02,N,01,E,,,Y,,I,Y,N,D,1,0,0,1,23152.0,1,38.36214919,-121.98990941,3
2013,2013-10-12,914,10,3,9,6,Y,A,Y,A,H,A,A,07,,12,D,,,,,C,N,N,A,3,0,0,0,21453.0,2,38.3471951,-121.9946032,4
2013,2013-09-07,1059,9,3,10,6,Y,A,N,A,H,A,-,- ,,09,G,Y,,,,B,N,F,A,1,1,0,0,21453.0,2,38.35402504,-121.97608531,3
2013,2013-10-21,818,10,3,8,1,Y,A,N,A,H,A,A,01,,09,D,,,,,C,N,N,D,1,0,0,0,21800.0,2,38.3430749,-121.9340031,4
2013,2013-10-21,643,10,3,6,1,N,A,N,A,H,D,A,01,E,03,C,,,,,C,Y,N,A,1,0,0,0,22350.0,3,38.2729679,-122.0409284,4
2013,2013-10-15,1421,10,3,14,2,Y,A,N,A,H,A,A,07,,09,D,,,,,C,Y,N,A,2,0,0,0,21801.0,2,38.265005,-122.0047231,4
2013,2013-10-03,1552,10,3,15,4,N,A,N,A,H,A,-,- ,W,03,C,,,,,C,N,N,D,5,0,0,0,22350.0,3,38.1832847,-122.1328406,4
2013,2013-10-09,948,10,3,9,3,N,A,Y,A,H,A,I,20,E,03,F,,,,,I,N,N,D,1,0,0,0,22350.0,1,38.217525,-122.1368432,3
2013,2013-10-11,1449,10,3,14,5,Y,A,N,A,H,A,A,07,,09,D,,,,,C,N,N,D,3,0,0,0,21804.0,2,38.3804249,-121.9337932,3
2013,2013-10-02,725,10,3,7,3,N,A,Y,A,H,A,A,01,W,03,C,,,,,C,Y,N,D,1,0,0,0,22350.0,2,38.2150272,-122.140476,4
2013,2013-10-01,750,10,3,7,2,N,A,Y,A,H,A,A,01,W,04,C,,,,,C,Y,N,D,1,0,0,0,21703.0,6,38.2170717,-122.137502,4