ACCIDENT_YEAR,COLLISION_DATE,COLLISION_TIME,MONTH,SEASON,24HOURS,DAY_OF_WEEK,INTERSECTION,WEATHER_1,STATE_HWY_IND,ROAD_SURFACE,ROAD_COND_1,LIGHTING,STWD_VEHTYPE_AT_FAULT,CHP_VEHTYPE_AT_FAULT,DIRECTION,PCF_VIOL_CATEGORY,TYPE_OF_COLLISION,PEDESTRIAN_ACCIDENT,BICYCLE_ACCIDENT,MOTORCYCLE_ACCIDENT,TRUCK_ACCIDENT,MVIW,TOW_AWAY,HIT_AND_RUN,CONTROL_DEVICE,NUMBER_INJURED,COUNT_PED_INJURED,COUNT_BICYCLIST_INJURED,COUNT_MC_INJURED,PCF_VIOLATION,PARTY_COUNT,POINT_Y,POINT_X,COLLISION_SEVERITY
2014,2014-06-11,1658,6,2,16,3,N,A,N,A,H,A,A,07,E,09,F,,,,,C,Y,N,A,2,0,0,0,21804.0,2,38.26520123,-122.01016937,4
2014,2014-06-14,1345,6,2,13,6,Y,A,N,A,H,A,A,01,,03,C,,,Y,,C,N,N,A,2,0,0,2,22350.0,2,38.38449992,-121.93368994,3
2014,2014-06-17,1748,6,2,17,2,Y,A,N,A,H,A,-,- ,,09,D,,,,,C,Y,N,A,1,0,0,0,21800.0,2,38.34874997,-121.99928986,4
2014,2014-06-27,1455,6,2,14,5,N,A,Y,A,H,A,A,01,W,03,C,,,,,C,Y,N,D,1,0,0,0,22350.0,2,38.26982327,-122.05254666,4
2014,2014-06-05,1330,6,2,13,4,N,A,N,A,H,A,A,,S,09,D,,,,,C,Y,N,A,3,0,0,0,21802.0,2,38.11466988,-122.20123999,4
2014,2014-06-01,1512,6,2,15,7,N,A,N,A,H,A,A,,S,08,D,,Y,,,G,N,N,D,1,0,1,0,22107.0,2,38.12231412,-122.25531637,3
2014,2014-06-10,1550,6,2,15,2,N,A,N,A,H,A,-,,S,08,A,,,,,I,Y,N,D,1,0,0,0,22107.0,1,,,3
2014,2014-06-28,601,6,2,6,6,N,A,Y,A,H,A,D,22,E,08,E,,,,,I,Y,N,D,1,0,0,0,22107.0,1,38.37764514,-121.9473953,3
2014,2014-06-23,1234,6,2,12,1,N,A,Y,A,H,A,D,22,W,07,D,,,,,C,Y,N,D,4,0,0,0,21658.0,4,38.16883584,-122.20116407,3
2014,2014-06-20,1515,6,2,15,5,N,A,Y,A,H,A,C,02,W,03,C,,,Y,,C,Y,N,D,1,0,0,1,22350.0,3,38.40290662,-121.9147698,4
2014,2014-06-27,615,6,2,6,5,N,A,Y,A,H,A,D,22,N,04,C,,,,,C,Y,N,D,2,0,0,0,21703.0,2,38.06963162,-122.12683277,4
2014,2014-06-30,835,6,2,8,1,N,A,Y,A,H,A,D,22,E,03,C,,,,,C,Y,N,D,2,0,0,0,22350.0,3,38.14258772,-122.2506598,4
2014,2014-07-06,1052,7,2,10,7,N,A,N,A,H,A,A,01,N,09,D,,,,,C,N,N,D,1,0,0,0,21804.0,2,38.36294831,-121.95852424,4
2014,2014-07-01,1640,7,2,16,2,N,A,N,A,H,A,A,01,S,03,C,,,,Y,C,Y,N,D,2,0,0,0,22350.0,2,38.30341862,-121.97039008,3
2014,2014-07-02,939,7,2,9,3,Y,A,N,A,H,A,D,22,,09,D,,,,,C,Y,N,A,1,0,0,0,21802.0,2,38.24473989,-122.04322996,4
2014,2014-07-03,1649,7,2,16,4,N,A,N,A,H,A,A,01,W,03,C,,,,,C,Y,N,A,3,0,0,0,22350.0,3,,,4
2014,2014-06-25,610,6,2,6,3,Y,A,N,A,H,A,A,01,,12,D,,,,,C,Y,N,A,3,0,0,0,22450.0,2,38.3371899,-121.89695998,4
2014,2014-06-24,615,6,2,6,2,N,A,Y,A,H,A,C,02,W,04,C,,,Y,,C,N,N,D,1,0,0,1,21703.0,2,38.29236842,-122.03443856,3
2014,2014-06-26,2248,6,2,22,4,N,A,Y,A,H,D,A,01,W,01,C,,,,,C,Y,N,D,1,0,0,0,23152.0,3,38.48479307,-121.80903167,3
2014,2014-06-14,2125,6,2,21,6,N,A,Y,A,H,D,A,07,E,08,E,,,,,J,Y,M,D,1,0,0,0,22107.0,1,38.34201544,-122.0100432,3
2014,2014-07-03,1736,7,2,17,4,Y,A,N,A,H,A,N,60,,11,G,Y,,,,B,N,N,D,1,1,0,0,21954.0,2,38.33579217,-121.94943488,3
2014,2014-07-10,1311,7,2,13,4,Y,A,N,A,H,A,A,01,,05,A,,,,,C,Y,N,D,1,0,0,0,21650.0,2,38.32713999,-121.95662991,3
2014,2014-07-06,1209,7,2,12,7,N,A,N,A,-,A,D,22,N,03,C,,,,,C,N,N,A,2,0,0,0,22350.0,2,38.26021272,-122.03422355,4
2014,2014-07-02,1605,7,2,16,3,N,A,Y,A,H,A,A,01,E,03,C,,,,,C,N,N,D,1,0,0,0,22350.0,2,38.33890861,-122.01466729,4
2014,2014-05-23,2330,5,1,23,5,N,A,N,A,H,C,D,22,E,01,B,,,,,E,Y,N,D,1,0,0,0,23152.0,2,38.33695979,-121.92976782,4
2014,2014-07-30,2220,7,2,22,3,N,A,N,A,H,C,A,07,E,01,C,,,,,C,Y,N,D,2,0,0,0,23152.0,2,38.26548429,-122.02773305,2
2014,2014-08-01,1510,8,2,15,5,N,A,N,A,H,A,A,01,N,03,F,,,,,I,Y,N,D,1,0,0,0,22350.0,1,38.1101,-122.26309,4
2014,2014-06-28,1157,6,2,11,6,N,A,Y,A,H,A,A,01,E,07,E,,,,,I,Y,N,D,2,0,0,0,21658.0,2,38.42627124,-121.88406477,3
2014,2014-06-19,835,6,2,8,4,Y,A,N,A,H,A,D,,,12,D,,,,,C,Y,N,A,1,0,0,0,21453.0,2,38.09901996,-122.24830997,4
2014,2014-06-18,1100,6,2,11,3,Y,A,N,A,H,A,-,,,12,D,,,,,C,Y,N,A,1,0,0,0,21453.0,2,38.099106,-122.255019,4
2014,2014-06-27,1845,6,2,18,5,N,A,N,A,H,A,A,,E,03,C,,,,,C,N,N,A,2,0,0,0,22350.0,2,38.1060663,-122.22817905,4
2014,2014-06-06,1119,6,2,11,5,Y,A,Y,A,H,A,-,- ,,12,D,,,,,C,Y,N,A,1,0,0,0,21453.0,2,38.10785372,-122.25481783,4
2014,2014-06-07,839,6,2,8,6,N,A,N,A,H,A,-,,S,08,E,,,,,I,Y,N,D,1,0,0,0,22107.0,1,38.12634996,-122.22940467,4
2014,2014-06-06,1643,6,2,16,5,Y,A,N,A,H,A,-,,,03,D,,,,,C,Y,N,D,1,0,0,0,22350.0,2,38.10608998,-122.22644999,4
2014,2014-06-15,1842,6,2,18,7,N,A,N,A,H,A,-,,S,01,C,,,,,C,Y,N,A,7,0,0,0,23152.0,3,38.11173934,-122.2004629,3
2014,2014-06-17,1738,6,2,17,2,N,A,N,A,H,A,A,,S,06,B,,,,,C,N,M,D,1,0,0,0,21751.0,4,38.08546441,-122.23746876,4
2014,2014-06-19,235,6,2,2,4,N,A,N,A,H,C,A,,N,01,E,,,,,I,Y,N,A,1,0,0,0,23152.0,1,38.1310127,-122.24072459,4
2014,2014-06-21,130,6,2,1,6,N,A,N,A,H,C,A,,E,08,E,,,,,I,Y,N,A,1,0,0,0,22107.0,1,38.12888792,-122.24484821,4
2014,2014-06-22,2130,6,2,21,7,N,A,N,A,H,C,A,,N,11,G,Y,,,,B,N,N,D,1,1,0,0,21954.0,2,38.13615235,-122.25624631,3
2014,2014-07-02,905,7,2,9,3,Y,A,Y,A,H,A,A,07,,12,D,,,,Y,C,Y,N,A,2,0,0,0,22450.0,2,38.52279035,-121.7668034,3
2014,2014-07-03,1530,7,2,15,4,Y,A,N,A,H,A,A,01,,12,D,,,,,C,Y,N,A,3,0,0,0,22450.0,2,38.4277299,-121.84110992,4
2014,2014-07-05,1240,7,2,12,6,N,A,Y,A,H,A,C,02,E,03,F,,,Y,,A,Y,N,D,1,0,0,1,22350.0,1,38.20879628,-122.19430473,4
2014,2014-07-04,1325,7,2,13,5,N,A,Y,A,H,A,A,01,E,08,E,,,,,I,Y,N,D,1,0,0,0,22107.0,1,38.14504167,-122.21705412,4
2014,2014-05-22,1710,5,1,17,4,Y,A,N,A,H,A,A,,,09,D,,,,,C,N,N,D,2,0,0,0,21801.0,4,38.10083989,-122.23627994,4
2014,2014-07-07,650,7,2,6,1,N,A,Y,A,H,A,A,01,S,08,E,,,,,J,N,N,D,1,0,0,0,22107.0,1,38.41451034,-121.94485411,3
2014,2014-07-04,1850,7,2,18,5,N,A,Y,A,A,A,A,01,S,08,E,,,,,I,Y,N,D,1,0,0,0,22107.0,1,38.16363862,-122.12076978,3
2014,2014-07-08,1115,7,2,11,2,N,A,N,A,H,A,A,01,S,03,C,,,,,C,Y,N,D,2,0,0,0,22350.0,2,38.3227878,-121.9153999,4
2014,2014-07-07,945,7,2,9,1,N,A,Y,A,H,A,-,- ,E,18,H,,,,,J,Y,N,D,1,0,0,0,,1,38.0947455,-122.23001017,3
2014,2014-07-04,930,7,2,9,5,N,A,N,A,H,A,L,04,S,03,D,,Y,,,G,N,N,D,1,0,1,0,22350.0,2,38.35111148,-121.95324509,4
2014,2014-07-01,1601,7,2,16,2,Y,A,N,A,H,A,A,07,,03,C,,,,,C,Y,N,A,1,0,0,0,22350.0,2,38.39021842,-121.93669349,4
2014,2014-07-04,1230,7,2,12,5,N,A,N,A,H,A,A,,S,12,D,,,,,C,N,N,D,1,0,0,0,22450.0,2,38.15494352,-122.25886,3
2014,2014-07-01,750,7,2,7,2,N,A,Y,A,H,A,A,01,E,04,F,,,,,A,Y,N,D,2,0,0,0,21703.0,1,38.263146,-122.0585575,4
2014,2014-07-01,1558,7,2,15,2,N,A,N,A,H,A,A,01,E,09,D,,,,,-,Y,N,A,1,0,0,0,21801.0,2,38.23415486,-122.07891713,3
2014,2014-06-25,1432,6,2,14,3,N,A,N,A,H,A,A,01,W,09,D,,,Y,,C,N,N,D,1,0,0,1,21804.0,2,38.24925,-122.05106363,3
2014,2014-06-26,2013,6,2,20,4,Y,A,N,A,H,A,A,01,,09,D,,,,,C,Y,N,A,2,0,0,0,21802.0,2,38.25820991,-122.02694985,4
2014,2014-06-21,1335,6,2,13,6,N,A,N,A,H,A,A,01,W,09,D,,,,,-,Y,N,A,1,0,0,0,21802.0,2,38.26503,-122.00477497,4
2014,2014-06-24,1155,6,2,11,2,Y,A,N,-,A,-,A,01,,08,B,,,,,C,N,N,A,1,0,0,0,22101.0,2,38.24982999,-122.07049995,4
2014,2014-06-24,1914,6,2,19,2,Y,A,N,A,H,B,L,04,,09,D,,Y,,,G,N,N,D,1,0,1,0,21802.0,2,38.27638996,-122.04056994,2
2014,2014-06-29,1809,6,2,18,7,Y,A,Y,A,H,A,A,01,,01,A,,,,,-,Y,F,A,2,0,0,0,23152.0,2,38.25382702,-122.06642182,4
2014,2014-06-18,2032,6,2,20,3,N,A,N,A,H,A,A,07,S,03,C,,,,,C,Y,F,A,1,0,0,0,22350.0,2,38.24900548,-122.06624,3
2014,2014-06-23,1114,6,2,11,1,Y,A,N,-,H,A,A,01,,09,D,,,,,C,N,N,D,1,0,0,0,21801.0,2,38.25695992,-122.03418994,4
2014,2014-06-28,1716,6,2,17,6,Y,A,N,A,H,A,A,01,,12,D,,,,,C,Y,N,A,2,0,0,0,21453.0,2,38.29252992,-122.02454996,4
2014,2014-07-13,1155,7,2,11,7,N,A,Y,A,H,A,D,22,W,03,C,,,,,C,Y,N,D,2,0,0,0,22350.0,2,38.47111708,-121.82643225,4
2014,2014-06-30,605,6,2,6,1,N,A,Y,A,H,A,D,22,W,08,C,,,Y,,D,Y,N,D,1,0,0,1,22107.0,2,38.21536805,-122.13795928,3
2014,2014-06-23,1140,6,2,11,1,N,A,N,A,H,A,-,,E,- ,D,,,,,C,Y,F,A,1,0,0,0,,2,38.12215178,-122.26209544,4
2014,2014-06-09,900,6,2,9,1,Y,A,N,A,H,A,-,- ,,00,D,,Y,,,G,N,N,A,1,0,1,0,,2,38.10599991,-122.21773994,4
2014,2014-07-10,1149,7,2,11,4,N,A,N,A,H,A,A,01,N,08,E,,,,,I,Y,N,D,1,0,0,0,22107.0,1,38.11842798,-122.25888597,4
2014,2014-07-11,1920,7,2,19,5,N,A,N,A,H,A,A,,E,03,C,,,,,C,N,N,D,1,0,0,0,22350.0,2,38.10484299,-122.24098379,4
2014,2014-05-30,2017,5,1,20,5,N,A,Y,A,H,B,-,,N,03,C,,,,,C,N,N,D,2,0,0,0,22350.0,3,38.1407822,-122.2558507,4
2014,2014-07-05,1803,7,2,18,6,N,A,N,A,H,A,A,01,N,09,D,,,,,C,Y,N,D,1,0,0,0,21804.0,2,38.26098938,-122.03424377,4
2014,2014-07-04,2155,7,2,21,5,Y,A,N,A,H,C,A,01,,09,D,,,,,C,N,N,D,4,0,0,0,21801.0,2,38.25816994,-122.02296992,3
2014,2014-07-02,1127,7,2,11,3,N,A,N,A,H,A,A,01,E,09,D,,,,,C,N,N,D,1,0,0,0,21804.0,2,38.26537531,-122.02093428,4
2014,2014-07-12,1012,7,2,10,6,N,A,Y,A,H,A,C,02,E,- ,F,,,Y,,A,N,N,D,1,0,0,1,,1,38.20883018,-122.19932509,3
2014,2014-07-07,1105,7,2,11,1,N,A,N,-,H,A,A,01,S,03,C,,,,,-,N,N,D,1,0,0,0,22350.0,2,38.25632437,-122.05608828,4
2014,2014-07-03,1050,7,2,10,4,N,A,Y,A,H,A,A,01,N,08,E,,,,,I,Y,N,D,4,0,0,0,22107.0,1,38.06902627,-122.1273294,3
2014,2014-06-17,2229,6,2,22,2,Y,A,N,A,H,C,A,01,,- ,D,,,,,C,N,N,A,2,0,0,0,,2,38.10601997,-122.22059986,4
2014,2014-06-28,1725,6,2,17,6,Y,A,N,A,H,A,D,,,12,D,,,,,C,Y,N,A,1,0,0,0,21453.0,2,38.10605997,-122.22821996,4
2014,2014-07-08,1238,7,2,12,2,Y,A,N,A,H,A,-,,,12,A,,,,,C,Y,N,A,1,0,0,0,21453.0,2,38.10589997,-122.20362987,3
2014,2014-07-07,1436,7,2,14,1,N,B,N,A,H,A,-,,N,09,D,,,,,C,Y,N,D,1,0,0,0,21804.0,2,38.12374273,-122.25219546,4
2014,2014-07-01,1024,7,2,10,2,Y,A,N,A,H,A,A,01,,03,C,,,,,C,N,M,A,1,0,0,0,22350.0,2,38.1224499,-122.24933988,4
2014,2014-07-12,1711,7,2,17,6,Y,A,N,A,H,A,-,,,- ,C,,,,,C,N,N,A,1,0,0,0,,2,38.1522599,-121.69469988,4
2014,2014-07-20,1754,7,2,17,7,N,B,N,A,H,A,D,22,E,03,C,,,,,C,Y,N,A,1,0,0,0,22350.0,2,38.33546747,-121.97748027,4
2014,2014-07-05,1045,7,2,10,6,N,A,Y,A,H,A,D,22,W,08,B,,,,,C,Y,N,D,2,0,0,0,22107.0,2,38.21329099,-122.14303299,3
2014,2014-07-21,1611,7,2,16,1,N,A,N,A,H,A,A,07,N,03,C,,,,,C,N,N,D,2,0,0,0,22350.0,2,38.33692753,-121.9533,4
2014,2014-07-12,126,7,2,1,6,N,A,N,A,H,C,A,01,E,01,A,,,,,C,Y,N,A,1,0,0,0,23152.0,2,38.35508938,-121.98074748,3
2014,2014-07-11,1556,7,2,15,5,N,A,Y,A,H,A,C,02,E,03,C,,,Y,,C,N,N,D,1,0,0,1,22350.0,2,38.24407185,-122.08250663,4
2014,2014-07-03,2045,7,2,20,4,Y,A,Y,A,H,B,A,01,,09,D,,,,,C,Y,N,D,1,0,0,0,21801.0,2,38.11116297,-122.22960467,4
2014,2014-05-22,1011,5,1,10,4,Y,A,N,-,A,A,A,07,,09,D,,,,,C,Y,N,A,1,0,0,0,21802.0,2,38.44754994,-121.81994992,4
2014,2014-06-02,1203,6,2,12,1,N,A,N,A,H,A,-,,W,03,C,,,,,C,Y,N,D,1,0,0,0,22350.0,2,,,4
2014,2014-07-19,8,7,2,0,6,N,A,N,A,H,C,D,22,N,01,C,,,,,E,N,N,D,1,0,0,0,23153.0,3,38.36473736,-122.0014531,4
2014,2014-05-16,1617,5,1,16,5,Y,A,Y,A,H,A,A,01,,09,A,,,,,C,Y,N,D,2,0,0,0,21801.0,2,38.05479377,-122.14676202,4
2014,2014-06-17,1104,6,2,11,2,Y,A,Y,A,H,A,A,01,,01,C,,,,,C,Y,N,A,1,0,0,0,23152.0,2,38.05640529,-122.14845588,3
2014,2014-05-09,1251,5,1,12,5,Y,A,N,A,H,A,N,60,,11,D,Y,,,,B,N,F,A,1,1,0,0,21954.0,2,38.44556993,-121.82376995,4
2014,2014-05-09,1740,5,1,17,5,N,A,Y,A,H,A,L,04,N,17,D,,Y,,,G,N,N,D,1,0,1,0,21208.0,2,38.45587527,-121.822414,3
2014,2014-07-09,1533,7,2,15,3,N,A,N,A,H,A,C,03,W,03,H,,,Y,,-,N,N,D,1,0,0,1,22350.0,1,38.26547962,-122.04147438,3
2014,2014-05-12,1225,5,1,12,1,Y,A,N,A,H,A,A,,,08,D,,,,,C,N,N,D,1,0,0,0,22103.0,2,38.12585997,-122.20487989,4
2014,2014-07-18,1157,7,2,11,5,Y,A,N,A,H,A,-,- ,,03,A,,Y,,,G,N,N,D,1,0,1,0,22350.0,2,38.36220996,-121.94994998,3
2014,2014-07-18,950,7,2,9,5,Y,A,N,A,H,A,L,04,,05,D,,Y,,,G,N,N,D,1,0,1,0,21650.0,2,38.36837488,-121.96109086,4
2014,2014-07-29,1340,7,2,13,2,N,A,N,A,H,A,A,01,N,21,C,,,,,C,N,N,A,1,0,0,0,22106.0,2,,,4
2014,2014-07-14,2210,7,2,22,1,N,A,Y,A,H,C,D,22,W,07,C,,,,,C,Y,N,D,1,0,0,0,21658.0,2,38.45672268,-121.84491717,4
2014,2014-07-14,1520,7,2,15,1,N,A,Y,A,H,A,G,25,E,08,E,,,,Y,I,Y,N,D,1,0,0,0,22107.0,1,38.2624616,-122.05878254,3
2014,2014-07-14,1310,7,2,13,1,N,A,Y,A,H,A,A,01,E,03,C,,,,,C,Y,N,D,3,0,0,0,22350.0,3,38.06185994,-122.22527,4
2014,2014-07-14,835,7,2,8,1,N,A,Y,A,H,A,G,25,W,03,C,,,,Y,C,N,N,D,2,0,0,0,22350.0,2,38.12622279,-122.32271149,4
2014,2014-07-12,45,7,2,0,6,N,A,Y,A,H,C,A,07,E,08,C,,,,,C,Y,N,D,4,0,0,0,22107.0,3,38.41624904,-121.89724621,4
2014,2014-07-17,2025,7,2,20,4,N,A,Y,A,H,A,B,07,E,07,C,,,,,C,Y,N,D,2,0,0,0,21658.0,2,38.08772668,-122.23191649,3
2014,2014-07-19,1050,7,2,10,6,N,A,N,A,B,A,C,02,N,08,E,,,Y,,I,N,N,D,1,0,0,1,22107.0,1,38.46741605,-122.04946502,2
2014,2014-07-19,925,7,2,9,6,N,A,Y,A,D,A,C,02,W,03,B,,,Y,,C,N,N,D,1,0,0,1,22350.0,3,38.21347972,-122.14228591,3
2014,2014-07-04,30,7,2,0,5,N,A,Y,A,H,C,A,01,E,03,C,,,,,C,Y,N,D,2,0,0,0,22350.0,3,38.45003782,-121.85351013,3
2014,2014-07-12,1620,7,2,16,6,N,A,Y,A,H,A,A,01,E,03,C,,,,,C,Y,N,D,5,0,0,0,22350.0,4,38.13234804,-122.2242465,3
2014,2014-07-05,1455,7,2,14,6,N,A,Y,A,H,A,A,01,W,03,C,,,,,C,N,M,D,1,0,0,0,22350.0,2,38.50222979,-121.78929172,4
2014,2014-07-14,1820,7,2,18,1,N,A,Y,A,H,A,A,01,E,08,B,,,,,C,Y,N,D,1,0,0,0,22107.0,2,38.42627124,-121.88406477,4
2014,2014-07-18,1600,7,2,16,5,N,A,N,A,H,A,A,08,E,08,F,,,,,A,Y,N,D,1,0,0,0,22107.0,1,38.46057668,-121.89206854,3
2014,2014-07-23,1535,7,2,15,3,N,A,Y,A,H,A,A,01,E,03,C,,,,,C,N,N,D,2,0,0,0,22350.0,2,38.25868313,-122.06197628,4
2014,2014-07-23,2130,7,2,21,3,N,-,N,A,H,C,L,04,E,08,B,,Y,,,G,N,F,D,1,0,1,0,22107.0,2,38.3800912,-122.01157775,3
2014,2014-07-25,624,7,2,6,5,N,A,Y,A,H,A,A,01,E,03,E,,,,,I,Y,N,D,1,0,0,0,22350.0,1,38.05135589,-122.13107751,3
2014,2014-07-28,1120,7,2,11,1,N,A,Y,A,H,A,D,22,W,08,E,,,,,I,N,N,D,1,0,0,0,22107.0,1,38.24176145,-122.08782475,4
2014,2014-07-28,735,7,2,7,1,N,A,Y,A,H,A,A,08,E,03,C,,,,,C,Y,N,D,1,0,0,0,22350.0,2,38.26482406,-122.05715131,4
2014,2014-07-25,1020,7,2,10,5,N,A,Y,A,H,A,D,22,W,08,D,,,,Y,C,Y,N,D,1,0,0,0,22107.0,2,38.22006105,-122.13280218,3
2014,2014-07-19,1028,7,2,10,6,N,A,Y,A,H,A,A,07,N,03,C,,,,,C,Y,N,D,1,0,0,0,22350.0,2,38.18591114,-122.13592032,4
2014,2014-07-19,1255,7,2,12,6,N,A,Y,A,H,A,A,01,E,03,C,,,,,C,Y,N,D,1,0,0,0,22350.0,2,38.08868367,-122.21975377,4
2014,2014-07-19,1315,7,2,13,6,N,A,N,A,H,A,A,01,W,01,E,,,,,I,Y,N,D,1,0,0,0,23152.0,1,38.3973161,-122.00432689,2
2014,2014-07-21,625,7,2,6,1,Y,B,N,A,H,A,A,01,,03,C,,,,,C,N,N,A,1,0,0,0,22350.0,2,38.34819999,-121.91045991,4
2014,2014-07-19,1943,7,2,19,6,N,A,Y,A,H,A,A,01,N,01,B,,,,,C,Y,N,D,1,0,0,0,23152.0,2,38.1729097,-122.12838375,4
2014,2014-07-22,2155,7,2,21,2,N,A,Y,A,H,D,D,22,E,08,D,,,,,C,Y,F,D,1,0,0,0,22107.0,2,38.35132136,-121.82314083,2
2014,2014-06-10,26,6,2,0,2,N,A,N,A,H,C,L,04,E,17,B,,Y,,,G,N,N,D,1,0,1,0,21200.0,2,38.33537477,-121.96452234,3
2014,2014-08-07,1614,8,2,16,4,N,A,N,A,H,A,D,22,N,03,C,,,,,C,N,N,A,2,0,0,0,22350.0,2,38.34676989,-121.95322427,3
2013,2013-07-28,1409,7,2,14,7,N,A,Y,A,H,A,A,01,S,17,B,,Y,,,G,N,N,D,1,0,1,0,22517.0,2,38.0464195,-122.161052,4
2014,2014-08-08,1605,8,2,16,5,N,A,Y,A,H,A,A,01,E,03,C,,,,,C,Y,N,D,6,0,0,0,22350.0,6,38.0724691,-122.22900122,4
2014,2014-08-03,1128,8,2,11,7,N,A,N,A,H,A,A,01,W,07,B,,,,,C,N,N,A,1,0,0,0,21658.0,2,38.34684896,-121.99853667,4
2014,2014-07-24,900,7,2,9,4,N,A,N,A,H,A,M,,E,10,G,Y,,,,B,N,N,A,1,1,0,0,21950.0,2,38.12765745,-122.25346863,4
2014,2014-08-02,1102,8,2,11,6,Y,A,N,A,H,A,A,01,,09,D,,,,,C,Y,N,D,1,0,0,0,21802.0,2,38.34874997,-121.99928986,4
2014,2014-07-25,305,7,2,3,5,N,A,Y,A,H,D,A,01,W,08,E,,,,,J,Y,N,D,1,0,0,0,22107.0,1,38.19692287,-122.16275164,4
2014,2014-07-25,1550,7,2,15,5,N,A,Y,A,H,A,-,,S,03,C,,,,,C,Y,N,D,1,0,0,0,22350.0,2,38.14642171,-122.25494815,4
2014,2014-05-18,2106,5,1,21,7,Y,A,Y,A,H,C,L,,,05,D,,Y,,,G,N,N,A,1,0,1,0,21202.0,2,38.10699635,-122.25482798,4
2014,2014-08-02,1320,8,2,13,6,N,B,Y,A,G,A,D,22,E,03,C,,,,,C,Y,N,D,1,0,0,0,22350.0,3,38.08973926,-122.22359419,4
2014,2014-07-28,1608,7,2,16,1,N,A,Y,A,H,A,A,07,W,03,C,,,,,C,Y,N,D,1,0,0,0,22350.0,4,38.27214053,-122.050594,4
2014,2014-07-28,1605,7,2,16,1,N,A,Y,A,H,A,A,01,S,08,E,,,,,I,Y,N,D,3,0,0,0,22107.0,1,38.08701579,-122.1110782,4
2014,2014-07-28,655,7,2,6,1,N,A,Y,A,H,A,A,07,W,03,C,,,,,C,Y,N,D,1,0,0,0,22350.0,2,38.3221494,-122.02638045,4
2014,2014-07-26,1428,7,2,14,6,N,A,Y,A,H,A,A,07,E,08,E,,,,,I,Y,N,D,1,0,0,0,22107.0,1,38.27508452,-122.04810485,4
2014,2014-07-26,1113,7,2,11,6,N,A,Y,A,H,A,A,01,E,08,E,,,,,I,Y,N,D,1,0,0,0,22107.0,1,38.22734782,-122.12142375,4
2014,2014-07-26,1110,7,2,11,6,N,A,Y,A,H,A,A,01,E,03,C,,,,,C,Y,N,D,1,0,0,0,22350.0,2,38.14590369,-122.2169128,4
2014,2014-07-25,1640,7,2,16,5,N,A,Y,A,H,A,A,07,W,03,C,,,,,C,Y,N,D,3,0,0,0,22350.0,2,38.36809672,-121.95951717,4
2014,2014-07-28,340,7,2,3,1,N,A,Y,A,H,D,A,01,E,08,E,,,,,I,Y,N,D,1,0,0,0,22107.0,1,38.14149001,-122.22653009,4
2014,2014-07-26,1920,7,2,19,6,N,A,Y,A,H,A,A,01,E,03,C,,,,,C,Y,N,D,2,0,0,0,22350.0,3,38.15563698,-122.40679926,4
2014,2014-07-28,1705,7,2,17,1,N,A,Y,A,H,A,A,07,E,03,C,,,,,C,N,N,D,2,0,0,0,22350.0,4,38.25930425,-122.06144715,4
2014,2014-07-26,1600,7,2,16,6,N,A,Y,A,H,A,-,- ,W,18,H,,,Y,,A,Y,N,D,1,0,0,1,,1,38.3507306,-121.98634305,3
2014,2014-07-27,1820,7,2,18,7,N,A,Y,A,H,A,A,07,E,07,B,,,Y,,C,N,N,D,1,0,0,1,21658.0,2,38.46061901,-121.83989998,4
2014,2014-07-31,2059,7,2,20,4,N,A,N,A,H,C,N,,N,11,G,Y,,,,B,N,N,A,1,1,0,0,21954.0,2,38.14472188,-122.23504656,3
2014,2014-07-22,2215,7,2,22,2,Y,A,N,A,H,D,A,,,09,A,,Y,,,G,N,N,D,1,0,1,0,21801.0,2,38.09021989,-122.22845997,3
2014,2014-07-08,1858,7,2,18,2,Y,A,N,A,H,A,A,,,09,B,,,,,C,Y,N,D,1,0,0,0,21800.0,3,38.1031099,-122.25822998,4
2014,2014-07-13,914,7,2,9,7,N,A,N,A,H,A,-,,S,08,E,,,,,J,N,N,D,1,0,0,0,22107.0,1,38.13011585,-122.225429,3
2014,2014-07-27,1516,7,2,15,7,Y,A,N,A,H,A,A,01,,09,D,,,,,C,Y,N,A,1,0,0,0,21453.0,2,38.35181996,-121.95322992,4
2014,2014-08-05,1545,8,2,15,2,N,B,N,A,G,A,A,01,,09,D,,,Y,,C,Y,N,D,1,0,0,1,21804.0,2,38.35181996,-121.95322992,2
2014,2014-07-11,1625,7,2,16,5,N,A,N,A,H,A,D,22,E,09,D,,,,,C,Y,N,D,2,0,0,0,21801.0,2,38.26554382,-122.03233348,4
2014,2014-07-17,1658,7,2,16,4,N,A,N,A,H,A,D,22,E,03,C,,,,,C,Y,N,A,1,0,0,0,22350.0,2,38.27301,-122.04233446,4
2014,2014-06-17,1934,6,2,19,2,N,A,N,A,H,A,D,22,E,09,D,,,,,C,Y,N,D,2,0,0,0,21801.0,2,38.05437645,-122.15682782,4
2014,2014-08-11,947,8,2,9,1,N,A,N,A,H,A,A,01,S,03,C,,,,,C,Y,N,D,1,0,0,0,22350.0,2,38.06915957,-122.17981786,4
2014,2014-08-12,640,8,2,6,2,Y,A,N,A,H,A,D,22,,12,D,,,,,C,Y,N,A,2,0,0,0,21453.0,2,38.33549999,-121.98019989,3
2014,2014-07-14,1746,7,2,17,1,N,A,N,A,H,A,A,07,W,08,-,,,,,C,N,N,A,1,0,0,0,22107.0,2,38.24988718,-122.0715488,4
2014,2014-08-05,1455,8,2,14,2,N,B,Y,A,H,A,A,01,W,08,A,,,,,C,Y,N,D,3,0,0,0,22107.0,2,38.32275646,-122.02585911,4
2014,2014-08-01,2315,8,2,23,5,N,A,Y,A,D,C,D,22,W,09,D,,,,,C,Y,N,D,1,0,0,0,21804.0,2,38.20870924,-122.19332186,4