ACCIDENT_YEAR,COLLISION_DATE,COLLISION_TIME,MONTH,SEASON,24HOURS,DAY_OF_WEEK,INTERSECTION,WEATHER_1,STATE_HWY_IND,ROAD_SURFACE,ROAD_COND_1,LIGHTING,STWD_VEHTYPE_AT_FAULT,CHP_VEHTYPE_AT_FAULT,DIRECTION,PCF_VIOL_CATEGORY,TYPE_OF_COLLISION,PEDESTRIAN_ACCIDENT,BICYCLE_ACCIDENT,MOTORCYCLE_ACCIDENT,TRUCK_ACCIDENT,MVIW,TOW_AWAY,HIT_AND_RUN,CONTROL_DEVICE,NUMBER_INJURED,COUNT_PED_INJURED,COUNT_BICYCLIST_INJURED,COUNT_MC_INJURED,PCF_VIOLATION,PARTY_COUNT,POINT_Y,POINT_X,COLLISION_SEVERITY
2015,2015-01-16,1720,1,4,17,5,N,A,N,A,H,B,-,,S,08,B,,,,,C,Y,N,D,2,0,0,0,22107.0,2,38.13924158,-122.2522914,3
2015,2015-01-17,2104,1,4,21,6,Y,A,N,A,H,C,A,,,03,C,,,,Y,C,Y,F,A,1,0,0,0,22350.0,2,38.11682992,-122.24845989,3
2014,2014-12-31,906,12,4,9,3,N,A,N,A,H,-,A,01,E,08,C,,,,,C,N,N,A,1,0,0,0,22107.0,2,38.249278,-122.06610812,4
2015,2015-01-23,1406,1,4,14,5,N,A,N,A,H,A,L,04,E,17,D,,Y,,,G,Y,N,A,1,0,1,0,21461.0,2,38.21821822,-122.14138269,2
2015,2015-01-17,752,1,4,7,6,N,A,Y,A,H,A,A,07,W,12,D,,,,,C,Y,N,A,2,0,0,0,21453.0,3,38.26024301,-122.06064742,4
2015,2015-02-06,743,2,4,7,5,Y,B,N,A,H,A,A,01,,09,D,,,,,C,N,N,D,1,0,0,0,21804.0,2,38.34628994,-121.95703987,4
2015,2015-01-13,750,1,4,7,2,N,A,N,A,H,A,A,01,E,03,C,,,,,C,Y,N,A,1,0,0,0,22350.0,2,38.25822,-122.02894189,4
2015,2015-01-30,1537,1,4,15,5,N,A,N,A,H,A,-,- ,S,18,E,,,,,I,Y,N,D,1,0,0,0,,1,38.38990219,-121.96669895,4
2014,2014-12-31,1733,12,4,17,3,N,A,N,A,H,C,N,60,W,11,G,Y,,,,B,N,N,A,1,1,0,0,21456.0,2,38.2726,-122.00660091,2
2015,2015-01-23,2134,1,4,21,5,Y,A,N,A,H,C,A,01,,12,D,,,,,C,N,N,A,1,0,0,0,21453.0,2,38.35402991,-121.97607986,4
2014,2014-12-29,1433,12,4,14,1,N,B,Y,A,H,A,A,08,N,01,D,,,,,C,Y,N,A,3,0,0,0,23152.0,4,38.24130233,-122.05058241,4
2014,2014-12-26,2216,12,4,22,5,N,-,N,-,-,-,C,03,S,01,-,,,Y,,-,Y,N,-,1,0,0,1,23152.0,1,38.22381173,-122.15383152,2
2014,2014-12-28,203,12,4,2,7,N,A,N,A,H,C,A,01,N,01,E,,,,,I,Y,N,A,1,0,0,0,23152.0,1,38.23018994,-122.12861791,2
2014,2014-12-24,1419,12,4,14,3,N,A,N,A,H,A,A,01,W,21,C,,,,,-,N,N,A,2,0,0,0,22106.0,2,38.26521245,-122.01110992,4
2015,2015-01-23,715,1,4,7,5,N,E,N,B,H,A,A,01,E,09,D,,,,,C,Y,N,D,3,0,0,0,21801.0,2,38.35868131,-121.84884929,2
2015,2015-01-21,1908,1,4,19,3,N,A,Y,A,H,C,A,01,W,08,C,,,,,C,N,N,D,1,0,0,0,22107.0,2,38.36748916,-121.9603139,4
2015,2015-01-23,1025,1,4,10,5,N,E,Y,A,H,A,A,01,E,08,E,,,,,I,Y,N,D,1,0,0,0,22107.0,1,38.22951951,-122.11670921,3
2015,2015-01-26,1430,1,4,14,1,N,A,N,A,H,A,L,04,S,05,B,,Y,,,G,N,N,D,1,0,1,0,21650.0,2,38.27104172,-122.03416154,4
2015,2015-03-01,138,3,1,1,7,N,A,Y,A,H,D,A,01,E,03,C,,,,,C,Y,N,D,1,0,0,0,22350.0,2,38.30839389,-122.03381276,4
2015,2015-02-06,1838,2,4,18,5,N,C,Y,B,H,C,A,01,W,03,C,,,,,C,Y,N,D,3,0,0,0,22350.0,2,38.08449558,-122.23302751,4
2015,2015-02-04,1840,2,4,18,3,N,A,Y,A,H,A,A,01,W,03,C,,,,,C,Y,N,D,1,0,0,0,22350.0,2,38.34961081,-121.98923711,4
2015,2015-02-06,825,2,4,8,5,N,B,N,A,H,A,A,01,N,08,E,,,,,I,Y,N,D,1,0,0,0,22107.0,1,38.5259426,-121.80352,4
2015,2015-02-08,920,2,4,9,7,N,C,Y,B,H,A,A,01,S,08,H,,,,,A,Y,N,D,1,0,0,0,22107.0,1,38.13760444,-122.25773297,4
2015,2015-02-12,1735,2,4,17,4,N,A,Y,A,H,A,D,22,E,03,C,,,,,C,Y,N,D,3,0,0,0,22350.0,3,38.27436375,-122.04871699,4
2015,2015-02-06,2035,2,4,20,5,N,B,Y,B,H,D,D,22,E,03,E,,,,,I,Y,N,D,3,0,0,0,22350.0,2,38.3099681,-122.03355511,4
2015,2015-02-04,1240,2,4,12,3,N,A,Y,A,H,A,A,07,E,08,B,,,,Y,C,Y,N,D,2,0,0,0,22107.0,2,38.14820049,-122.21662604,3
2015,2015-02-03,1040,2,4,10,2,N,A,Y,A,H,A,A,01,W,08,F,,,,,A,Y,N,D,1,0,0,0,22107.0,1,38.05974932,-122.15144792,3
2015,2015-02-11,2304,2,4,23,3,N,A,Y,A,H,D,A,01,W,01,E,,,,,I,Y,N,D,1,0,0,0,23152.0,1,38.08201102,-122.23348723,4
2015,2015-02-14,351,2,4,3,6,N,A,Y,A,H,D,A,01,W,01,E,,,,,I,Y,N,D,2,0,0,0,23152.0,1,38.05876218,-122.15019992,3
2015,2015-02-14,1010,2,4,10,6,N,A,Y,A,H,A,A,01,W,03,C,,,,,C,Y,N,D,2,0,0,0,22350.0,4,38.09904427,-122.22970366,4
2015,2015-02-14,1145,2,4,11,6,N,A,Y,A,H,A,A,01,E,03,C,,,,,C,Y,N,D,1,0,0,0,22350.0,3,38.24502701,-122.08034622,4
2015,2015-02-06,1005,2,4,10,5,N,C,Y,B,H,A,A,07,E,03,D,,,,Y,C,Y,N,D,1,0,0,0,22350.0,3,38.12530942,-122.22873008,4
2015,2015-02-06,1220,2,4,12,5,N,C,Y,B,H,A,D,22,W,08,E,,,,,I,Y,N,D,1,0,0,0,22107.0,1,38.14145343,-122.23388486,4
2015,2015-02-04,1718,2,4,17,3,N,A,N,A,H,A,C,02,S,03,C,,,Y,,C,Y,N,D,1,0,0,1,22350.0,2,38.32635604,-122.02555779,3
2015,2015-02-09,1924,2,4,19,1,N,A,Y,A,H,C,D,22,S,08,E,,,,,J,Y,N,D,1,0,0,0,22107.0,1,38.1428824,-122.10937169,4
2015,2015-02-08,2305,2,4,23,7,N,B,Y,B,F,D,D,22,S,01,F,,,,,A,Y,N,D,1,0,0,0,23152.0,1,38.38779925,-121.8228209,2
2015,2015-02-08,1250,2,4,12,7,N,B,Y,B,H,A,D,22,W,03,C,,,,,C,Y,N,D,1,0,0,0,22350.0,2,38.11306664,-122.22974784,4
2015,2015-02-10,42,2,4,0,2,N,A,Y,A,H,D,A,01,S,01,E,,,,,J,Y,N,D,1,0,0,0,23152.0,1,38.39040342,-121.82282403,4
2015,2015-02-10,155,2,4,1,2,N,A,Y,A,H,D,A,01,W,01,E,,,,,I,Y,N,D,1,0,0,0,23152.0,1,38.14104757,-122.21906698,3
2015,2015-02-08,1100,2,4,11,7,N,B,Y,B,H,A,A,07,E,03,E,,,,,I,Y,N,D,1,0,0,0,22350.0,1,38.37861113,-121.94698612,4
2015,2015-02-13,750,2,4,7,5,Y,A,N,A,H,A,A,01,,10,G,Y,,,,B,N,N,D,1,1,0,0,21950.0,2,38.35906991,-121.99207993,3
2015,2015-02-16,958,2,4,9,1,Y,A,N,A,H,A,A,01,,08,D,,,,,C,Y,N,A,1,0,0,0,22107.0,2,38.35226,-121.96457987,4
2015,2015-02-07,1046,2,4,10,6,Y,A,N,A,H,A,A,01,,12,D,,,,,C,Y,N,A,1,0,0,0,21453.0,2,38.35313989,-121.97006995,4
2015,2015-02-09,1841,2,4,18,1,Y,A,N,A,H,C,A,01,,03,G,Y,,,,B,N,N,A,1,1,0,0,22350.0,2,38.3750399,-121.94429997,3
2015,2015-02-12,1718,2,4,17,4,N,A,N,A,H,A,A,01,N,03,C,,,,,C,Y,N,D,1,0,0,0,22350.0,3,38.38247713,-121.93370544,4
2015,2015-02-11,1530,2,4,15,3,N,A,Y,A,H,A,A,01,W,08,E,,,,Y,I,Y,N,D,1,0,0,0,22107.0,2,38.12180324,-122.23038107,4
2015,2015-01-30,2350,1,4,23,5,N,A,Y,A,H,D,N,60,N,02,C,Y,,,,C,Y,N,D,2,1,0,0,22400.0,3,38.19755059,-122.13782065,3
2015,2015-02-15,3,2,4,0,7,N,A,Y,A,H,C,A,07,W,07,F,,,,,A,Y,N,D,1,0,0,0,21658.0,2,38.06422716,-122.22548967,4
2015,2015-02-16,1215,2,4,12,1,N,A,Y,A,H,A,D,22,E,03,C,,,,,C,N,N,D,2,0,0,0,22350.0,3,38.11174622,-122.22985071,3
2015,2015-02-19,408,2,4,4,4,N,A,Y,A,H,D,A,01,W,08,F,,,,,J,Y,N,D,1,0,0,0,22107.0,1,38.06555712,-122.16906556,4
2015,2015-02-16,1418,2,4,14,1,N,A,Y,A,H,A,A,01,E,03,C,,,,,C,Y,N,D,1,0,0,0,22350.0,2,38.26134069,-122.05971482,4
2015,2015-02-17,702,2,4,7,2,N,A,Y,A,H,A,A,01,E,08,E,,,,,I,Y,N,D,2,0,0,0,22107.0,2,38.36348927,-121.9658821,3
2015,2015-02-19,1224,2,4,12,4,N,B,N,A,H,A,A,01,N,03,C,,,Y,,C,N,N,A,1,0,0,1,22350.0,2,38.3742412,-121.93382,4
2015,2015-01-30,938,1,4,9,5,N,E,N,A,H,A,D,,S,08,D,,,,,C,N,N,D,2,0,0,0,22107.0,2,,,4
2015,2015-01-23,1805,1,4,18,5,N,A,N,A,H,C,N,,W,11,G,Y,,,,B,N,N,D,1,1,0,0,21950.0,2,38.10353088,-122.23531845,3
2015,2015-02-25,1348,2,4,13,3,Y,A,N,A,H,A,A,01,,09,D,,Y,,,G,N,N,D,1,0,1,0,21804.0,2,38.35510989,-121.95320988,4
2015,2015-01-28,624,1,4,6,3,N,A,N,A,H,C,N,60,N,11,G,Y,,,,B,N,N,A,1,1,0,0,21456.0,2,38.34641455,-121.97429876,4
2015,2015-02-03,1217,2,4,12,2,N,A,N,A,H,A,-,,N,09,A,,,,,C,N,N,D,1,0,0,0,21802.0,2,38.10284997,-122.23822995,4
2015,2015-02-19,834,2,4,8,4,N,E,N,A,H,A,L,04,N,08,C,,Y,,,G,N,N,A,1,0,1,0,22107.0,2,38.07671641,-122.22156163,4
2015,2015-02-19,1230,2,4,12,4,N,A,Y,A,H,A,A,08,W,04,C,,,,,C,Y,N,D,2,0,0,0,21703.0,4,38.10020136,-122.22968799,4
2014,2014-12-13,2130,12,4,21,6,Y,B,N,B,H,C,E,22,,10,G,Y,,,,B,N,N,A,1,1,0,0,21950.0,2,38.44568997,-121.83639992,4
2014,2014-10-19,1157,10,3,11,7,Y,A,Y,A,H,A,A,07,,09,D,,,,,C,Y,N,A,1,0,0,0,21453.0,2,,,3
2015,2015-02-22,226,2,4,2,7,N,A,Y,A,H,C,D,22,W,01,E,,,,,I,Y,N,D,1,0,0,0,23152.0,1,38.36929055,-121.95841823,3
2015,2015-02-06,1545,2,4,15,5,N,B,N,B,H,A,D,22,N,08,E,,,,,I,Y,N,D,1,0,0,0,22107.0,1,38.49633122,-121.95280087,2
2015,2015-02-25,627,2,4,6,3,N,A,Y,A,H,B,A,01,E,07,C,,,,Y,C,Y,N,D,1,0,0,0,21658.0,2,38.22464042,-122.12632938,4
2015,2015-02-25,749,2,4,7,3,N,A,Y,A,H,A,D,22,E,03,C,,,,,C,N,N,D,1,0,0,0,22350.0,3,38.2243681,-122.12677666,4
2015,2015-02-25,750,2,4,7,3,N,A,Y,A,H,A,D,22,W,03,C,,,,,C,Y,N,D,2,0,0,0,22350.0,3,38.22279027,-122.1292687,4
2015,2015-02-20,1635,2,4,16,5,N,A,Y,A,H,A,A,01,W,03,C,,,,,C,Y,N,D,2,0,0,0,22350.0,4,38.38701865,-121.93513138,3
2015,2015-02-20,445,2,4,4,5,N,E,Y,A,H,C,A,01,E,03,C,,,,Y,C,Y,N,D,1,0,0,0,22350.0,2,38.21018975,-122.14700109,4
2015,2015-02-19,450,2,4,4,4,N,E,Y,A,H,D,-,- ,N,18,E,,,,Y,I,Y,N,D,1,0,0,0,,1,38.49674064,-121.95008931,4
2015,2015-02-21,1700,2,4,17,6,N,A,Y,A,H,A,G,25,W,08,E,,,,Y,I,Y,N,D,1,0,0,0,22107.0,1,38.26910728,-122.0531544,3
2015,2015-02-23,1935,2,4,19,1,N,A,Y,A,H,D,A,01,W,08,E,,,,,I,Y,N,D,1,0,0,0,22107.0,1,38.40300837,-121.91463694,3
2015,2015-02-21,1120,2,4,11,6,N,A,Y,A,H,A,A,01,W,03,C,,,,,C,Y,N,D,3,0,0,0,22350.0,2,38.11741082,-122.29785668,4
2015,2015-02-20,1610,2,4,16,5,Y,A,N,A,H,A,A,01,,09,D,,,Y,,C,Y,N,D,1,0,0,1,21801.0,2,38.41713989,-121.96356994,3
2015,2015-02-18,415,2,4,4,3,N,A,Y,A,H,D,A,01,W,01,B,,,,,C,Y,F,D,1,0,0,0,23152.0,2,38.26867505,-122.05390392,3
2015,2015-02-25,1600,2,4,16,3,N,A,N,A,H,A,A,01,E,03,E,,,,,I,Y,N,D,2,0,0,0,22350.0,1,38.3800512,-122.00963487,3
2015,2015-02-22,1623,2,4,16,7,N,A,N,A,H,A,C,02,E,03,C,,,Y,,C,Y,N,D,1,0,0,1,22350.0,2,38.44588837,-121.86407984,2
2015,2015-02-07,27,2,4,0,6,Y,C,N,B,G,C,A,01,,12,D,,,,,C,Y,N,A,3,0,0,0,21453.0,2,38.38449992,-121.93368994,4
2014,2014-12-18,1751,12,4,17,4,Y,A,N,A,H,C,A,01,,09,D,,,,,C,Y,N,D,1,0,0,0,21802.0,2,38.24812998,-122.04322987,4
2014,2014-12-18,2202,12,4,22,4,N,A,N,A,H,C,A,01,W,03,C,,,,,C,N,N,A,2,0,0,0,22350.0,2,38.26534119,-122.01992224,4
2014,2014-12-27,1801,12,4,18,6,N,A,N,A,H,B,A,01,W,03,C,,,,,C,Y,F,D,2,0,0,0,22350.0,2,38.25812718,-122.05738691,4
2015,2015-01-22,1515,1,4,15,4,N,A,N,A,H,A,-,,E,03,C,,,,,C,Y,N,A,2,0,0,0,22350.0,3,38.10988884,-122.2479131,4
2015,2015-01-14,1430,1,4,14,3,Y,A,N,A,H,A,-,- ,,00,G,Y,,,,B,N,N,A,1,1,0,0,,2,38.10020994,-122.2160899,4
2015,2015-01-29,726,1,4,7,4,Y,A,N,A,H,B,A,,,09,B,,,,,C,N,N,D,1,0,0,0,21801.0,2,38.07997,-122.21144996,4
2015,2015-02-15,1319,2,4,13,7,Y,A,N,A,H,A,A,,,12,D,,,,,C,Y,N,A,1,0,0,0,21453.0,2,38.1224499,-122.24933988,4
2015,2015-02-15,1513,2,4,15,7,N,A,N,A,H,A,A,,S,09,B,,,,,C,Y,N,-,1,0,0,0,21802.0,2,38.11190176,-122.24855023,4
2015,2015-02-15,724,2,4,7,7,N,A,N,A,H,A,-,,W,03,E,,,,,I,N,N,D,1,0,0,0,22350.0,1,38.09360713,-122.23835817,4
2015,2015-02-11,1600,2,4,16,3,Y,A,N,A,H,A,A,,,03,C,,,,,C,N,M,-,1,0,0,0,22350.0,2,38.10975992,-122.23813998,4
2015,2015-02-14,1528,2,4,15,6,Y,A,Y,A,H,A,-,,,03,C,,,,,C,N,N,A,1,0,0,0,22350.0,2,38.14007618,-122.25613529,4
2015,2015-02-06,2039,2,4,20,5,Y,C,N,B,H,C,A,01,,21,G,Y,,,,B,N,F,D,1,1,0,0,22106.0,2,38.14791994,-122.25876989,4
2015,2015-02-07,228,2,4,2,6,N,C,N,-,H,C,-,- ,W,03,E,,,,,I,Y,N,D,1,0,0,0,22350.0,1,38.13346947,-122.19908053,3
2015,2015-02-07,1850,2,4,18,6,N,B,N,B,H,C,A,,W,10,G,Y,,,,B,N,N,D,1,1,0,0,21950.0,2,38.12245928,-122.23503335,4
2015,2015-02-08,238,2,4,2,7,N,A,N,A,H,C,-,,S,01,C,,,,,E,Y,N,D,1,0,0,0,23152.0,2,38.12179719,-122.2453,4
2015,2015-02-09,1240,2,4,12,1,N,A,N,A,H,A,A,01,N,08,E,,,,,I,Y,N,D,1,0,0,0,22107.0,2,38.11035135,-122.20304599,4
2015,2015-02-10,1655,2,4,16,2,Y,A,N,A,H,A,A,,,01,D,,,,Y,C,Y,N,A,3,0,0,0,23152.0,4,38.1229999,-122.24228998,3
2015,2015-02-01,1041,2,4,10,7,N,A,N,A,H,A,-,,W,09,A,,,,,C,N,N,D,1,0,0,0,21801.0,2,,,3
2015,2015-02-01,1244,2,4,12,7,N,A,N,A,H,A,-,,N,10,G,Y,,,,B,N,N,A,1,1,0,0,21950.0,2,38.123591,-122.22791513,4
2015,2015-02-01,1640,2,4,16,7,N,A,N,A,H,A,D,,N,03,A,,,,,C,Y,N,A,1,0,0,0,22350.0,2,38.10513061,-122.25485645,4
2015,2015-02-20,510,2,4,5,5,N,B,N,B,H,C,A,,E,08,D,,,,,I,Y,N,A,1,0,0,0,22107.0,1,38.0953177,-122.24406168,4
2015,2015-02-17,1806,2,4,18,2,N,B,N,A,H,C,-,,W,03,E,,,,,I,N,N,D,1,0,0,0,22350.0,2,38.14836682,-122.26959415,3
2015,2015-02-18,2120,2,4,21,3,N,A,N,A,H,C,-,,E,01,C,,,,,C,Y,N,A,1,0,0,0,23152.0,3,38.10092758,-122.24326576,4
2015,2015-02-15,2018,2,4,20,7,N,A,N,A,H,C,A,,W,08,D,,,,,C,N,N,D,1,0,0,0,22107.0,2,38.10090209,-122.24171856,4
2015,2015-02-18,1825,2,4,18,3,N,A,Y,A,H,D,-,99,E,07,B,,,,,C,Y,F,D,2,0,0,0,21658.0,3,38.3469622,-121.99525444,4
2015,2015-02-18,620,2,4,6,3,N,A,Y,A,H,A,A,01,W,07,B,,,Y,,C,N,F,D,1,0,0,1,21658.0,2,38.34473602,-122.00174002,4
2015,2015-02-20,1300,2,4,13,5,N,A,Y,A,H,A,C,02,E,17,F,,,Y,,A,Y,N,D,2,0,0,2,23114.0,1,38.22867363,-122.11796595,2
2015,2015-02-20,2345,2,4,23,5,N,B,N,A,H,D,C,02,S,01,F,,,Y,,A,Y,N,D,1,0,0,1,23152.0,1,38.41583197,-121.89390987,2
2015,2015-02-13,1440,2,4,14,5,Y,A,N,A,H,A,A,01,,09,D,,,,,C,Y,N,D,1,0,0,0,21804.0,2,38.36524992,-121.95382,4
2015,2015-01-25,1309,1,4,13,7,N,B,N,A,H,A,A,01,N,04,C,,,,,C,N,N,A,1,0,0,0,21703.0,2,38.27160206,-122.03416,4
2015,2015-01-21,1757,1,4,17,3,N,A,N,A,H,C,A,01,W,08,G,Y,,,,B,Y,N,D,1,1,0,0,22107.0,4,38.26538704,-122.02161673,4
2015,2015-02-18,1554,2,4,15,3,N,A,N,A,H,A,A,01,W,08,D,,,,,C,Y,N,D,3,0,0,0,22107.0,2,38.24715852,-122.07320857,3
2015,2015-02-22,1518,2,4,15,7,N,A,N,A,H,A,A,01,W,03,C,,,,,C,Y,N,D,1,0,0,0,22350.0,2,38.2726,-122.00779949,4
2015,2015-02-24,1138,2,4,11,2,N,A,N,A,H,A,A,01,W,08,B,,,,,C,Y,N,D,1,0,0,0,22107.0,2,38.24512284,-122.05273253,3
2015,2015-02-25,1644,2,4,16,3,N,A,N,A,H,A,A,01,S,21,G,Y,,,,B,N,N,D,1,1,0,0,22106.0,2,38.25787108,-122.01997417,3
2015,2015-02-14,2149,2,4,21,6,N,A,N,A,H,C,A,01,N,03,C,,,,,C,N,N,A,2,0,0,0,22350.0,2,38.25946402,-122.05730265,4
2015,2015-02-15,1235,2,4,12,7,Y,A,N,A,H,A,A,01,,09,D,,,Y,,C,N,N,D,1,0,0,1,21800.0,2,38.25241994,-122.06074993,4
2015,2015-01-14,110,1,4,1,3,N,A,N,A,H,C,A,01,W,03,E,,,,,I,Y,N,A,1,0,0,0,22350.0,1,,,4
2015,2015-01-15,823,1,4,8,4,N,B,Y,A,H,A,A,01,E,03,C,,,,,C,Y,N,A,3,0,0,0,22350.0,3,38.24042943,-122.06538321,4
2015,2015-01-22,1341,1,4,13,4,Y,B,N,A,H,A,A,01,,08,D,,,,,C,Y,N,-,2,0,0,0,22100.0,2,38.23425999,-122.07900998,4
2015,2015-01-27,1245,1,4,12,2,Y,A,N,A,H,A,A,07,,09,D,,,,,C,N,N,A,1,0,0,0,21802.0,2,38.25034996,-122.04585986,4
2015,2015-01-20,737,1,4,7,2,N,A,N,-,H,A,L,04,W,05,H,,Y,,,G,N,N,A,1,0,1,0,21202.0,2,38.18338093,-122.1384181,3
2015,2015-01-16,1506,1,4,15,5,N,B,N,A,H,A,A,01,S,03,E,,,,,I,Y,N,A,1,0,0,0,22350.0,1,38.25844346,-122.06800116,3
2015,2015-01-22,1430,1,4,14,4,N,A,N,A,H,A,A,01,S,03,C,,,,,C,Y,N,A,1,0,0,0,22350.0,3,38.29275889,-122.03285659,4
2015,2015-01-08,1600,1,4,16,4,Y,A,N,A,H,A,A,01,,09,D,,,,,C,N,N,A,1,0,0,0,21802.0,3,38.25825991,-122.0379799,3
2015,2015-01-31,1520,1,4,15,6,N,A,N,A,H,A,A,01,W,03,C,,,,,C,Y,N,D,2,0,0,0,22350.0,3,38.26554127,-122.03207113,4
2015,2015-01-22,158,1,4,1,4,N,A,N,A,H,C,A,08,E,03,E,,,,,A,Y,N,A,1,0,0,0,22350.0,1,38.2582699,-122.04039607,4
2015,2015-01-29,1514,1,4,15,4,N,A,N,A,H,A,A,07,W,03,C,,,,,C,Y,M,A,1,0,0,0,22350.0,3,38.25822822,-122.04402629,4
2015,2015-01-20,834,1,4,8,2,Y,A,N,A,H,A,A,01,,03,C,,,,,C,N,N,A,1,0,0,0,22350.0,2,38.26921998,-122.02492995,4
2014,2014-11-26,1900,11,3,19,3,N,A,Y,A,H,D,A,07,W,03,C,,,,,C,Y,N,D,2,0,0,0,22350.0,3,38.52388164,-121.76608393,4
2015,2015-02-28,1220,2,4,12,6,Y,A,N,A,H,A,A,01,,03,C,,,,,C,N,N,A,1,0,0,0,22350.0,2,38.3637199,-121.96706989,4
2015,2015-03-06,1605,3,1,16,5,-,A,N,A,H,A,-,- ,,00,C,,,,,C,N,M,D,1,0,0,0,,2,,,4
2015,2015-03-04,1801,3,1,18,3,Y,A,N,A,H,A,D,22,,03,C,,,,,C,N,M,D,1,0,0,0,22350.0,2,38.35767989,-121.98170999,4
2015,2015-03-04,1413,3,1,14,3,N,A,N,A,H,A,A,08,E,09,D,,,,,C,Y,N,D,1,0,0,0,21804.0,2,38.35507238,-121.98403706,4
2015,2015-02-03,904,2,4,9,2,Y,A,N,A,H,A,A,01,,09,D,,,,,C,Y,M,D,1,0,0,0,21801.0,2,38.15125998,-122.24459989,4
2015,2015-03-12,1356,3,1,13,4,Y,A,N,A,H,A,A,01,,09,D,,,,,C,Y,N,D,1,0,0,0,21802.0,2,38.36524992,-121.95382,4
2015,2015-02-08,1430,2,4,14,7,N,B,Y,B,H,A,A,01,W,03,C,,,,,C,Y,F,A,2,0,0,0,22350.0,2,38.24104136,-122.05170496,4
2015,2015-02-03,1615,2,4,16,2,N,A,N,A,H,A,D,22,W,03,C,,,,,C,Y,N,A,1,0,0,0,22350.0,2,38.27260384,-122.00933948,4
2015,2015-02-21,1101,2,4,11,6,N,A,N,A,H,A,A,07,N,03,C,,,,,C,N,N,A,4,0,0,0,22350.0,2,38.37536184,-121.93382,3
2015,2015-02-27,1414,2,4,14,5,N,A,N,A,H,A,D,22,W,17,G,,,,,B,N,N,D,1,0,0,0,21712.0,1,38.3784058,-121.97744683,3
2015,2015-02-10,829,2,4,8,2,Y,A,N,A,H,A,A,07,,09,D,,,,,C,N,N,A,1,0,0,0,21802.0,2,38.25995999,-122.01989999,4
2015,2015-02-09,2021,2,4,20,1,N,A,N,A,H,C,-,,E,03,D,,,,,C,N,F,D,1,0,0,0,22350.0,2,38.25242,-122.06075,4
2015,2015-02-03,1857,2,4,18,2,N,A,N,A,H,C,A,01,N,05,A,,,,,C,N,N,D,3,0,0,0,21650.0,2,38.25011376,-122.07022511,3
2015,2015-02-04,1402,2,4,14,3,N,A,N,A,H,A,A,07,E,03,C,,,,,C,N,N,D,1,0,0,0,22350.0,2,38.25824143,-122.03353608,4
2015,2015-02-04,1247,2,4,12,3,Y,A,N,A,H,A,A,07,,09,D,,,,,A,Y,N,A,1,0,0,0,21802.0,2,38.24473989,-122.04322996,4
2015,2015-02-03,1027,2,4,10,2,Y,A,N,A,H,A,A,01,,03,E,,,,,I,N,N,A,1,0,0,0,22350.0,1,38.27252999,-121.96968986,4
2015,2015-02-02,2000,2,4,20,1,N,A,N,A,H,C,A,01,E,09,C,,,,,C,N,F,D,1,0,0,0,21804.0,2,38.24512835,-122.05450711,4
2015,2015-02-21,1336,2,4,13,6,N,A,N,A,H,A,A,01,W,08,A,,,,,C,N,N,A,1,0,0,0,22107.0,2,38.35828162,-121.96664461,3
2015,2015-02-18,1600,2,4,16,3,N,A,Y,A,H,A,A,01,W,03,C,,,,,C,Y,N,D,1,0,0,0,22350.0,2,38.25810461,-122.06246828,4
2015,2015-02-02,1811,2,4,18,1,N,A,N,A,H,C,A,01,N,01,C,,,,,C,Y,N,A,1,0,0,0,23152.0,2,38.27371403,-122.02492,4
2015,2015-03-05,1811,3,1,18,4,Y,A,N,A,H,B,A,01,,09,D,,,,,C,Y,N,D,2,0,0,0,21801.0,2,38.33539996,-121.97263995,4
2015,2015-03-05,1148,3,1,11,4,N,A,N,A,H,A,A,07,E,03,C,,,,,C,N,N,A,1,0,0,0,22350.0,2,38.35399944,-121.97600191,4
2015,2015-02-28,1045,2,4,10,6,N,B,N,A,H,A,L,04,W,06,E,,Y,,,A,N,N,D,1,0,1,0,21750.0,1,38.48913531,-121.82404339,4
2015,2015-02-27,1355,2,4,13,5,N,B,N,A,H,A,A,07,E,09,A,,,,,C,Y,N,D,2,0,0,0,21801.0,2,38.24986,-122.07267276,3
2014,2014-12-29,1225,12,4,12,1,Y,A,N,A,H,A,A,01,,09,D,,,,,C,Y,N,A,1,0,0,0,21802.0,2,38.0530099,-122.1562299,4
2014,2014-12-05,1703,12,4,17,5,N,A,N,A,H,C,A,08,S,09,D,,,,,C,N,N,A,1,0,0,0,21801.0,2,38.05959618,-122.1486975,4
2015,2015-01-31,1251,1,4,12,6,N,A,N,A,H,A,A,01,W,09,D,,,Y,,C,N,N,D,1,0,0,1,21801.0,2,38.27162,-122.01186529,4
2015,2015-02-28,343,2,4,3,6,N,A,Y,A,H,D,A,01,W,07,E,,,,,I,Y,N,D,1,0,0,0,21658.0,1,38.32479635,-122.0240772,4
2015,2015-03-03,820,3,1,8,2,N,A,Y,A,H,A,A,01,E,07,B,,,,,D,Y,N,D,1,0,0,0,21658.0,2,38.35200936,-121.98236678,4
2015,2015-03-03,1315,3,1,13,2,N,A,Y,A,H,A,A,01,E,08,E,,,,,I,Y,N,D,1,0,0,0,22107.0,1,38.1419456,-122.21963857,4
2015,2015-03-09,2120,3,1,21,1,N,A,Y,A,H,D,F,26,W,07,B,,,,Y,C,Y,F,D,1,0,0,0,21658.0,2,38.1412892,-122.22400867,4
2015,2015-03-11,706,3,1,7,3,N,B,Y,B,H,D,A,07,W,07,D,,,,Y,C,Y,N,D,1,0,0,0,21658.0,2,38.27038698,-122.0524302,4
2015,2015-03-08,1829,3,1,18,7,N,A,Y,A,H,A,A,01,W,03,C,,,,,C,Y,N,D,5,0,0,0,22350.0,5,38.26910728,-122.0531544,3