ACCIDENT_YEAR,COLLISION_DATE,COLLISION_TIME,MONTH,SEASON,24HOURS,DAY_OF_WEEK,INTERSECTION,WEATHER_1,STATE_HWY_IND,ROAD_SURFACE,ROAD_COND_1,LIGHTING,STWD_VEHTYPE_AT_FAULT,CHP_VEHTYPE_AT_FAULT,DIRECTION,PCF_VIOL_CATEGORY,TYPE_OF_COLLISION,PEDESTRIAN_ACCIDENT,BICYCLE_ACCIDENT,MOTORCYCLE_ACCIDENT,TRUCK_ACCIDENT,MVIW,TOW_AWAY,HIT_AND_RUN,CONTROL_DEVICE,NUMBER_INJURED,COUNT_PED_INJURED,COUNT_BICYCLIST_INJURED,COUNT_MC_INJURED,PCF_VIOLATION,PARTY_COUNT,POINT_Y,POINT_X,COLLISION_SEVERITY
2015,2015-06-12,1232,6,2,12,5,N,A,N,A,H,A,C,02,E,08,H,,,Y,,A,N,N,D,1,0,0,1,22107.0,1,38.08206992,-122.13444997,3
2015,2015-06-21,208,6,2,2,7,Y,A,N,A,H,C,A,01,,00,G,Y,,,,B,N,F,A,1,1,0,0,20001.0,2,38.05087996,-122.14684997,2
2015,2015-08-26,1300,8,2,13,3,N,A,N,A,H,A,N,60,E,11,G,Y,,,,B,N,N,D,1,1,0,0,21954.0,2,38.100209,-122.21601701,4
2015,2015-10-18,1807,10,3,18,7,Y,A,N,A,H,B,A,07,,08,D,,,,,C,Y,N,D,1,0,0,0,22107.0,2,38.27364993,-122.00655995,3
2015,2015-10-21,1000,10,3,10,3,N,A,N,A,H,A,L,04,N,08,B,,Y,,,G,N,N,D,1,0,1,0,22107.0,2,38.24925,-122.04854,4
2015,2015-09-15,1520,9,3,15,2,N,B,N,A,H,A,-,,W,03,C,,,,,C,Y,N,A,2,0,0,0,22350.0,3,38.12273063,-122.23372907,4
2015,2015-09-14,1904,9,3,19,1,N,A,N,A,H,A,-,- ,S,11,G,Y,,,,B,N,N,D,1,1,0,0,21950.0,2,38.09544403,-122.22152878,4
2015,2015-09-04,712,9,3,7,5,N,A,N,A,H,A,-,,E,- ,E,,,,,-,Y,N,A,1,0,0,0,,1,38.12231838,-122.25156276,3
2015,2015-08-24,1815,8,2,18,1,Y,A,N,A,H,A,-,,,12,D,,,,,C,Y,N,A,1,0,0,0,21453.0,2,38.13155995,-122.21524992,4
2015,2015-08-14,742,8,2,7,5,Y,A,N,A,H,A,-,,,09,D,,Y,,,G,N,N,A,1,0,1,0,21800.0,2,38.15472996,-122.23834989,3
2015,2015-09-05,1619,9,3,16,6,Y,A,N,A,H,A,A,07,,03,C,,,,,C,Y,N,D,1,0,0,0,22350.0,2,38.27305994,-122.03422988,4
2015,2015-09-04,845,9,3,8,5,Y,A,N,A,H,A,-,,,03,C,,,,,C,N,N,A,1,0,0,0,22350.0,2,38.25810991,-122.0199799,4
2015,2015-09-01,731,9,3,7,2,N,A,N,A,A,A,L,04,E,09,D,,Y,,,G,N,N,D,1,0,1,0,21804.0,2,38.24926,-122.05474247,4
2015,2015-08-20,2229,8,2,22,4,N,A,N,A,H,C,A,01,E,07,F,,,,,A,Y,N,A,2,0,0,0,21658.0,1,38.25813811,-122.05626882,3
2015,2015-08-23,1413,8,2,14,7,N,A,N,A,H,A,A,07,S,03,F,,,,,A,Y,N,D,1,0,0,0,22350.0,1,38.05303026,-122.13578074,4
2015,2015-08-28,1428,8,2,14,5,N,A,N,A,H,A,-,- ,E,18,E,,,,,I,N,N,D,1,0,0,0,,1,38.27299833,-122.04050529,3
2015,2015-08-12,852,8,2,8,3,Y,A,N,A,H,A,A,01,,03,C,,,,,C,Y,N,A,1,0,0,0,22350.0,5,38.27288993,-122.02491991,4
2015,2015-08-27,1000,8,2,10,4,N,A,N,A,H,A,C,02,E,03,C,,,Y,,C,N,N,A,2,0,0,1,22350.0,2,38.24926557,-122.05566251,4
2015,2015-07-23,1440,7,2,14,4,N,A,N,A,H,A,A,01,N,05,A,,,,,C,Y,F,D,1,0,0,0,21460.0,2,38.27638457,-122.09312428,3
2015,2015-09-08,1714,9,3,17,2,N,A,N,A,H,A,A,01,W,09,D,,,Y,,C,Y,N,D,1,0,0,1,21801.0,2,38.3522127,-121.97070146,4
2015,2015-09-10,1127,9,3,11,4,N,A,N,A,H,A,A,01,N,09,D,,,,,C,Y,N,D,2,0,0,0,21804.0,2,38.13272315,-122.21630505,4
2015,2015-09-05,2352,9,3,23,6,Y,A,N,A,H,C,-,- ,,09,D,,,,,C,Y,N,A,1,0,0,0,21802.0,2,38.12549997,-122.20435996,4
2015,2015-09-20,1622,9,3,16,7,Y,A,N,A,H,A,A,08,,10,G,Y,,,,B,N,N,D,2,2,0,0,21950.0,3,38.35667997,-121.99471988,3
2015,2015-09-17,1415,9,3,14,4,N,A,N,A,H,A,L,04,E,05,D,,Y,,,G,N,N,D,1,0,1,0,21650.0,2,38.35508192,-121.98047906,3
2015,2015-09-22,1448,9,3,14,2,Y,A,N,A,H,A,A,01,,09,D,,,,,C,N,N,A,1,0,0,0,21804.0,2,38.33334998,-121.98523998,3
2015,2015-09-20,1920,9,3,19,7,Y,A,N,A,H,B,A,07,,12,D,,,,,C,Y,N,A,1,0,0,0,21453.0,2,38.35677991,-121.96492985,4
2015,2015-08-02,1930,8,2,19,7,N,A,N,A,H,A,A,07,S,05,B,,,,,C,N,N,D,1,0,0,0,21460.0,2,38.06576836,-122.16426391,4
2015,2015-09-19,1834,9,3,18,6,Y,A,N,A,H,A,A,08,,03,C,,,,,C,N,N,D,1,0,0,0,22350.0,2,38.34090995,-121.99217997,4
2015,2015-09-17,717,9,3,7,4,N,A,N,A,H,A,A,08,W,09,D,,,,,C,N,N,D,2,0,0,0,21801.0,2,38.36443953,-121.99964416,4
2015,2015-09-05,1044,9,3,10,6,N,A,N,A,H,A,L,04,E,09,D,,Y,,,G,N,M,D,1,0,1,0,21804.0,2,38.38691,-121.97767,3
2015,2015-09-24,841,9,3,8,4,Y,A,N,A,H,A,-,,,09,D,,,,,C,Y,N,A,1,0,0,0,21802.0,2,38.10491995,-122.24648996,4
2015,2015-09-22,2016,9,3,20,2,Y,A,N,A,H,C,-,,,12,D,,,,,C,Y,F,A,2,0,0,0,22450.0,2,38.10105995,-122.25327996,4
2015,2015-09-17,2333,9,3,23,4,N,A,N,A,H,C,-,,S,01,F,,,,,I,Y,F,A,1,0,0,0,23153.0,1,38.09803276,-122.26055965,2
2015,2015-09-16,650,9,3,6,3,N,A,N,A,H,B,-,,S,21,D,,,,,C,Y,N,D,1,0,0,0,22106.0,2,38.09193288,-122.23622039,4
2015,2015-06-24,1111,6,2,11,3,N,A,N,A,H,A,A,01,S,09,D,,,,,C,Y,N,D,1,0,0,0,21801.0,2,,,4
2015,2015-06-24,1633,6,2,16,3,N,A,N,A,H,A,A,01,W,09,D,,,,,C,Y,F,D,1,0,0,0,21804.0,2,38.26544786,-122.02610218,4
2015,2015-03-17,2328,3,1,23,2,N,A,N,A,H,D,A,01,W,03,C,,,Y,,C,Y,N,A,1,0,0,1,22350.0,2,,,2
2015,2015-07-10,1833,7,2,18,5,N,A,N,A,H,A,-,,E,12,D,,,,,C,Y,N,A,5,0,0,0,21453.0,2,,,4
2015,2015-08-14,2132,8,2,21,5,Y,A,N,A,H,C,L,04,,12,D,,Y,,,G,N,N,A,1,0,1,0,21453.0,2,38.25822994,-122.05000999,4
2015,2015-06-06,1822,6,2,18,6,N,A,Y,A,H,A,-,,N,03,C,,,,,C,Y,F,D,3,0,0,0,22350.0,3,38.14728844,-122.25499301,4
2015,2015-07-21,1420,7,2,14,2,Y,A,N,A,H,A,A,01,,03,C,,,,,C,N,N,A,2,0,0,0,22350.0,2,38.27631991,-122.03419991,4
2015,2015-09-12,1448,9,3,14,6,N,A,N,A,H,A,C,02,S,03,D,,,Y,,C,N,N,D,1,0,0,1,22350.0,2,38.26068527,-122.02584971,3
2015,2015-05-08,1840,5,1,18,5,Y,A,N,A,H,A,A,01,,09,D,,,Y,,C,N,N,A,1,0,0,1,21802.0,2,38.10097998,-122.24657988,3
2015,2015-08-14,1039,8,2,10,5,Y,A,N,A,H,A,A,01,,01,D,,,,,C,Y,N,A,3,0,0,0,23152.0,2,38.2733099,-122.05248995,4
2015,2015-07-28,1917,7,2,19,2,Y,A,N,A,H,A,-,,,08,F,,,,,C,Y,N,D,1,0,0,0,22107.0,2,38.08155991,-122.21236996,2
2015,2015-08-11,1327,8,2,13,2,N,A,N,A,H,A,A,01,E,08,F,,,,,I,Y,N,D,1,0,0,0,22107.0,1,38.22856467,-122.12339155,3
2015,2015-07-06,1820,7,2,18,1,N,A,N,A,H,A,A,,W,21,B,,,,,C,Y,N,D,1,0,0,0,22106.0,2,38.11008331,-122.2600081,4
2015,2015-08-21,1505,8,2,15,5,Y,A,N,A,H,A,D,22,,10,G,Y,,,,B,N,N,A,1,1,0,0,21950.0,2,38.34637994,-121.96870992,3
2015,2015-08-28,1916,8,2,19,5,Y,A,N,A,H,A,-,- ,,12,D,,,,,C,Y,N,A,3,0,0,0,21453.0,3,38.33549999,-121.98019989,4
2015,2015-08-24,742,8,2,7,1,N,A,N,A,H,A,L,04,E,09,D,,Y,,,G,N,N,D,1,0,1,0,21804.0,2,38.36254585,-122.00369602,3
2015,2015-08-25,1615,8,2,16,2,N,A,N,A,H,A,A,01,W,09,D,,,,,C,Y,N,D,1,0,0,0,21801.0,2,38.3370015,-121.95274763,4
2015,2015-08-14,1745,8,2,17,5,Y,A,N,A,H,A,D,22,,01,D,,,,,C,Y,N,A,2,0,0,0,23152.0,2,38.26937995,-122.05767986,4
2015,2015-09-01,2112,9,3,21,2,N,A,N,A,H,C,N,60,S,11,G,Y,,,,B,N,N,A,1,1,0,0,21955.0,2,38.25026858,-122.04997,2
2015,2015-08-29,1650,8,2,16,6,N,A,N,A,H,A,A,01,E,03,C,,,,,C,Y,N,D,1,0,0,0,22350.0,3,38.27307,-122.03405,4
2015,2015-08-17,2000,8,2,20,1,Y,A,Y,A,H,C,D,22,,12,D,,,,,C,Y,N,A,3,0,0,0,21453.0,2,38.23997757,-122.08020938,3
2015,2015-09-19,1110,9,3,11,6,Y,A,N,A,H,A,D,22,,10,D,Y,,,,B,N,N,A,1,1,0,0,21950.0,2,38.25826998,-122.04040992,4
2015,2015-09-01,1717,9,3,17,2,N,A,N,A,H,A,L,04,W,05,D,,Y,,,G,N,N,D,1,0,1,0,21202.0,2,38.15388327,-122.25458103,4
2015,2015-09-06,1101,9,3,11,7,Y,A,N,A,H,A,A,01,,09,D,,Y,,,G,N,N,A,1,0,1,0,21802.0,2,38.35215989,-121.97611986,4
2015,2015-09-01,1147,9,3,11,2,N,A,N,A,H,A,-,- ,N,22,D,,Y,,,G,N,N,D,1,0,1,0,,2,38.3570628,-121.98868551,4
2015,2015-08-20,1945,8,2,19,4,N,A,N,A,H,A,D,22,W,03,C,,,,,C,Y,N,A,1,0,0,0,22350.0,4,38.27262958,-122.01209879,4
2015,2015-09-16,830,9,3,8,3,N,B,N,A,H,A,A,01,S,10,G,Y,,,,B,N,F,D,1,1,0,0,21952.0,2,38.26510822,-122.04997658,4
2015,2015-09-02,1859,9,3,18,3,N,A,N,A,H,A,A,08,W,10,G,Y,,,,B,N,N,D,1,1,0,0,21950.0,2,38.18150556,-122.13803754,2
2015,2015-09-01,505,9,3,5,2,Y,A,N,A,H,C,C,02,,03,F,,,Y,,A,N,N,A,1,0,0,1,22350.0,1,38.25822994,-122.05000999,4
2015,2015-09-03,1715,9,3,17,4,Y,A,N,A,H,A,-,,,03,C,,,,,C,Y,M,A,2,0,0,0,22350.0,3,38.24925991,-122.05241999,4
2015,2015-09-03,739,9,3,7,4,Y,A,N,A,H,A,A,08,,08,G,Y,,,,B,N,N,A,1,1,0,0,22107.0,2,38.25032994,-122.04187994,4
2015,2015-08-27,1355,8,2,13,4,Y,A,N,A,H,A,A,01,,08,D,,,Y,,C,N,N,D,1,0,0,1,22107.0,2,38.24701999,-122.04054999,4
2015,2015-08-20,759,8,2,7,4,Y,A,N,A,-,A,A,01,,09,D,,,,,C,N,N,D,1,0,0,0,21804.0,2,38.24587989,-122.04724999,4
2015,2015-08-26,802,8,2,8,3,N,A,N,A,H,A,A,07,W,03,C,,,,,C,N,N,D,3,0,0,0,22350.0,4,38.27304043,-122.04501702,3
2015,2015-08-28,1611,8,2,16,5,Y,A,N,A,A,A,A,01,,09,D,,,,,C,N,N,A,1,0,0,0,21802.0,2,38.25034996,-122.04850991,4
2015,2015-08-28,32,8,2,0,5,N,A,N,A,H,D,A,01,W,01,E,,,,,J,Y,N,A,1,0,0,0,23152.0,1,38.27264459,-122.01393838,3
2015,2015-08-29,1657,8,2,16,6,Y,A,N,A,H,A,A,01,,21,C,,,,,C,N,N,A,2,0,0,0,22106.0,2,38.25812991,-122.05683987,4
2015,2015-08-23,1329,8,2,13,7,N,A,N,A,H,A,A,01,N,04,C,,,,,C,N,N,D,1,0,0,0,21703.0,2,38.26742102,-122.04995181,4
2015,2015-08-25,1451,8,2,14,2,N,A,N,A,H,A,A,01,W,03,C,,,,,C,N,N,A,2,0,0,0,22350.0,2,38.24924,-122.0406736,4
2015,2015-08-19,1617,8,2,16,3,Y,A,N,A,H,A,A,01,,03,C,,,,,C,Y,N,A,1,0,0,0,22350.0,3,38.27305994,-122.03422988,2
2015,2015-08-19,1851,8,2,18,3,N,A,N,A,H,A,N,60,W,11,D,Y,,,,B,N,N,A,1,1,0,0,21954.0,2,38.26552221,-122.03037114,3
2016,2016-08-13,716,8,2,7,6,N,A,Y,A,H,A,-,,S,08,E,,,,,I,Y,N,A,1,0,0,0,22107.0,1,38.13378357,-122.25622002,4
2016,2016-09-14,1105,9,3,11,3,N,A,N,A,H,A,-,,N,21,G,Y,,,,B,N,N,D,1,1,0,0,22106.0,2,38.12613798,-122.20469051,2
2016,2016-09-08,1724,9,3,17,4,Y,A,Y,A,H,A,-,,,08,D,,,,,C,N,N,A,2,0,0,0,22107.0,2,38.11381256,-122.25464742,4
2016,2016-09-04,734,9,3,7,7,N,A,N,A,H,B,-,,W,01,E,,,,,I,Y,N,D,1,0,0,0,23152.0,1,38.09422881,-122.20897567,4
2016,2016-09-09,824,9,3,8,5,N,B,N,A,H,B,-,,W,09,B,,,,,C,N,N,A,2,0,0,0,21453.0,2,38.10474522,-122.23319849,4
2015,2015-10-10,1724,10,3,17,6,Y,A,N,A,H,A,D,22,,03,C,,,,,C,N,N,A,2,0,0,0,22350.0,2,38.36244997,-121.97018988,4
2015,2015-09-23,1457,9,3,14,3,N,A,N,A,H,A,D,22,S,03,C,,,,,C,N,N,D,1,0,0,0,22350.0,2,38.36474138,-121.95304644,4
2015,2015-09-16,1155,9,3,11,3,N,A,N,A,H,A,D,22,S,21,C,,,,,C,N,N,A,1,0,0,0,22106.0,2,38.34610712,-121.97408218,4
2015,2015-10-01,1425,10,3,14,4,N,A,N,A,H,A,A,01,W,03,C,,,,,C,Y,N,A,1,0,0,0,22350.0,2,38.36796028,-121.96179943,4
2015,2015-10-08,1712,10,3,17,4,Y,A,N,A,H,A,A,01,,03,C,,,,,C,N,N,A,2,0,0,0,22350.0,3,38.37557993,-121.93381999,4
2015,2015-10-03,1953,10,3,19,6,N,A,N,A,H,C,A,01,S,03,C,,,,,C,Y,N,A,1,0,0,0,22350.0,3,38.34224385,-121.99399343,3
2015,2015-10-03,1822,10,3,18,6,N,A,N,A,H,A,A,01,E,03,C,,,,,C,Y,N,D,1,0,0,0,22350.0,2,38.33533,-121.94928513,4
2015,2015-10-07,454,10,3,4,3,-,A,N,A,H,C,A,07,,09,A,,,,,C,Y,N,D,2,0,0,0,21801.0,2,38.40505713,-121.94761455,4
2015,2015-10-11,1725,10,3,17,7,N,A,N,A,H,A,C,02,S,08,E,,,Y,,I,N,N,D,1,0,0,1,22107.0,1,38.35839323,-121.93403,2
2015,2015-10-12,1816,10,3,18,1,Y,A,N,A,H,A,A,07,,03,C,,,,,C,N,N,D,1,0,0,0,22350.0,2,38.36244997,-121.97018988,4
2015,2015-09-19,1410,9,3,14,6,Y,A,N,A,H,A,A,01,,09,D,,,,,C,Y,N,A,2,0,0,0,21802.0,2,38.33612992,-121.9576699,4
2015,2015-09-30,1248,9,3,12,3,Y,C,N,B,G,A,L,04,,05,A,,Y,,,G,N,N,D,1,0,1,0,21650.0,2,38.35110991,-121.97612989,4
2015,2015-09-24,1137,9,3,11,4,N,A,N,A,H,A,A,01,W,03,C,,,,,C,N,N,D,3,0,0,0,22350.0,3,38.36916637,-121.96037618,4
2015,2015-09-30,1251,9,3,12,3,N,B,N,B,H,A,A,01,,03,C,,,,,C,Y,N,A,2,0,0,0,22350.0,2,38.35894993,-121.98547997,2
2015,2015-09-28,1500,9,3,15,1,Y,A,N,A,H,A,A,01,,03,C,,,,,C,N,M,D,1,0,0,0,22350.0,2,38.35893995,-121.98317987,4
2015,2015-07-17,1303,7,2,13,5,N,A,N,A,H,A,A,01,E,09,D,,,Y,,C,N,M,D,1,0,0,1,21804.0,2,38.27280442,-122.04745514,3
2015,2015-09-13,1636,9,3,16,7,Y,A,N,A,H,A,-,,,12,D,,,,,C,Y,M,A,1,0,0,0,21453.0,2,38.15472996,-122.23834989,4
2015,2015-09-12,1234,9,3,12,6,N,A,N,A,H,A,A,07,N,03,C,,,,,C,Y,N,A,1,0,0,0,22350.0,4,38.35857491,-121.9665968,4
2015,2015-09-10,245,9,3,2,4,N,A,N,A,H,C,D,22,N,08,E,,,,,I,Y,N,D,1,0,0,0,22107.0,1,38.34100747,-121.99231256,3
2015,2015-09-07,2302,9,3,23,1,Y,A,N,A,H,C,A,01,,01,E,,,,,I,Y,N,D,1,0,0,0,23152.0,1,38.33254999,-121.96398995,4
2015,2015-09-06,1738,9,3,17,7,Y,A,N,A,H,A,L,04,,09,G,,Y,,,G,N,N,D,1,0,1,0,21802.0,2,38.36524992,-121.95382,3
2015,2015-09-05,1030,9,3,10,6,Y,A,N,A,H,A,D,22,,03,C,,,,,C,N,N,A,1,0,0,0,22350.0,2,38.26533991,-122.01986999,4
2015,2015-09-02,1317,9,3,13,3,Y,A,N,A,H,A,D,22,,03,C,,,,,C,N,F,A,2,0,0,0,22350.0,4,38.25812991,-122.05683987,4
2015,2015-09-02,1630,9,3,16,3,N,A,Y,A,H,A,-,- ,W,18,H,,,,,A,N,N,D,1,0,0,0,,1,38.20845032,-122.18976281,3
2015,2015-10-19,750,10,3,7,1,N,A,N,A,H,A,A,07,E,03,C,,,,,C,N,N,D,1,0,0,0,22350.0,3,38.35493,-121.98861024,4
2015,2015-09-11,1222,9,3,12,5,Y,A,N,A,H,A,I,11,,09,D,,,,,C,N,N,A,1,0,0,0,21801.0,2,38.27364993,-122.00655995,4
2015,2015-09-10,2040,9,3,20,4,N,A,N,A,H,C,D,22,S,03,C,,,,,C,Y,N,D,1,0,0,0,22350.0,2,38.27935896,-122.00578647,4
2015,2015-08-16,2349,8,2,23,7,N,A,N,A,H,C,-,- ,E,03,C,,,,,C,Y,F,D,1,0,0,0,22350.0,2,38.26554183,-122.04964799,4
2015,2015-09-06,522,9,3,5,7,Y,A,N,A,H,C,A,01,,09,D,,,,,C,N,N,A,5,0,0,0,21453.0,2,38.27288993,-122.02491991,4
2015,2015-09-08,1645,9,3,16,2,N,A,N,A,H,A,A,01,W,03,B,,,,,-,Y,N,A,2,0,0,0,22350.0,4,38.24927,-122.05780405,4
2015,2015-09-14,1422,9,3,14,1,N,A,N,A,H,A,L,04,W,08,E,,Y,,,I,N,N,A,1,0,1,0,22107.0,1,38.25813293,-122.0590969,3
2015,2015-09-08,1511,9,3,15,2,N,A,N,A,H,A,A,08,W,08,D,,,Y,,C,Y,N,-,1,0,0,1,22107.0,2,38.24926,-122.05278921,4
2015,2015-09-07,2232,9,3,22,1,N,A,N,A,H,C,A,01,S,01,C,,,,,C,N,M,A,1,0,0,0,23152.0,2,38.2713988,-122.03416016,4
2015,2015-09-02,1744,9,3,17,3,N,A,N,A,H,A,A,01,W,03,C,,,,,C,Y,N,D,2,0,0,0,22350.0,3,38.27117967,-121.99247838,4
2015,2015-09-07,1833,9,3,18,1,N,A,N,A,H,A,A,07,W,08,E,,,,,I,Y,N,D,1,0,0,0,22107.0,1,38.17646333,-122.13137637,4
2015,2015-10-13,907,10,3,9,2,Y,A,N,A,H,A,A,08,,21,C,,,,,C,N,N,A,1,0,0,0,22106.0,2,38.34355991,-121.99570993,4
2015,2015-09-18,1548,9,3,15,5,Y,C,N,B,H,A,D,22,,03,A,,,,,C,Y,N,D,2,0,0,0,22350.0,3,38.35018996,-121.98545989,4
2015,2015-09-19,1010,9,3,10,6,Y,A,N,A,H,A,-,- ,,18,G,,Y,,,G,N,N,D,1,0,1,0,,2,38.37430998,-121.95076988,3
2015,2015-10-13,635,10,3,6,2,N,A,N,A,H,B,A,01,W,05,D,,,,Y,C,N,N,D,1,0,0,0,21460.0,2,38.41702703,-121.93813367,4
2015,2015-09-12,1007,9,3,10,6,Y,A,N,A,H,A,A,01,,09,D,,,,,C,N,N,A,2,0,0,0,21802.0,2,38.27609992,-122.00654986,3
2015,2015-10-19,1511,10,3,15,1,Y,A,N,A,H,A,A,01,,09,D,,,Y,,C,Y,N,A,1,0,0,1,21801.0,2,38.35223993,-121.93399997,3
2015,2015-10-13,1220,10,3,12,2,N,A,N,A,H,A,A,01,E,08,D,,,,,C,N,N,D,1,0,0,0,22107.0,2,38.32295,-121.94909793,4
2015,2015-10-20,123,10,3,1,2,Y,A,N,A,H,C,A,01,,01,E,,,,,I,Y,N,D,1,0,0,0,23152.0,1,38.38557991,-121.93373992,4
2015,2015-09-05,811,9,3,8,6,N,A,N,A,H,A,A,01,W,03,B,,,,Y,C,Y,N,D,2,0,0,0,22350.0,2,38.27212161,-121.99691957,3
2015,2015-09-22,2120,9,3,21,2,Y,A,N,A,H,C,D,22,,03,C,,,,,C,N,F,A,1,0,0,0,22350.0,2,38.27599993,-121.96969989,4
2015,2015-08-09,1957,8,2,19,7,N,A,N,A,H,B,A,01,,03,C,,,,,C,Y,N,A,1,0,0,0,22350.0,3,38.27937996,-122.00576993,3
2015,2015-10-23,1132,10,3,11,5,Y,A,Y,A,H,A,-,- ,,12,B,,,,,C,Y,N,A,1,0,0,0,21453.0,2,38.14970693,-122.25441268,4
2015,2015-10-15,1046,10,3,10,4,N,A,N,A,H,A,-,- ,E,18,A,,,,,E,N,N,D,1,0,0,0,,5,38.11208589,-122.21407034,3
2015,2015-10-24,756,10,3,7,6,Y,A,N,A,H,A,-,,,12,D,,,,,C,Y,N,A,2,0,0,0,21453.0,2,38.11003996,-122.25807994,4
2015,2015-12-10,1520,12,4,15,4,N,B,N,A,H,A,J,48,S,03,C,,,,,C,N,N,A,1,0,0,0,22350.0,2,38.2713988,-122.03416016,4
2015,2015-09-20,1827,9,3,18,7,Y,A,N,A,H,A,A,01,,04,C,,,,,C,Y,N,A,4,0,0,0,21703.0,2,38.2492699,-122.05606991,4
2015,2015-09-27,1724,9,3,17,7,N,A,N,A,H,A,C,02,W,03,E,,,Y,,I,Y,N,D,1,0,0,1,22350.0,1,38.27258762,-122.04546565,3
2015,2015-09-30,1223,9,3,12,3,N,C,N,B,H,A,A,08,S,03,D,,,,,C,N,N,A,1,0,0,0,22350.0,2,38.24914914,-122.0560706,4
2015,2015-09-16,900,9,3,9,3,N,A,N,A,H,A,A,01,E,03,C,,,,,C,N,N,A,1,0,0,0,22350.0,3,38.25826883,-122.04025325,4
2015,2015-09-16,1809,9,3,18,3,N,A,N,A,H,A,A,07,W,03,C,,,,,C,N,N,A,1,0,0,0,22350.0,2,38.25826851,-122.04049707,4
2015,2015-09-21,1936,9,3,19,1,Y,A,N,A,H,C,A,01,,01,F,,,,,D,Y,N,D,2,0,0,0,23153.0,1,38.40882641,-121.94735527,2
2015,2015-09-01,1953,9,3,19,2,N,A,N,A,H,B,D,22,E,01,G,Y,,,,B,N,N,A,1,1,0,0,23152.0,2,38.0539258,-122.15550166,3
2015,2015-08-26,2103,8,2,21,3,N,A,N,A,H,C,A,01,N,17,D,,,,,C,Y,N,A,1,0,0,0,21451.0,2,38.05399168,-122.15582758,4
2015,2015-10-29,818,10,3,8,4,N,A,N,A,H,A,D,22,S,03,C,,,,,C,N,M,A,1,0,0,0,22350.0,2,38.37377703,-121.93382535,4
2015,2015-10-27,1626,10,3,16,2,N,A,Y,A,H,A,D,22,E,03,C,,,,,C,N,N,A,1,0,0,0,22350.0,3,38.39697052,-121.94925818,3
2015,2015-10-20,1047,10,3,10,2,N,A,N,A,H,A,A,01,E,03,C,,,,,C,N,N,D,1,0,0,0,22350.0,3,38.35751463,-121.95766938,4
2015,2015-11-01,2011,11,3,20,7,Y,C,N,B,H,C,D,22,,12,D,,Y,,,G,N,N,A,1,0,1,0,22450.0,2,38.33989999,-121.95521985,2
2015,2015-08-05,1710,8,2,17,3,N,A,Y,A,H,A,D,22,E,03,C,,,,,C,Y,N,D,4,0,0,0,22350.0,5,38.21468138,-121.8837291,2
2015,2015-10-12,1007,10,3,10,1,N,A,N,A,H,A,L,04,E,12,D,,Y,,,G,N,N,A,1,0,1,0,21453.0,2,38.1010785,-122.25483878,4
2015,2015-10-13,1153,10,3,11,2,N,A,N,A,H,A,-,,S,08,A,,,,,C,N,N,D,1,0,0,0,22107.0,2,38.15317117,-122.24752885,4
2015,2015-09-30,1225,9,3,12,3,N,B,N,B,H,A,-,,W,03,A,,,,,I,N,N,D,1,0,0,0,22350.0,1,38.12353007,-122.22815909,3
2015,2015-09-17,842,9,3,8,4,N,A,N,A,H,A,-,- ,E,18,D,,,,,E,Y,N,D,1,0,0,0,,5,38.12873789,-122.23431028,2
2015,2015-09-10,1617,9,3,16,4,N,A,N,A,H,A,-,- ,E,- ,D,,,,,C,Y,N,D,1,0,0,0,,2,38.10599,-122.21499532,2
2015,2015-10-12,1738,10,3,17,1,N,A,N,A,H,A,-,,W,01,C,,,,,C,N,N,A,2,0,0,0,23152.0,2,38.12703356,-122.2118194,4
2015,2015-10-08,1425,10,3,14,4,N,A,N,A,H,A,F,,E,03,G,Y,,,Y,B,N,F,D,1,1,0,0,22350.0,2,38.10936281,-122.27837652,2
2015,2015-10-02,1546,10,3,15,5,N,A,N,A,H,A,N,60,N,11,G,Y,,,,B,N,N,D,1,1,0,0,21950.0,2,38.08900227,-122.22846275,3
2015,2015-10-15,1118,10,3,11,4,Y,A,N,A,H,A,A,,,08,B,,,,,C,Y,N,D,2,0,0,0,22102.0,2,38.10988989,-122.24799988,3
2015,2015-10-13,1720,10,3,17,2,Y,A,Y,A,H,A,A,,,12,B,,,,,C,Y,N,A,1,0,0,0,21453.0,2,38.13378357,-122.25622002,4
2015,2015-09-22,1900,9,3,19,2,Y,A,N,A,H,C,-,,,09,D,,,,,C,,N,A,2,0,0,0,21802.0,3,38.09303998,-122.22235,4
2015,2015-09-12,1135,9,3,11,6,Y,A,N,A,H,A,-,- ,,04,C,,,,,C,Y,N,A,1,0,0,0,21703.0,3,38.09447991,-122.25112986,4
2015,2015-09-11,1345,9,3,13,5,Y,A,Y,A,H,A,-,,,03,E,,,,,I,Y,N,A,1,0,0,0,22350.0,1,38.14010636,-122.2559484,3
2015,2015-09-03,727,9,3,7,4,Y,A,N,A,H,A,-,- ,,00,D,,,,,C,N,N,A,2,0,0,0,22453.0,2,38.12313,-122.24537989,4
2015,2015-09-23,1750,9,3,17,3,Y,A,N,A,H,A,N,60,,11,G,Y,,,,B,N,N,D,1,1,0,0,21954.0,2,38.27398997,-122.02130986,3
2015,2015-09-17,2300,9,3,23,4,N,A,Y,A,H,C,-,,S,08,C,,,,,E,Y,N,D,2,0,0,0,22107.0,3,38.08482198,-122.24073361,4
2015,2015-09-09,1152,9,3,11,3,N,A,N,A,H,A,-,,W,08,E,,,,,I,N,N,D,2,0,0,0,22107.0,1,38.13094771,-122.21670439,4
2015,2015-09-24,1500,9,3,15,4,N,A,N,A,H,A,A,01,W,08,B,,,,,C,N,N,D,3,0,0,0,22107.0,2,38.26553692,-122.03165309,2