ACCIDENT_YEAR,COLLISION_DATE,COLLISION_TIME,MONTH,SEASON,24HOURS,DAY_OF_WEEK,INTERSECTION,WEATHER_1,STATE_HWY_IND,ROAD_SURFACE,ROAD_COND_1,LIGHTING,STWD_VEHTYPE_AT_FAULT,CHP_VEHTYPE_AT_FAULT,DIRECTION,PCF_VIOL_CATEGORY,TYPE_OF_COLLISION,PEDESTRIAN_ACCIDENT,BICYCLE_ACCIDENT,MOTORCYCLE_ACCIDENT,TRUCK_ACCIDENT,MVIW,TOW_AWAY,HIT_AND_RUN,CONTROL_DEVICE,NUMBER_INJURED,COUNT_PED_INJURED,COUNT_BICYCLIST_INJURED,COUNT_MC_INJURED,PCF_VIOLATION,PARTY_COUNT,POINT_Y,POINT_X,COLLISION_SEVERITY
2020,2020-10-18,1658,10,3,16,7,Y,A,N,A,H,A,A,01,,06,C,,Y,,,G,N,F,A,1,0,1,0,21760.0,2,38.26612091064453,-122.04521942138672,3
2020,2020-10-18,2351,10,3,23,7,N,A,N,A,H,C,A,01,N,08,E,,,,,I,N,N,D,1,0,0,0,22107.0,1,38.18396759033203,-122.13777923583984,4
2020,2020-10-26,2326,10,3,23,1,N,A,N,A,H,C,D,22,E,08,E,,,,,I,N,N,A,1,0,0,0,22107.0,1,38.2730712890625,-122.03404998779295,4
2016,2016-06-28,1707,6,2,17,2,Y,A,N,A,H,A,-,,,09,D,,,,,C,Y,N,A,1,0,0,0,21801.0,2,38.10964995,-122.21764993,4
2020,2020-10-04,1229,10,3,12,7,N,A,N,A,H,A,A,01,N,03,C,,,,,C,Y,N,A,2,0,0,0,22350.0,2,38.21648406982422,-122.1389389038086,3
2020,2020-10-30,2226,10,3,22,5,N,A,N,B,H,C,D,22,W,08,E,,,,,I,N,N,D,1,0,0,0,22107.0,1,38.22623443603516,-122.1352310180664,4
2020,2020-10-31,1929,10,3,19,6,N,A,N,A,H,C,A,08,S,01,C,,,,,C,Y,N,A,1,0,0,0,23152.0,2,38.26857376098633,-122.03417205810548,4
2020,2020-10-27,1059,10,3,10,2,N,A,N,A,H,A,A,01,E,03,C,,,,,C,Y,N,A,3,0,0,0,22350.0,4,38.25826644897461,-122.03998565673828,4
2020,2020-10-10,1542,10,3,15,6,N,A,N,A,H,A,A,01,W,03,C,,,,,C,N,N,A,1,0,0,0,22350.0,3,38.25825119018555,-122.03453063964844,4
2020,2020-10-30,1232,10,3,12,5,N,A,N,A,H,A,A,01,S,03,C,,,,,C,Y,N,D,2,0,0,0,22350.0,2,38.2669677734375,-122.00724029541016,4
2020,2020-11-03,1646,11,3,16,2,N,A,N,A,H,A,-,- ,E,18,F,,,Y,,A,Y,N,D,1,0,0,1,,1,38.24527359008789,-122.06873321533205,3
2016,2016-09-14,1832,9,3,18,3,N,A,N,A,H,A,D,22,E,03,C,,,,,C,N,N,A,1,0,0,0,22350.0,2,38.24924,-122.04039719,4
2016,2016-09-15,1515,9,3,15,4,Y,A,N,A,H,A,C,02,,03,D,,,Y,,C,Y,N,D,1,0,0,1,22350.0,2,38.27044996,-122.02181992,2
2016,2016-09-16,1535,9,3,15,5,Y,A,N,A,H,A,A,01,,04,C,,,,,C,N,N,A,1,0,0,0,21703.0,2,38.27305994,-122.03422988,4
2016,2016-09-20,1932,9,3,19,2,N,A,Y,A,H,C,A,01,E,03,C,,,,,C,Y,N,A,3,0,0,0,22350.0,4,38.24061211,-122.0608107,3
2016,2016-09-05,1906,9,3,19,1,N,A,N,A,H,B,A,01,S,08,F,,,,,A,N,N,D,1,0,0,0,22107.0,1,38.29662946,-121.95268961,3
2016,2016-09-19,642,9,3,6,1,N,A,N,A,H,A,A,01,W,03,C,,,,,C,Y,N,D,2,0,0,0,22350.0,3,38.27207368,-121.96083412,4
2016,2016-08-30,1430,8,2,14,2,N,A,Y,A,H,A,A,07,E,12,D,,,,,C,N,N,A,3,0,0,0,21453.0,2,38.24041788,-122.06637118,4
2016,2016-09-21,618,9,3,6,3,N,A,Y,A,H,B,A,01,S,08,B,,,,,C,N,M,D,1,0,0,0,22107.0,3,38.10185513,-122.254938,4
2016,2016-09-22,746,9,3,7,4,N,A,Y,A,H,A,D,22,W,03,C,,,,,C,N,N,D,2,0,0,0,22350.0,3,38.39065955,-121.95044089,4
2016,2016-09-10,1648,9,3,16,6,N,A,N,A,H,A,D,22,E,09,D,,,,,C,N,N,D,1,0,0,0,21804.0,2,38.35909,-121.99461228,4
2016,2016-09-21,1741,9,3,17,3,Y,A,N,A,G,A,A,01,,09,D,,,,,D,Y,N,A,1,0,0,0,21802.0,2,38.0989999,-122.24663989,3
2016,2016-09-20,1529,9,3,15,2,N,A,N,A,H,A,A,,E,12,D,,,,,C,Y,M,D,1,0,0,0,22450.0,2,38.09740301,-122.23729759,4
2016,2016-09-13,1527,9,3,15,2,N,A,N,A,H,A,A,08,N,03,C,,,,,C,Y,N,A,2,0,0,0,22350.0,4,38.34298495,-121.97178523,4
2016,2016-09-28,1105,9,3,11,3,N,A,N,A,H,A,A,01,E,09,D,,,Y,,C,Y,N,D,1,0,0,1,21804.0,2,38.12328396,-122.25885336,4
2016,2016-09-13,754,9,3,7,2,Y,A,N,A,H,A,-,- ,,00,A,,,,,C,Y,N,A,1,0,0,0,,2,38.34628994,-121.95703987,4
2016,2016-09-06,730,9,3,7,2,Y,A,N,A,H,A,A,01,,12,D,,,,,C,N,N,A,4,0,0,0,21453.0,2,38.33558999,-121.98517993,4
2016,2016-09-08,1425,9,3,14,4,N,A,N,A,H,A,A,01,E,09,D,,,,,C,Y,N,D,1,0,0,0,21804.0,2,38.36648182,-121.95989482,4
2016,2016-09-09,1445,9,3,14,5,N,A,N,A,H,A,A,07,N,09,D,Y,,,,B,N,N,D,1,1,0,0,21804.0,2,38.35250873,-121.97611,4
2016,2016-09-08,800,9,3,8,4,Y,A,N,A,H,A,A,01,,08,D,,Y,,,G,N,N,A,1,0,1,0,22107.0,2,38.33558999,-121.98517993,4
2016,2016-09-10,2002,9,3,20,6,Y,A,N,A,H,C,A,01,,12,A,,,,,C,N,N,A,1,0,0,0,21453.0,2,38.34628991,-121.97420988,4
2016,2016-08-19,748,8,2,7,5,Y,A,N,A,H,A,L,04,,05,D,,Y,,,G,N,N,A,1,0,1,0,21202.0,2,38.34942997,-121.94960987,3
2016,2016-08-21,1240,8,2,12,7,N,A,N,A,H,A,A,07,,12,D,,,,,C,N,N,A,3,0,0,0,22450.0,2,38.37324997,-121.95629987,4
2016,2016-09-07,1810,9,3,18,3,Y,A,N,A,H,A,A,01,,12,D,,,,,C,N,M,A,1,0,0,0,21453.0,2,38.12354996,-122.22790998,4
2016,2016-09-25,1930,9,3,19,7,Y,A,Y,A,H,B,L,04,,09,D,,Y,,,G,N,N,A,1,0,1,0,21802.0,2,38.10699635,-122.25482798,4
2016,2016-09-20,1613,9,3,16,2,Y,A,Y,A,H,A,A,01,,12,D,,,,,C,Y,N,A,2,0,0,0,21453.0,2,38.36272448,-121.96758637,4
2016,2016-09-26,1345,9,3,13,1,Y,A,Y,A,H,A,A,01,,03,D,,,,,C,N,F,D,2,0,0,0,22350.0,2,38.24262863,-122.04477375,3
2016,2016-09-23,1825,9,3,18,5,Y,A,N,A,H,B,A,01,,03,C,,,,,C,N,N,A,1,0,0,0,22350.0,2,38.27147994,-121.98795996,4
2020,2020-10-30,1717,10,3,17,5,N,A,Y,A,H,A,A,01,W,01,C,,,,,C,N,F,A,1,0,0,0,23152.0,3,38.24922943115234,-122.04339599609376,4
2020,2020-11-05,20,11,3,0,4,N,A,N,A,H,C,A,01,E,01,A,,,,,E,Y,N,D,1,0,0,0,23152.0,3,,,3
2020,2020-11-06,1210,11,3,12,5,N,A,N,A,H,A,A,01,N,04,C,,,,,C,N,N,D,1,0,0,0,21703.0,2,38.28434753417969,-122.03414916992188,4
2020,2020-11-11,2107,11,3,21,3,N,A,N,A,H,C,A,01,E,01,C,,,,,E,N,N,D,2,0,0,0,23152.0,5,38.26276397705078,-122.07089233398438,3
2020,2020-11-11,2103,11,3,21,3,Y,A,N,A,H,C,A,01,,01,B,,,,,C,N,F,A,2,0,0,0,23152.0,2,,,3
2020,2020-11-13,653,11,3,6,5,N,A,N,A,H,A,-,- ,E,18,F,,,,,A,Y,N,D,1,0,0,0,,1,38.21834182739258,-122.13779449462892,4
2020,2020-11-13,1803,11,3,18,5,Y,C,N,B,H,C,N,60,,11,G,Y,,,,B,N,N,A,1,1,0,0,21456.0,2,38.25822830200195,-122.06504821777344,3
2020,2020-11-15,1045,11,3,10,7,N,A,N,A,H,A,F,26,E,12,D,,,,Y,C,Y,N,A,2,0,0,0,21453.0,2,38.22856903076172,-122.12648010253906,3
2020,2020-11-15,1220,11,3,12,7,N,A,N,A,H,A,A,01,E,04,C,,,,,C,Y,N,A,4,0,0,0,21703.0,3,38.2926025390625,-122.02406311035156,4
2020,2020-11-15,1712,11,3,17,7,N,A,N,A,H,C,A,01,N,12,D,,,,,C,Y,N,D,1,0,0,0,22450.0,2,38.2624626159668,-122.02496337890624,3
2020,2020-11-15,1805,11,3,18,7,Y,A,N,A,H,C,D,22,,09,D,,,,,C,N,F,A,2,0,0,0,21802.0,2,38.28289031982422,-122.02488708496094,4
2020,2020-11-18,700,11,3,7,3,N,B,N,B,H,A,A,01,E,00,C,,,,,C,N,N,A,1,0,0,0,21352.0,2,38.27986907958984,-122.02479553222656,4
2020,2020-11-18,1146,11,3,11,3,N,A,N,A,H,A,A,01,W,08,E,,,,,I,Y,N,D,1,0,0,0,22107.0,1,38.27345657348633,-122.01464080810548,4
2020,2020-11-20,816,11,3,8,5,N,A,N,A,H,A,A,07,N,08,E,,,,,I,Y,N,D,1,0,0,0,22107.0,1,38.2049674987793,-122.1384506225586,4
2020,2020-11-20,1328,11,3,13,5,N,A,N,A,H,A,A,01,S,10,G,Y,,,,B,N,N,A,1,1,0,0,21950.0,2,38.2686767578125,-122.04049682617188,3
2020,2020-11-23,1751,11,3,17,1,N,A,N,A,H,C,A,07,W,01,D,,Y,,,G,N,N,D,2,0,1,0,23152.0,3,38.27633285522461,-122.03545379638672,4
2020,2020-11-24,744,11,3,7,2,N,A,N,A,H,A,A,01,N,22,E,,,,,I,Y,N,D,1,0,0,0,23123.0,1,38.25178146362305,-122.06623840332033,4
2020,2020-11-24,1530,11,3,15,2,Y,A,Y,A,H,A,A,01,E,10,G,Y,,,,B,Y,N,A,1,1,0,0,21950.0,2,38.26424026489258,-122.0342025756836,2
2020,2020-11-25,1934,11,3,19,3,N,A,N,A,H,C,A,01,E,03,G,Y,,,,B,N,F,A,1,1,0,0,22350.0,2,38.26870346069336,-122.03972625732422,3
2020,2020-11-28,1608,11,3,16,6,N,A,N,A,H,A,D,23,E,01,C,,,,,C,N,F,D,1,0,0,0,23152.0,2,38.25813293457031,-122.05657958984376,4
2020,2020-11-28,1736,11,3,17,6,N,A,N,A,H,C,A,01,W,07,B,,,,,C,N,N,A,2,0,0,0,21658.0,2,38.27302169799805,-122.0437240600586,4
2020,2020-12-01,529,12,4,5,2,N,A,N,A,H,D,-,31,E,08,F,,,,,A,Y,N,D,1,0,0,0,22107.0,1,38.218406677246094,-122.13761138916016,4
2020,2020-12-01,1508,12,4,15,2,N,A,N,A,H,A,L,04,W,05,A,,Y,,,G,N,M,D,1,0,1,0,21650.0,2,38.24987030029297,-122.07212829589844,3
2020,2020-12-01,1649,12,4,16,2,Y,A,N,A,H,A,D,22,,09,A,,,,,C,Y,N,A,5,0,0,0,21801.0,3,38.26502990722656,-122.0046615600586,4
2020,2020-12-02,1844,12,4,18,3,N,A,N,A,H,C,A,01,N,03,C,,,,,C,N,N,D,1,0,0,0,22350.0,2,38.25191879272461,-122.0685806274414,4
2020,2020-12-03,800,12,4,8,4,N,A,N,A,H,A,A,01,W,08,D,,,,,C,N,N,D,3,0,0,0,22107.0,2,38.25825881958008,-122.03911590576172,4
2020,2020-12-03,2149,12,4,21,4,Y,A,N,A,H,C,A,01,,10,G,Y,,,,B,N,N,A,1,1,0,0,21950.0,2,38.254688262939446,-122.06707763671876,4
2020,2020-12-04,953,12,4,9,5,N,A,N,A,H,A,A,01,S,09,D,,Y,,,G,N,N,D,1,0,1,0,21804.0,2,38.267974853515625,-122.0341796875,2
2020,2020-12-05,1209,12,4,12,6,N,A,N,A,H,A,A,01,E,09,D,,,,,C,Y,N,A,1,0,0,0,21801.0,2,38.26555252075195,-122.0334243774414,4
2020,2020-12-05,1719,12,4,17,6,N,A,N,A,H,C,C,03,E,05,A,,,Y,,C,Y,N,D,1,0,0,1,21460.0,2,38.276344299316406,-122.03644561767578,4
2020,2020-12-06,1245,12,4,12,7,Y,A,N,A,H,A,A,01,,12,D,,,,,C,N,N,A,1,0,0,0,22450.0,2,38.25033950805664,-122.04454040527344,4
2020,2020-12-07,1500,12,4,15,1,N,A,N,A,H,A,A,01,S,03,C,,,,,C,Y,N,A,2,0,0,0,22350.0,2,38.26357650756836,-122.03421020507812,4
2020,2020-12-09,1519,12,4,15,3,N,A,N,A,H,A,A,01,W,12,D,,,,,C,Y,N,D,1,0,0,0,21453.0,2,38.27243423461913,-122.05430603027344,4
2020,2020-12-11,1521,12,4,15,5,N,C,Y,B,H,A,D,22,E,04,C,,,,,C,Y,N,A,1,0,0,0,21703.0,2,38.24132537841797,-122.05039215087892,4
2020,2020-12-11,1745,12,4,17,5,N,A,N,A,H,C,A,01,N,03,C,,,,,C,Y,N,A,2,0,0,0,22350.0,3,38.27159118652344,-122.0341567993164,4
2020,2020-12-11,2116,12,4,21,5,N,C,N,B,H,C,A,01,E,03,G,Y,,,,B,Y,F,D,1,1,0,0,22350.0,2,38.27194595336913,-122.00043487548828,2
2020,2020-12-12,1838,12,4,18,6,Y,A,N,A,H,C,A,01,,12,A,,,,,C,N,N,A,1,0,0,0,21453.0,2,38.24924087524414,-122.04997253417967,3
2016,2016-09-27,924,9,3,9,2,Y,A,N,A,H,A,A,01,,08,E,,,,,I,N,N,D,1,0,0,0,22107.0,1,38.26331996,-122.05004994,4
2016,2016-09-19,751,9,3,7,1,Y,A,N,A,H,A,N,60,,11,G,Y,,,,B,N,N,A,1,1,0,0,21950.0,2,38.24924992,-122.04853998,2
2020,2020-12-17,1102,12,4,11,4,N,A,N,A,H,A,A,08,S,03,C,,,,,C,N,F,A,1,0,0,0,22350.0,2,38.2685546875,-122.03417205810548,4
2020,2020-12-13,2033,12,4,20,7,N,C,Y,B,H,C,A,01,W,08,B,,,,,C,Y,N,A,1,0,0,0,22107.0,2,38.25817108154297,-122.05966949462892,4
2020,2020-12-14,1003,12,4,10,1,N,A,N,A,H,A,A,07,S,04,C,,,,,C,N,N,D,1,0,0,0,21703.0,2,38.27254104614258,-122.00658416748048,4
2020,2020-12-16,1032,12,4,10,3,N,A,N,A,H,A,A,01,S,04,C,,,,,C,N,N,D,1,0,0,0,21703.0,2,38.27802276611328,-122.0065460205078,4
2020,2020-12-17,211,12,4,2,4,N,C,N,B,H,C,A,01,E,01,F,,,,,A,Y,N,D,1,0,0,0,23152.0,1,38.2411994934082,-122.0504150390625,4
2020,2020-12-18,811,12,4,8,5,N,A,N,A,H,A,D,22,E,10,G,Y,,,,B,N,N,A,1,1,0,0,21950.0,2,38.25820159912109,-122.04735565185548,3
2020,2020-12-18,1757,12,4,17,5,N,A,N,A,H,C,N,60,W,11,G,Y,,,Y,B,N,N,D,1,1,0,0,21954.0,2,38.20297622680664,-122.14081573486328,2
2020,2020-12-19,756,12,4,7,6,Y,A,N,A,H,A,A,01,,09,D,,,,,C,N,N,D,1,0,0,0,21802.0,2,38.2617301940918,-122.02496337890624,4
2020,2020-12-23,835,12,4,8,3,N,A,N,A,H,A,A,01,S,08,F,,,,,A,Y,N,D,1,0,0,0,22107.0,1,38.30001449584961,-121.95047760009766,4
2020,2020-12-14,1557,12,4,15,1,Y,A,N,A,H,A,D,22,,12,D,,,,,C,Y,N,A,1,0,0,0,21453.0,2,38.2730598449707,-122.03423309326172,4
2020,2020-12-30,1121,12,4,11,3,N,A,N,A,H,A,-,31,E,04,C,,,,,C,Y,N,A,1,0,0,0,21703.0,2,38.24132537841797,-122.05039215087892,4
2020,2020-11-06,1712,11,3,17,5,N,A,N,A,H,A,A,07,E,03,C,,,,,C,N,N,D,1,0,0,0,22350.0,2,38.25822830200195,-122.03158569335938,4
2020,2020-11-13,1833,11,3,18,5,Y,C,N,B,H,C,A,01,,12,D,,,,,C,Y,N,A,1,0,0,0,21453.0,2,38.25825119018555,-122.03417205810548,4
2016,2016-09-22,937,9,3,9,4,Y,A,Y,A,H,A,-,,,04,C,,,,,C,N,N,A,1,0,0,0,21703.0,2,38.11984898,-122.2548519,4
2016,2016-09-28,1635,9,3,16,3,Y,A,Y,A,H,A,A,,,09,D,,,Y,,C,Y,N,D,2,0,0,1,21802.0,2,38.08528514,-122.24118492,3
2016,2016-09-27,1736,9,3,17,2,Y,A,N,A,H,A,-,,,12,D,,,,,C,Y,N,A,1,0,0,0,21453.0,3,38.10604997,-122.22447999,4
2016,2016-09-21,1349,9,3,13,3,Y,A,N,A,H,A,-,,,09,B,,,,,C,N,N,D,2,0,0,0,21802.0,2,38.10973995,-122.23637992,4
2016,2016-09-26,855,9,3,8,1,N,B,N,A,H,A,-,,W,03,C,,,,,C,N,F,A,2,0,0,0,22350.0,2,38.12294993,-122.25536989,4
2016,2016-11-27,1924,11,3,19,7,N,A,N,A,H,C,N,60,E,11,G,Y,,,,B,N,N,A,1,1,0,0,21954.0,2,38.10985804,-122.24605011,3
2016,2016-11-24,1554,11,3,15,4,N,A,N,A,H,A,A,,E,03,C,,,,,C,N,N,A,2,0,0,0,22350.0,3,38.08291333,-122.23773479,4
2016,2016-12-08,1443,12,4,14,4,N,B,N,B,H,A,A,01,S,03,C,,,,,C,N,N,A,2,0,0,0,22350.0,3,38.35198146,-121.97612,4
2016,2016-12-15,815,12,4,8,4,N,B,N,B,H,A,A,01,W,03,C,,,,,C,Y,N,A,1,0,0,0,22350.0,2,38.10972112,-122.23480386,3
2016,2016-12-18,1750,12,4,17,7,N,A,N,A,H,C,-,,N,08,E,,,,,I,Y,N,D,1,0,0,0,22107.0,1,38.11221036,-122.22926948,4
2016,2016-12-16,745,12,4,7,5,Y,A,N,A,H,A,-,,,09,D,,,,,C,Y,N,D,2,0,0,0,21802.0,2,38.12694992,-122.20379993,4
2016,2016-12-13,223,12,4,2,2,N,A,N,A,H,C,-,,E,08,F,,,,,I,Y,N,D,1,0,0,0,22107.0,1,38.0996964,-122.20233761,3
2016,2016-12-03,1032,12,4,10,6,N,A,N,A,H,A,N,60,E,11,G,Y,,,,B,N,N,D,1,1,0,0,21950.0,2,38.13448507,-122.2402245,3
2016,2016-02-19,1351,2,4,13,5,N,A,N,A,H,A,-,- ,S,- ,E,,,,,I,Y,N,D,1,0,0,0,,1,38.18743804,-121.7149798,4
2016,2016-10-01,954,10,3,9,6,N,A,N,A,H,A,F,26,S,08,D,,,,Y,C,N,N,A,1,0,0,0,22105.0,2,38.29556084,-121.96944147,3
2016,2016-09-30,1726,9,3,17,5,Y,A,N,A,H,A,A,01,,12,D,,,,,C,Y,N,D,1,0,0,0,22450.0,2,38.24473989,-122.04322996,4
2016,2016-09-29,1522,9,3,15,4,N,A,N,A,H,A,L,04,S,05,D,,Y,,,G,N,N,A,1,0,1,0,21650.0,2,38.26522,-122.01182,4
2016,2016-09-20,1118,9,3,11,2,Y,A,N,A,H,A,N,60,,11,G,Y,,,,B,N,N,A,1,1,0,0,21456.0,2,38.27143989,-122.03415993,4
2015,2015-02-12,1200,2,4,12,4,N,A,Y,A,H,A,A,01,E,07,E,,,,,I,Y,N,D,1,0,0,0,21658.0,1,38.1765327,-121.71682204,3
2016,2016-06-02,1230,6,2,12,4,Y,A,N,A,H,A,-,,,09,D,,,,,C,Y,N,A,2,0,0,0,21802.0,2,38.10502989,-122.25320993,4
2016,2016-09-21,1510,9,3,15,3,Y,A,N,A,H,A,A,01,,10,-,Y,,,,B,N,N,A,1,1,0,0,21950.0,2,38.15587997,-121.69240986,4
2016,2016-09-24,1654,9,3,16,6,Y,A,N,A,H,A,A,01,,09,D,,,,,C,Y,N,D,2,0,0,0,21802.0,2,38.15656996,-121.69008995,4
2016,2016-05-10,1904,5,1,19,2,N,A,N,A,H,A,-,,E,08,B,,,,,C,N,N,A,1,0,0,0,22107.0,2,38.12217468,-122.2368495,4
2016,2016-08-17,2105,8,2,21,3,N,A,N,A,H,C,-,- ,E,00,-,Y,,,,B,N,N,A,1,1,0,0,,2,38.13071707,-122.22502707,2
2016,2016-10-01,1928,10,3,19,6,N,A,N,A,H,C,A,07,S,01,G,Y,,,,B,Y,N,D,1,1,0,0,23152.0,2,38.26144364,-122.03423732,2
2016,2016-09-27,1514,9,3,15,2,N,A,N,A,H,A,A,01,E,03,C,,,,,C,Y,N,A,1,0,0,0,22350.0,3,38.27307,-122.03405,4
2016,2016-09-22,1538,9,3,15,4,N,A,N,A,H,A,A,08,W,08,E,,,,,I,Y,N,A,1,0,0,0,22107.0,1,38.25826625,-122.04062941,4
2016,2016-10-06,802,10,3,8,4,N,A,N,A,H,A,A,01,W,03,C,,,,,C,Y,N,A,1,0,0,0,22350.0,2,38.27289924,-122.02701749,4
2016,2016-10-03,1607,10,3,16,1,N,A,N,A,H,A,A,01,W,21,C,,,,,C,Y,N,D,1,0,0,0,22106.0,2,38.27308091,-122.04634334,4
2016,2016-10-04,939,10,3,9,2,N,A,N,A,H,A,A,01,N,03,C,,,,,C,N,N,D,2,0,0,0,22350.0,2,38.33714706,-121.98725918,4
2016,2016-10-05,1609,10,3,16,3,Y,A,N,A,H,A,F,26,,10,G,Y,,,Y,B,N,N,A,1,1,0,0,21950.0,2,38.27143989,-122.03415993,3
2016,2016-10-07,805,10,3,8,5,Y,A,N,A,H,A,A,07,,03,C,,,,,C,Y,N,A,1,0,0,0,22350.0,2,38.2725999,-122.00657989,4
2016,2016-10-10,1012,10,3,10,1,N,A,N,A,H,A,C,02,W,03,C,,,Y,,E,Y,N,D,1,0,0,1,22350.0,2,38.27599801,-122.01036697,2
2016,2016-10-10,1718,10,3,17,1,N,A,N,A,H,A,A,07,S,08,D,,,,,C,N,N,D,1,0,0,0,22100.0,2,38.2904859,-122.03409327,4
2016,2016-10-06,2018,10,3,20,4,N,A,N,A,H,C,C,02,S,04,C,,,Y,,C,Y,N,A,1,0,0,1,21703.0,2,38.27614936,-122.02491147,3
2016,2016-10-11,1727,10,3,17,2,Y,A,N,A,H,A,A,01,,03,C,,,,,C,Y,N,D,4,0,0,0,22350.0,2,38.25824991,-122.03416989,4
2016,2016-10-11,2006,10,3,20,2,Y,A,N,A,H,D,L,04,,12,H,,Y,,,G,N,N,A,1,0,1,0,22450.0,2,38.2555299,-122.02685993,3
2016,2016-08-11,2250,8,2,22,4,N,A,N,A,H,C,A,01,N,08,C,,,,,E,Y,N,D,1,0,0,0,22107.0,3,38.2495018,-122.01246554,4
2016,2016-08-11,1126,8,2,11,4,N,A,N,A,H,A,C,02,S,03,E,,,Y,,I,Y,N,D,2,0,0,2,22350.0,1,38.24236579,-122.00259395,2
2016,2016-08-24,2245,8,2,22,3,N,A,N,A,H,C,A,01,E,03,E,,,,,I,Y,F,D,1,0,0,0,22350.0,1,38.26376155,-122.00698229,3
2016,2016-09-02,1624,9,3,16,5,N,A,N,A,H,A,A,01,E,05,B,,,,,C,Y,N,D,1,0,0,0,21650.0,2,38.26010642,-122.01364895,4
2016,2016-08-22,1733,8,2,17,1,Y,A,N,A,H,A,A,01,,12,D,,,,,C,Y,M,A,1,0,0,0,22450.0,2,38.24787993,-122.00484999,4
2016,2016-08-17,938,8,2,9,3,Y,A,N,A,H,A,A,01,,09,B,,,,Y,C,Y,N,D,3,0,0,0,21801.0,2,38.25620993,-121.98812998,4
2016,2016-07-30,1859,7,2,18,6,N,A,N,A,H,A,A,01,E,03,D,,,,,E,Y,N,D,1,0,0,0,22350.0,3,38.25155119,-121.9870908,4
2016,2016-07-22,1646,7,2,16,5,N,A,Y,A,H,A,A,01,E,03,C,,,,,C,Y,N,A,2,0,0,0,22350.0,4,38.24303129,-122.04336815,4
2016,2016-10-04,1002,10,3,10,2,N,A,N,A,D,A,G,25,W,08,B,,,,Y,C,N,N,A,1,0,0,0,22107.0,2,38.23408,-122.08381,3
2016,2016-10-11,1525,10,3,15,2,Y,A,N,A,H,A,D,22,,09,D,,,,,C,N,N,A,2,0,0,0,21802.0,2,38.25816994,-122.02296992,4
2016,2016-09-07,1112,9,3,11,3,N,A,N,A,H,A,A,01,N,09,D,,,Y,,C,Y,F,A,1,0,0,1,21804.0,2,38.25180003,-122.06868907,2
2016,2016-10-14,1401,10,3,14,5,N,C,Y,B,H,A,A,07,E,03,F,,,,,A,N,N,D,1,0,0,0,22350.0,1,38.24256839,-122.04498469,4
2016,2016-10-11,1247,10,3,12,2,N,A,N,A,H,A,A,01,E,03,C,,,,,C,N,N,D,1,0,0,0,22350.0,2,38.27307,-122.03405,4
2016,2016-09-10,2021,9,3,20,6,Y,A,Y,A,H,C,A,01,,09,D,,,,,C,Y,N,D,2,0,0,0,21802.0,2,38.05479493,-122.14706233,4
2016,2016-09-20,2040,9,3,20,2,N,A,N,A,H,C,-,,E,03,C,,,,,C,N,M,A,1,0,0,0,22350.0,2,38.10963347,-122.21755493,4
2016,2016-09-09,1732,9,3,17,5,Y,A,N,A,H,A,-,,,09,D,,,,,C,Y,F,A,1,0,0,0,21802.0,2,38.10491995,-122.24648996,4
2016,2016-08-28,1731,8,2,17,7,Y,A,N,A,H,A,-,- ,,12,D,,,,,C,Y,N,A,1,0,0,0,21453.0,2,38.10792998,-122.26544987,4
2016,2016-08-17,1409,8,2,14,3,Y,A,N,A,H,A,A,01,,09,D,,,,,C,Y,N,A,3,0,0,0,21801.0,2,38.05912992,-122.16706992,4
2016,2016-08-04,1220,8,2,12,4,N,A,N,A,H,A,A,01,S,04,C,,,,,C,N,F,A,1,0,0,0,21703.0,2,38.24902851,-122.04997325,4
2016,2016-10-02,1137,10,3,11,7,N,C,N,B,H,A,-,,S,03,D,,,,,C,N,N,A,1,0,0,0,22350.0,2,38.14670101,-122.2361462,4
2016,2016-10-11,751,10,3,7,2,N,A,N,A,H,A,-,,N,08,B,,,,,C,Y,M,D,1,0,0,0,22107.0,2,38.1179365,-122.24480374,4
2016,2016-10-03,848,10,3,8,1,N,B,N,B,H,A,-,,E,03,D,,,,,C,N,N,A,2,0,0,0,22350.0,2,38.11951109,-122.25998519,4
2016,2016-10-14,1336,10,3,13,5,N,B,N,B,H,A,A,01,N,03,C,,,,,C,Y,N,D,2,0,0,0,22350.0,4,38.11902944,-122.2294802,3
2016,2016-08-15,1326,8,2,13,1,Y,A,Y,A,H,A,A,07,,12,D,,,,,C,Y,N,A,1,0,0,0,21453.0,2,38.06039741,-122.15186864,4
2016,2016-10-14,1250,10,3,12,5,Y,B,N,B,H,A,A,01,,09,D,,,,,C,Y,N,B,1,0,0,0,21800.0,2,38.09707996,-122.24837989,4
2016,2016-10-14,934,10,3,9,5,Y,B,N,B,H,A,-,,,09,D,,,,,C,Y,N,A,2,0,0,0,21802.0,2,38.10597999,-122.21139994,4