ACCIDENT_YEAR,COLLISION_DATE,COLLISION_TIME,MONTH,SEASON,24HOURS,DAY_OF_WEEK,INTERSECTION,WEATHER_1,STATE_HWY_IND,ROAD_SURFACE,ROAD_COND_1,LIGHTING,STWD_VEHTYPE_AT_FAULT,CHP_VEHTYPE_AT_FAULT,DIRECTION,PCF_VIOL_CATEGORY,TYPE_OF_COLLISION,PEDESTRIAN_ACCIDENT,BICYCLE_ACCIDENT,MOTORCYCLE_ACCIDENT,TRUCK_ACCIDENT,MVIW,TOW_AWAY,HIT_AND_RUN,CONTROL_DEVICE,NUMBER_INJURED,COUNT_PED_INJURED,COUNT_BICYCLIST_INJURED,COUNT_MC_INJURED,PCF_VIOLATION,PARTY_COUNT,POINT_Y,POINT_X,COLLISION_SEVERITY
2017,2017-04-16,1334,4,1,13,7,Y,C,N,B,H,A,D,22,,08,D,,,,,C,Y,N,D,1,0,0,0,22107.0,2,38.26538991,-122.02146,4
2017,2017-04-11,1545,4,1,15,2,Y,B,N,A,H,A,L,04,,03,C,,Y,,,G,N,N,A,1,0,1,0,22350.0,3,38.2700999,-122.05907986,3
2017,2017-04-13,1543,4,1,15,4,Y,A,N,A,H,A,A,01,,12,D,,,,,C,N,N,A,2,0,0,0,21453.0,3,38.27305994,-122.03422988,4
2017,2017-04-12,822,4,1,8,3,N,C,N,B,H,A,A,01,E,09,D,,,,,C,N,N,D,1,0,0,0,21801.0,2,,,4
2017,2017-04-06,2230,4,1,22,4,N,C,N,B,H,C,A,01,E,08,B,,,,,I,Y,M,D,1,0,0,0,22107.0,1,38.25811,-122.01998,4
2017,2017-04-18,1339,4,1,13,2,N,B,N,A,H,A,A,01,W,03,C,,,,,C,N,N,A,1,0,0,0,22350.0,2,38.22701445,-122.12975193,4
2017,2017-04-20,813,4,1,8,4,Y,A,Y,A,H,A,A,01,,12,D,,,,,C,N,N,A,1,0,0,0,21453.0,2,38.24024893,-122.06636673,4
2017,2017-04-15,806,4,1,8,6,Y,A,Y,A,H,A,A,01,,12,A,,,,,C,Y,N,A,2,0,0,0,21453.0,2,38.25995476,-122.06124341,3
2017,2017-04-09,1451,4,1,14,7,Y,A,N,A,H,A,A,01,,09,A,,,,,C,N,N,A,3,0,0,0,21801.0,2,38.25825995,-122.03906997,4
2017,2017-04-12,925,4,1,9,3,N,C,Y,B,H,A,D,22,E,03,F,,,,,A,N,N,A,1,0,0,0,22350.0,1,38.24267942,-122.04498584,4
2017,2017-04-12,803,4,1,8,3,N,C,N,B,H,A,D,22,W,03,E,,,,,I,N,N,A,1,0,0,0,22350.0,1,38.27139241,-121.98836668,3
2017,2017-04-06,1457,4,1,14,4,N,A,N,A,H,A,D,22,S,03,C,,,,,C,N,N,A,1,0,0,0,22350.0,2,38.2517688,-122.05514056,3
2017,2017-04-12,1918,4,1,19,3,N,A,N,A,H,B,A,01,N,03,C,,,,,C,Y,N,A,2,0,0,0,22350.0,2,38.27334596,-122.02492,4
2017,2017-03-29,628,3,1,6,3,N,A,N,A,H,C,A,01,E,03,C,,,,,C,Y,N,D,3,0,0,0,22350.0,3,38.27286442,-122.02309106,4
2017,2017-04-08,609,4,1,6,6,Y,A,N,A,H,C,A,01,,03,E,,,,,I,Y,N,A,1,0,0,0,22350.0,1,38.24923998,-122.04996992,4
2017,2017-04-10,1721,4,1,17,1,Y,A,N,A,H,A,A,07,,03,C,,,,,C,Y,N,A,2,0,0,0,22350.0,2,38.25824998,-122.04219997,3
2017,2017-03-29,1450,3,1,14,3,N,A,N,A,H,A,D,22,S,03,C,,,,,C,Y,N,A,1,0,0,0,22350.0,2,38.34028497,-121.94286156,4
2017,2017-03-28,137,3,1,1,2,Y,A,N,A,H,C,A,01,,08,C,,,,,E,N,N,D,1,0,0,0,22107.0,2,38.35911993,-121.9976,3
2017,2017-04-18,1244,4,1,12,2,Y,A,N,A,H,A,A,01,,09,D,,,,,C,Y,N,A,1,0,0,0,21453.0,2,38.38944991,-121.93462991,4
2017,2017-04-23,1339,4,1,13,7,Y,A,Y,A,H,A,-,,,12,D,,,,,C,Y,N,A,1,0,0,0,21453.0,3,38.11985198,-122.25512723,4
2017,2017-04-10,1225,4,1,12,1,N,A,Y,A,H,A,A,01,S,08,E,,,,,I,N,N,A,1,0,0,0,22107.0,1,38.12794424,-122.25575242,4
2017,2017-03-25,1830,3,1,18,6,Y,A,Y,A,H,A,A,01,,09,A,,,,,C,N,N,A,1,0,0,0,21801.0,2,38.08259912,-122.23860959,4
2017,2017-04-11,400,4,1,4,2,Y,A,Y,A,H,C,A,01,,08,E,,,,,I,Y,N,A,1,0,0,0,22107.0,1,38.1139607,-122.25463952,4
2017,2017-04-01,1317,4,1,13,6,N,A,N,A,H,A,A,01,S,03,C,,,,,C,N,N,A,1,0,0,0,22350.0,2,38.27268125,-122.02492,4
2017,2017-04-19,2155,4,1,21,3,N,C,N,B,H,D,A,01,E,01,A,,,,,C,Y,N,D,3,0,0,0,23152.0,2,38.27938,-122.00577,4
2017,2017-02-08,1230,2,4,12,3,N,C,Y,B,H,A,A,01,S,03,C,,,,,C,N,N,D,2,0,0,0,22350.0,3,38.43848061,-121.8225272,4
2017,2017-03-14,1513,3,1,15,2,N,A,N,A,H,A,A,01,E,04,C,,,,,C,Y,N,D,2,0,0,0,21703.0,2,38.43121852,-121.82141481,4
2017,2017-03-23,725,3,1,7,4,N,A,N,A,H,A,A,01,E,09,D,,,,,D,Y,N,D,1,0,0,0,21804.0,2,38.44584479,-121.85410676,4
2017,2017-03-04,1715,3,1,17,6,Y,A,N,A,H,A,A,01,,12,D,,,,,C,N,N,A,1,0,0,0,22450.0,2,38.44568997,-121.83639992,4
2017,2017-04-05,1727,4,1,17,3,Y,A,N,A,H,A,A,01,,09,B,,,,,C,N,N,A,1,0,0,0,21802.0,2,38.44754989,-121.82119991,4
2017,2017-04-01,1516,4,1,15,6,Y,-,N,-,-,-,A,01,,12,D,,,,,C,Y,N,D,1,0,0,0,22450.0,2,38.45833989,-121.83627988,4
2017,2017-04-08,1300,4,1,13,6,N,A,Y,A,-,A,A,01,S,09,-,,,,,C,Y,N,A,1,0,0,0,21801.0,2,38.16067288,-121.6958881,4
2017,2017-02-13,2152,2,4,21,1,Y,A,N,A,H,C,A,01,,01,D,,,,,C,N,N,D,1,0,0,0,23152.0,2,38.45803999,-121.83947996,4
2017,2017-04-30,2302,4,1,23,7,Y,A,N,A,H,D,A,01,,01,E,,,,,I,Y,N,D,1,0,0,0,23152.0,1,38.29990995,-121.97239991,3
2017,2017-04-22,1402,4,1,14,6,Y,A,N,A,H,A,D,22,,01,E,,,,,I,Y,N,A,1,0,0,0,23152.0,1,38.37731994,-121.99192989,3
2017,2017-04-05,1017,4,1,10,3,N,A,Y,A,H,A,A,01,W,01,E,,,,,I,Y,N,A,1,0,0,0,23152.0,1,38.22379045,-122.1277342,3
2017,2017-04-19,2254,4,1,22,3,Y,A,N,A,H,C,A,01,,01,C,,,,,C,Y,N,D,1,0,0,0,23152.0,2,38.33785996,-121.95568999,3
2017,2017-04-26,1559,4,1,15,3,Y,A,N,A,H,A,A,07,,12,-,,,,,C,N,N,A,4,0,0,0,21453.0,3,38.27147994,-121.98795996,4
2017,2017-04-08,1519,4,1,15,6,N,A,N,A,H,A,D,22,E,08,C,,,,,C,Y,N,A,1,0,0,0,22107.0,2,38.33534,-121.95280435,4
2017,2017-05-02,1231,5,1,12,2,N,A,N,A,H,A,D,22,W,08,B,,,,,C,N,N,D,1,0,0,0,22107.0,2,38.36181762,-121.97187445,4
2017,2017-05-03,1451,5,1,14,3,Y,A,N,A,H,A,A,01,,03,E,,,,,I,Y,N,A,3,0,0,0,22350.0,1,38.24922998,-122.04188993,3
2017,2017-05-03,1409,5,1,14,3,N,A,N,A,H,A,A,01,W,01,F,,,,,I,Y,N,A,1,0,0,0,23152.0,1,38.25823,-122.03203721,3
2016,2016-11-15,1750,11,3,17,2,N,C,N,B,H,C,A,01,,08,B,,,,,E,Y,N,D,1,0,0,0,22107.0,2,38.25208989,-122.01495993,3
2016,2016-05-25,637,5,1,6,3,N,A,N,A,H,A,A,01,W,03,C,,,,,E,Y,N,A,1,0,0,0,22350.0,3,38.24537462,-122.01072844,4
2017,2017-04-06,605,4,1,6,4,N,A,Y,A,H,C,A,01,N,03,C,,,,,C,Y,N,D,1,0,0,0,22350.0,2,38.15413041,-122.25389608,4
2017,2017-04-27,1801,4,1,18,4,N,A,N,A,H,A,L,04,S,05,A,,Y,,,G,N,N,A,1,0,1,0,21202.0,2,38.20377253,-122.13844947,3
2017,2017-04-10,1727,4,1,17,1,Y,A,N,A,H,A,A,07,,08,D,,,,,E,N,N,D,1,0,0,0,22107.0,2,38.23070992,-122.12623988,4
2017,2017-04-23,1404,4,1,14,7,Y,A,N,A,H,A,A,01,,08,D,,,,,C,N,N,D,1,0,0,0,22107.0,2,38.26762996,-122.02493993,4
2017,2017-04-20,1635,4,1,16,4,N,A,N,A,H,A,A,01,W,03,C,,,,,C,N,N,D,2,0,0,0,22350.0,2,38.2652126,-122.01112385,4
2017,2017-04-14,1745,4,1,17,5,N,A,N,A,H,A,A,01,N,04,C,,,,,C,N,N,D,1,0,0,0,21703.0,2,38.13198019,-122.22942914,4
2017,2017-04-10,1805,4,1,18,1,N,A,N,A,H,A,A,,N,09,D,,,,,C,Y,N,A,2,0,0,0,21804.0,2,38.13416086,-122.22250671,4
2017,2017-04-14,2106,4,1,21,5,Y,A,N,A,H,C,-,- ,,12,D,,,,,C,Y,N,A,2,0,0,0,21453.0,2,38.10982994,-122.24330989,4
2017,2017-04-09,1523,4,1,15,7,Y,A,N,A,H,A,A,01,,03,D,,,,,C,Y,M,D,1,0,0,0,22350.0,2,38.13944998,-122.24820986,4
2017,2017-04-16,1527,4,1,15,7,N,C,N,B,H,A,A,,S,01,C,,,,,E,Y,N,D,1,0,0,0,23152.0,2,38.11299405,-122.23816984,3
2017,2017-04-20,1948,4,1,19,4,Y,A,N,A,H,B,D,22,,08,B,,,,,C,N,N,D,1,0,0,0,22107.0,2,38.11796995,-122.20272993,4
2017,2017-03-24,1548,3,1,15,5,Y,A,N,A,H,A,A,,,12,D,,,,,C,Y,M,A,2,0,0,0,22450.0,4,38.11288991,-122.25132988,4
2017,2017-03-18,2209,3,1,22,6,N,A,N,A,H,C,-,,S,08,E,,,,,E,Y,N,D,1,0,0,0,22107.0,2,38.14398696,-122.2312271,3
2017,2017-04-25,1547,4,1,15,2,N,A,N,A,H,A,I,09,S,08,B,,,,,E,N,N,A,1,0,0,0,22107.0,2,38.35985352,-122.00155974,4
2017,2017-05-08,803,5,1,8,1,Y,A,N,A,H,A,A,08,,09,D,,,,,C,Y,N,A,1,0,0,0,21802.0,2,38.35906991,-121.99207993,4
2017,2017-05-06,1519,5,1,15,6,N,A,N,A,H,A,A,07,W,09,D,,,,,C,Y,N,D,1,0,0,0,21804.0,2,38.36212487,-121.96539552,4
2017,2017-05-11,833,5,1,8,4,N,A,N,A,H,A,A,01,S,03,C,,,,,A,Y,N,A,2,0,0,0,22350.0,3,38.33679905,-121.98681351,4
2017,2017-04-13,1401,4,1,14,4,N,B,N,A,H,A,D,82,N,03,C,,,,,C,Y,N,A,2,0,0,0,22350.0,3,38.14109345,-122.23244676,4
2017,2017-04-27,1920,4,1,19,4,Y,A,N,A,H,A,A,01,,01,D,,,,,C,Y,F,A,2,0,0,0,23152.0,2,38.25792996,-122.05677999,2
2017,2017-04-22,1607,4,1,16,6,N,A,N,A,H,A,A,01,E,03,C,,,,,C,Y,N,A,3,0,0,0,22350.0,2,38.25846701,-122.0621604,4
2017,2017-05-02,2226,5,1,22,2,N,A,N,A,H,C,-,,S,10,G,Y,,,,B,N,N,A,1,1,0,0,21950.0,2,38.11946977,-122.26001202,4
2017,2017-05-03,801,5,1,8,3,Y,A,N,A,H,A,A,08,,09,D,,,,,C,Y,N,A,2,0,0,0,21802.0,2,38.10491995,-122.24648996,4
2017,2017-05-01,1254,5,1,12,1,N,A,N,A,H,A,A,08,W,01,E,,,,,I,N,N,D,1,0,0,0,23152.0,1,38.10127867,-122.23927898,3
2017,2017-04-29,1017,4,1,10,6,Y,A,N,A,H,A,A,,,09,D,,,,,C,Y,F,A,2,0,0,0,21802.0,2,38.12251992,-122.21871989,3
2017,2017-04-24,1341,4,1,13,1,Y,B,N,A,H,A,A,01,,12,D,,,,,C,N,N,A,1,0,0,0,21453.0,2,38.09981993,-122.2207399,4
2017,2017-04-30,1225,4,1,12,7,Y,A,N,A,H,A,-,,,09,D,,,,,C,N,N,A,1,0,0,0,21802.0,2,38.10879992,-122.19460988,4
2017,2017-05-05,714,5,1,7,5,N,A,N,A,H,A,A,01,N,07,B,,,Y,,C,N,N,D,1,0,0,1,21658.0,2,38.28765342,-121.96956,4
2017,2017-05-08,1134,5,1,11,1,N,A,N,A,H,A,A,01,E,03,C,,,,,C,N,N,D,1,0,0,0,22350.0,2,38.27307,-122.03405,4
2017,2017-05-07,918,5,1,9,7,Y,A,N,A,H,A,-,,,12,-,,,,,C,Y,F,A,1,0,0,0,21453.0,2,38.10480994,-122.2382099,4
2017,2017-05-14,1713,5,1,17,7,N,A,N,A,H,A,C,06,S,05,A,,,Y,,C,Y,N,D,2,0,0,1,21650.0,2,38.10485813,-122.18836396,4
2017,2017-05-08,2325,5,1,23,1,Y,A,N,A,H,C,A,01,,12,D,,,,,C,Y,N,A,1,0,0,0,21453.0,2,38.12354996,-122.22790998,2
2017,2017-04-29,1635,4,1,16,6,Y,A,N,A,H,A,D,22,,03,C,,,,,C,N,F,A,1,0,0,0,22350.0,2,38.27038993,-122.02490986,4
2017,2017-04-24,1709,4,1,17,1,N,A,N,A,H,A,F,26,E,03,C,,,,Y,C,Y,N,D,1,0,0,0,22350.0,2,38.24927,-122.06054584,4
2017,2017-05-09,709,5,1,7,2,N,A,N,A,H,A,A,08,N,09,D,,,,,C,N,N,D,3,0,0,0,21804.0,2,38.2508276,-122.06956945,4
2017,2017-04-29,1518,4,1,15,6,Y,A,N,A,H,A,-,- ,,12,A,,,Y,,C,Y,N,A,1,0,0,1,21453.0,2,38.19716999,-122.14117986,3
2017,2017-04-26,857,4,1,8,3,N,B,N,A,H,A,C,02,E,03,E,,,Y,,I,Y,N,D,1,0,0,1,22350.0,1,38.26555,-122.03309293,3
2017,2017-04-25,744,4,1,7,2,N,B,N,A,H,A,A,01,S,04,C,,,,,C,Y,N,A,3,0,0,0,21703.0,4,,,4
2017,2017-04-29,425,4,1,4,6,N,A,Y,A,D,C,A,01,S,08,C,,,,,I,Y,N,D,1,0,0,0,22107.0,2,38.08457333,-122.24053616,4
2017,2017-04-28,714,4,1,7,5,Y,A,Y,A,H,A,A,01,,12,D,,,,,C,Y,N,A,1,0,0,0,21453.0,2,38.09460026,-122.25131916,4
2017,2017-04-25,511,4,1,5,2,N,B,Y,A,H,D,-,,N,08,C,,Y,,,G,N,F,D,1,0,1,0,22107.0,2,38.1408261,-122.25603604,4
2017,2017-04-14,2032,4,1,20,5,N,B,Y,A,H,C,A,01,N,12,G,Y,,,,B,N,F,A,1,1,0,0,21453.0,2,38.10014224,-122.25500072,2
2017,2017-05-01,1711,5,1,17,1,N,A,Y,A,H,A,A,01,N,21,D,,,,,C,Y,N,A,1,0,0,0,22106.0,2,38.08813072,-122.24378389,3
2017,2017-05-08,1441,5,1,14,1,N,A,Y,A,H,A,A,01,E,03,C,,,,,C,Y,N,A,1,0,0,0,22350.0,2,38.38594499,-121.93651148,4
2017,2017-07-17,1646,7,2,16,1,N,A,Y,A,H,A,L,04,N,05,B,,Y,,,G,N,N,D,1,0,1,0,21202.0,2,38.11650429,-122.25457551,3
2017,2017-05-20,1445,5,1,14,6,N,A,Y,A,H,A,-,,N,03,C,,,,,C,Y,N,D,1,0,0,0,22350.0,2,38.12933453,-122.25564369,4
2017,2017-05-21,2130,5,1,21,7,Y,A,Y,A,H,A,-,,,08,D,,,,,C,N,M,A,1,0,0,0,22107.0,2,38.099228,-122.25502881,2
2017,2017-05-21,1921,5,1,19,7,N,A,N,A,H,A,-,,S,09,D,,,,,C,N,N,A,2,0,0,0,21804.0,2,38.12119305,-122.26139597,3
2017,2017-04-18,1725,4,1,17,2,N,A,N,A,H,A,A,01,E,03,C,,,,,C,N,N,A,1,0,0,0,22350.0,3,38.27285746,-122.02233154,4
2017,2017-05-11,758,5,1,7,4,N,A,N,A,H,A,A,01,W,07,B,,,,,C,N,N,D,1,0,0,0,21658.0,2,38.27122595,-121.98910342,4
2017,2017-05-06,1806,5,1,18,6,Y,A,N,A,H,A,A,07,,09,D,,,,,C,Y,N,A,2,0,0,0,21802.0,2,38.25033991,-122.04996999,4
2017,2017-05-06,2033,5,1,20,6,N,A,N,A,H,C,A,01,W,03,C,,,,,C,N,F,A,1,0,0,0,22350.0,2,38.25812973,-122.05689225,4
2017,2017-05-05,856,5,1,8,5,Y,A,N,A,H,A,A,01,,09,A,,,,,C,Y,N,A,2,0,0,0,21802.0,2,38.25995999,-122.01989999,4
2017,2017-05-04,1532,5,1,15,4,N,A,N,A,H,A,A,01,N,09,D,,,,,C,Y,N,A,2,0,0,0,21801.0,2,38.27318,-122.03422,3
2017,2017-05-03,1125,5,1,11,3,N,A,N,A,H,A,A,07,E,03,C,,,,,C,N,N,D,1,0,0,0,22350.0,2,38.25816158,-122.02256605,4
2017,2017-05-03,1930,5,1,19,3,Y,A,N,A,H,A,A,01,,09,D,,,,,C,Y,N,A,2,0,0,0,21801.0,2,38.28848997,-122.03411998,4
2017,2017-05-13,705,5,1,7,6,N,A,N,A,H,A,A,07,E,09,H,,Y,,,G,N,N,D,1,0,1,0,21801.0,2,38.26107601,-122.04894199,4
2017,2017-05-13,1301,5,1,13,6,N,A,N,A,H,A,A,01,N,03,E,,,,,I,Y,N,B,1,0,0,0,22350.0,1,38.3007815,-121.96956383,4
2017,2017-05-10,715,5,1,7,3,N,A,N,A,H,A,A,07,E,08,E,,,,,I,Y,N,A,1,0,0,0,22107.0,1,38.18131042,-122.13820236,3
2017,2017-05-10,1600,5,1,16,3,N,A,N,A,H,A,A,01,N,08,E,,,,,I,Y,N,A,2,0,0,0,22107.0,1,38.22363908,-122.14554937,3
2017,2017-05-09,2248,5,1,22,2,N,A,N,A,-,D,A,01,W,05,A,,,,,C,Y,N,D,2,0,0,0,21651.0,2,38.28704115,-121.97629197,4
2017,2017-05-03,755,5,1,7,3,N,A,N,A,H,A,A,07,E,03,C,,,,,C,N,N,D,1,0,0,0,22350.0,3,38.27307,-122.03405,4
2017,2017-05-17,2144,5,1,21,3,N,A,N,A,H,C,A,01,E,01,C,,,,,C,N,N,A,1,0,0,0,23152.0,3,38.36020315,-121.9674866,4
2017,2017-05-12,1609,5,1,16,5,N,A,Y,A,H,A,A,08,W,03,C,,,,Y,C,N,N,D,1,0,0,0,22350.0,2,38.17140246,-121.71038271,4
2017,2017-05-20,2036,5,1,20,6,Y,A,Y,A,H,C,C,02,,03,C,,,Y,,C,Y,N,A,1,0,0,1,22350.0,2,38.27038698,-122.0524302,3
2017,2017-05-18,711,5,1,7,4,N,A,N,A,H,A,D,22,E,03,C,,,,,C,N,N,A,1,0,0,0,22350.0,2,38.27332256,-122.0520558,4
2017,2017-05-18,811,5,1,8,4,N,A,N,A,H,A,A,01,N,05,A,,,,,C,Y,N,D,1,0,0,0,21460.0,2,38.25007447,-122.07026317,4
2017,2017-05-13,250,5,1,2,6,N,A,N,A,H,D,D,22,W,08,C,,,,,E,Y,N,A,1,0,0,0,22107.0,2,38.25035,-122.04638248,4
2017,2017-05-15,1639,5,1,16,1,N,A,N,A,H,A,A,01,E,03,C,,,,,C,Y,N,D,1,0,0,0,22350.0,4,38.27259448,-122.00529783,4
2017,2017-05-18,1332,5,1,13,4,N,A,N,A,H,A,A,07,S,03,C,,,,,C,N,N,A,2,0,0,0,22350.0,2,38.26525138,-122.03419019,4
2016,2016-12-18,2022,12,4,20,7,Y,A,N,A,H,C,A,,,09,D,,,,,C,N,N,D,1,0,0,0,21804.0,2,38.10604997,-122.22201991,4
2017,2017-05-06,1648,5,1,16,6,Y,A,N,A,H,A,C,02,,03,D,,,Y,,C,N,N,D,2,0,0,1,22350.0,2,38.28308994,-122.05301989,2
2017,2017-05-06,1455,5,1,14,6,Y,A,N,A,H,A,A,01,,12,D,,,,,C,Y,N,A,1,0,0,0,21453.0,3,38.26541999,-122.02495999,4
2017,2017-05-03,2028,5,1,20,3,Y,A,N,A,H,C,A,07,,10,G,Y,,,,B,N,N,A,1,1,0,0,21950.0,2,38.26003992,-122.03420999,4
2017,2017-05-18,1604,5,1,16,4,N,A,N,A,H,A,A,01,W,09,D,,,,,C,N,N,A,1,0,0,0,21804.0,2,38.24924165,-122.05012673,4
2017,2017-05-19,1516,5,1,15,5,Y,A,N,A,H,A,L,04,,05,D,,Y,,,G,N,N,A,1,0,1,0,21202.0,2,38.25920993,-122.01840988,3
2017,2017-01-06,2200,1,4,22,5,N,A,N,A,H,C,A,01,W,03,A,,,,,I,Y,N,D,1,0,0,0,22350.0,1,38.09094497,-122.22617988,4
2017,2017-05-23,1425,5,1,14,2,N,A,N,A,H,A,D,22,E,09,D,,,,,C,Y,N,D,2,0,0,0,21802.0,2,38.35178625,-121.95161924,4
2017,2017-04-28,1834,4,1,18,5,Y,A,Y,A,H,A,-,,,03,C,,,,,C,N,N,D,1,0,0,0,22350.0,2,38.18323346,-121.73017638,4
2017,2017-05-17,1459,5,1,14,3,N,A,Y,A,H,A,A,01,E,03,C,,,,,C,N,N,A,1,0,0,0,22350.0,2,38.24119585,-122.05043669,4
2017,2017-05-20,1148,5,1,11,6,N,A,N,A,A,A,A,01,N,01,C,,,,,C,Y,F,D,1,0,0,0,23152.0,2,38.25175468,-122.05001,4
2017,2017-04-10,1429,4,1,14,1,Y,A,N,A,H,A,-,- ,,09,D,,,,,C,N,N,D,1,0,0,0,21801.0,2,38.10190992,-122.23820995,4
2017,2017-05-14,1923,5,1,19,7,N,A,Y,A,H,A,A,07,E,03,C,,,,,C,N,N,D,1,0,0,0,22350.0,2,38.24324952,-122.04302059,4
2017,2017-05-26,1750,5,1,17,5,N,A,Y,A,H,A,A,01,W,03,E,,,,,I,Y,N,D,1,0,0,0,22350.0,1,38.24358883,-122.01492613,4
2017,2017-04-21,1945,4,1,19,5,N,A,Y,A,H,A,A,01,W,00,C,,,,,C,Y,N,A,7,0,0,0,23153.0,6,38.2435499,-122.02110332,4
2017,2017-02-28,1316,2,4,13,2,N,A,N,A,H,A,A,01,S,03,C,,,,,C,N,N,A,1,0,0,0,22350.0,2,38.24612133,-122.0316687,4
2017,2017-04-30,2055,4,1,20,7,N,A,Y,A,H,C,A,01,W,12,C,,,,,C,N,F,A,2,0,0,0,21453.0,2,38.24462035,-122.03107481,4
2017,2017-05-11,1727,5,1,17,4,N,A,N,A,H,A,-,,E,03,C,,,,,C,N,N,A,1,0,0,0,22350.0,2,38.12777587,-122.25150894,4
2017,2017-05-09,709,5,1,7,2,Y,A,N,A,H,A,C,02,,09,D,,,Y,,C,N,N,A,1,0,0,1,21802.0,2,38.09703996,-122.25169992,4
2017,2017-05-18,1713,5,1,17,4,Y,A,N,A,H,A,A,01,,12,D,,,,,C,N,F,A,1,0,0,0,21453.0,2,38.10971996,-122.23470989,4
2017,2017-05-11,1224,5,1,12,4,Y,A,N,A,H,A,A,01,,08,D,,,,,C,Y,N,D,1,0,0,0,22107.0,2,38.10081998,-122.23454986,4
2017,2017-05-28,1306,5,1,13,7,N,A,N,A,H,A,A,01,S,01,D,,,,,C,Y,N,D,1,0,0,0,23152.0,2,38.36498835,-121.97789891,4
2017,2017-04-18,1928,4,1,19,2,Y,A,N,A,H,A,A,,,09,B,,,,,C,Y,N,A,1,0,0,0,21802.0,3,38.15261993,-122.27209993,3
2017,2017-05-21,1520,5,1,15,7,Y,A,N,A,H,A,A,01,,09,D,,,,,C,N,N,A,1,0,0,0,21802.0,2,38.35663999,-121.98866992,4
2017,2017-05-28,1040,5,1,10,7,N,A,N,A,H,A,A,01,E,05,D,,,,,B,Y,N,D,2,0,0,0,21650.0,2,38.11981315,-122.25383663,4
2017,2017-05-12,1449,5,1,14,5,Y,A,Y,A,H,A,A,01,,01,D,,,,,C,Y,F,A,3,0,0,0,23152.0,2,38.1538813,-122.25393199,4
2017,2017-05-05,2252,5,1,22,5,N,A,N,A,H,C,A,01,N,03,C,,,,,C,Y,N,A,2,0,0,0,22350.0,2,38.10087253,-122.26285192,4
2017,2017-04-29,1911,4,1,19,6,Y,A,N,A,H,A,A,01,,08,D,,,,,C,Y,N,A,1,0,0,0,22103.0,2,38.10615996,-122.23644991,4
2017,2017-05-05,2004,5,1,20,5,Y,A,N,A,H,B,A,07,,09,D,,,,,C,N,N,D,1,0,0,0,21801.0,2,38.11182989,-122.26590997,3
2017,2017-05-17,523,5,1,5,3,Y,A,N,A,H,B,A,01,,08,C,,,,Y,C,Y,N,A,1,0,0,0,22107.0,2,38.28685995,-121.96958986,4
2017,2017-05-09,1259,5,1,12,2,N,A,N,A,H,A,A,01,W,05,A,,,,,C,Y,N,D,1,0,0,0,21650.0,2,38.2858848,-121.99831554,4
2017,2017-05-25,2256,5,1,22,4,Y,A,N,D,H,C,-,- ,,18,H,,,Y,,A,N,N,A,1,0,0,1,,1,38.2725999,-122.00657989,4
2017,2017-05-20,2106,5,1,21,6,N,A,N,A,H,C,A,01,N,08,C,,,,,C,Y,N,D,2,0,0,0,22107.0,2,38.35747811,-121.9654786,3
2017,2017-02-26,1834,2,4,18,7,Y,B,N,A,H,C,A,08,,09,D,,,,,C,Y,N,A,1,0,0,0,21801.0,2,38.12582997,-122.23834991,4
2017,2017-05-21,1744,5,1,17,7,Y,A,N,A,H,A,A,01,,12,D,,Y,,,G,N,F,A,1,0,1,0,22450.0,2,38.39490998,-121.96819998,2
2016,2016-10-08,1754,10,3,17,6,N,A,N,A,H,A,A,01,E,08,D,,,,,E,Y,N,B,1,0,0,0,22107.0,2,38.28984432,-122.09065042,4
2017,2017-02-21,1250,2,4,12,2,N,C,N,B,H,A,D,22,W,09,D,,,,,C,N,N,D,1,0,0,0,21804.0,3,38.2494441,-122.01726823,4
2017,2017-03-29,1809,3,1,18,3,N,A,Y,A,H,A,A,01,N,03,C,,,,,C,Y,N,D,1,0,0,0,22350.0,2,38.24352835,-122.04166202,4
2017,2017-03-08,815,3,1,8,3,N,A,Y,A,H,A,I,11,E,03,C,,,,,C,N,N,A,2,0,0,0,22350.0,2,38.24373321,-122.02016048,4
2017,2017-04-08,1237,4,1,12,6,Y,A,N,A,H,A,D,22,,21,D,,,,,C,Y,N,A,2,0,0,0,22106.0,2,38.24138993,-122.04057994,4
2017,2017-04-24,958,4,1,9,1,Y,B,Y,A,H,A,F,26,,03,C,,,,Y,C,Y,N,A,1,0,0,0,22350.0,2,38.24452024,-122.03183791,4
2017,2017-02-12,1024,2,4,10,7,Y,A,N,A,H,A,A,07,,12,D,,,,,C,Y,N,A,1,0,0,0,21453.0,2,38.25388989,-122.01994994,4
2017,2017-04-17,2044,4,1,20,1,Y,B,Y,B,H,C,A,01,,01,C,,,,Y,C,Y,N,A,1,0,0,0,23152.0,2,38.24473392,-122.03180139,2
2017,2017-02-08,1916,2,4,19,3,Y,A,N,A,H,C,F,21,,12,D,,,,Y,C,Y,N,A,1,0,0,0,21453.0,2,38.25301997,-121.98825997,4
2017,2017-05-01,2020,5,1,20,1,Y,A,N,A,H,B,A,01,,08,G,Y,,,,B,N,N,A,1,1,0,0,22107.0,2,38.24661998,-122.02048,4
2017,2017-05-14,1800,5,1,18,7,N,A,N,A,H,A,A,01,N,09,D,,,,,D,Y,N,A,2,0,0,0,21800.0,2,38.24500658,-122.02044222,4
2017,2017-05-15,505,5,1,5,1,N,A,N,A,H,D,A,01,W,09,D,,,,,C,Y,N,D,2,0,0,0,21801.0,2,38.2494273,-122.03145105,4
2017,2017-05-16,2054,5,1,20,2,N,A,N,A,H,C,-,99,E,00,D,,,,,C,N,F,B,3,0,0,0,20001.0,2,38.2456107,-122.00737355,4