ACCIDENT_YEAR,COLLISION_DATE,COLLISION_TIME,MONTH,SEASON,24HOURS,DAY_OF_WEEK,INTERSECTION,WEATHER_1,STATE_HWY_IND,ROAD_SURFACE,ROAD_COND_1,LIGHTING,STWD_VEHTYPE_AT_FAULT,CHP_VEHTYPE_AT_FAULT,DIRECTION,PCF_VIOL_CATEGORY,TYPE_OF_COLLISION,PEDESTRIAN_ACCIDENT,BICYCLE_ACCIDENT,MOTORCYCLE_ACCIDENT,TRUCK_ACCIDENT,MVIW,TOW_AWAY,HIT_AND_RUN,CONTROL_DEVICE,NUMBER_INJURED,COUNT_PED_INJURED,COUNT_BICYCLIST_INJURED,COUNT_MC_INJURED,PCF_VIOLATION,PARTY_COUNT,POINT_Y,POINT_X,COLLISION_SEVERITY
2015,2015-08-09,520,8,2,5,7,N,A,Y,A,H,C,A,01,W,03,C,,,,,C,Y,N,D,2,0,0,0,22350.0,2,38.53732474,-121.73872485,4
2015,2015-08-19,1512,8,2,15,3,N,A,Y,A,H,A,A,01,W,08,E,,,,,I,Y,N,D,1,0,0,0,22107.0,1,38.43973309,-121.86636024,3
2015,2015-08-23,2245,8,2,22,7,N,A,Y,A,H,D,A,01,E,03,C,,,,,C,Y,N,D,1,0,0,0,22350.0,2,38.41890814,-121.89412626,4
2015,2015-08-23,300,8,2,3,7,N,A,Y,A,H,D,A,07,E,03,C,,,,,C,Y,N,D,5,0,0,0,22350.0,4,38.42703214,-121.88340725,3
2015,2015-08-26,1605,8,2,16,3,N,A,Y,A,H,A,A,01,W,03,C,,,,,C,Y,N,D,1,0,0,0,22350.0,3,38.0979897,-122.22971899,4
2015,2015-08-27,845,8,2,8,4,N,A,Y,A,H,A,A,01,,08,A,,,,Y,C,Y,N,D,2,0,0,0,22107.0,2,38.18341,-121.7415899,2
2015,2015-08-27,2137,8,2,21,4,N,A,Y,A,H,D,A,01,N,01,C,,,,,C,Y,N,D,1,0,0,0,23152.0,2,38.4011915,-121.94827851,3
2015,2015-08-27,705,8,2,7,4,N,A,Y,A,H,A,G,27,W,04,C,,,,Y,C,Y,N,D,1,0,0,0,21703.0,2,38.22150153,-122.13117341,4
2015,2015-08-26,1745,8,2,17,3,N,A,Y,A,H,A,A,01,E,03,B,,,,,C,Y,N,D,1,0,0,0,22350.0,2,,,4
2015,2015-08-27,1623,8,2,16,4,N,A,Y,A,H,A,A,01,S,08,E,,,,Y,I,Y,N,D,1,0,0,0,22107.0,2,38.14521043,-122.10973931,4
2015,2015-08-28,1845,8,2,18,5,N,A,Y,A,H,A,D,22,W,03,C,,,,,C,Y,N,D,1,0,0,0,22350.0,3,38.25682365,-122.06353633,4
2015,2015-08-28,1630,8,2,16,5,Y,A,N,A,H,A,A,08,,09,D,,,,,C,Y,N,A,3,0,0,0,21802.0,2,38.35157991,-121.89686991,4
2015,2015-08-29,545,8,2,5,6,N,B,Y,A,H,B,D,22,W,08,E,,,,,I,Y,N,D,1,0,0,0,22107.0,1,38.38196728,-121.94257442,3
2015,2015-08-29,525,8,2,5,6,N,A,N,A,H,D,A,01,N,01,F,,,,,A,Y,N,D,1,0,0,0,23152.0,1,38.38565764,-122.00044711,2
2015,2015-08-28,2030,8,2,20,5,N,A,N,A,H,D,A,01,W,03,C,,,,,C,Y,N,A,2,0,0,0,22350.0,3,38.40242509,-121.89782181,3
2015,2015-08-27,2045,8,2,20,4,N,A,N,A,H,C,A,01,W,03,D,,,,,C,Y,N,D,1,0,0,0,22350.0,2,38.41621661,-121.89726035,4
2015,2015-08-29,1153,8,2,11,6,N,A,N,A,H,A,D,22,N,06,C,,Y,,,G,N,F,D,1,0,1,0,21751.0,3,38.34360777,-122.02468283,2
2015,2015-08-30,340,8,2,3,7,N,A,Y,A,H,D,A,01,W,08,F,,,,,A,Y,N,D,1,0,0,0,22107.0,1,38.39987826,-121.91864472,4
2015,2015-08-30,5,8,2,0,7,N,A,Y,A,H,C,A,01,E,03,C,,,,,C,Y,N,D,1,0,0,0,22350.0,2,38.06413781,-122.22548138,4
2015,2015-09-01,2030,9,3,20,2,N,A,Y,A,H,D,A,07,W,08,E,,,,,I,Y,N,D,1,0,0,0,22107.0,1,38.06117965,-122.15304764,3
2015,2015-08-31,330,8,2,3,1,N,A,Y,A,H,D,A,01,E,08,F,,,,,A,Y,N,D,2,0,0,0,22107.0,1,38.39515439,-121.92470156,4
2015,2015-08-30,1345,8,2,13,7,N,A,Y,A,H,A,D,22,E,03,C,,,,,C,Y,N,D,2,0,0,0,22350.0,4,38.14523245,-122.37332849,4
2015,2015-09-01,845,9,3,8,2,N,A,N,A,H,A,L,04,N,08,E,,Y,,,I,N,N,D,1,0,1,0,22107.0,1,38.49655043,-121.85337312,4
2015,2015-09-02,1720,9,3,17,3,N,A,Y,A,H,A,A,07,W,03,C,,,,,C,Y,N,D,2,0,0,0,22350.0,3,38.23832789,-122.09570178,4
2015,2015-09-03,1430,9,3,14,4,N,A,Y,A,H,A,A,01,E,03,C,,,,,C,Y,N,D,3,0,0,0,22350.0,4,38.0858025,-122.23263917,4
2015,2015-09-03,2300,9,3,23,4,N,A,Y,A,H,C,A,01,E,08,E,,,,,I,Y,N,D,1,0,0,0,22107.0,1,38.14144407,-122.23266027,4
2015,2015-09-04,1920,9,3,19,5,N,A,Y,A,H,A,D,22,E,03,C,,,,,C,Y,N,D,1,0,0,0,22350.0,2,38.11021,-122.22956023,4
2015,2015-09-04,550,9,3,5,5,N,A,Y,A,D,D,C,02,N,08,F,,,Y,,A,Y,N,D,1,0,0,1,22107.0,1,38.11787368,-122.10625074,4
2015,2015-08-20,2145,8,2,21,4,N,A,Y,A,H,E,A,01,W,08,B,,,,,C,Y,N,A,2,0,0,0,22100.0,2,38.20861066,-122.19220894,3
2015,2015-09-07,1515,9,3,15,1,N,A,N,A,H,A,A,01,E,03,C,,,,,C,Y,N,D,2,0,0,0,22350.0,2,38.52501175,-121.76472534,4
2015,2015-09-04,1655,9,3,16,5,N,A,Y,A,H,A,A,01,E,08,E,,,,,I,Y,N,D,1,0,0,0,22107.0,1,38.14150496,-122.22816028,3
2015,2015-09-07,1355,9,3,13,1,N,A,Y,A,H,A,A,01,E,08,E,,,,,I,Y,N,D,1,0,0,0,22107.0,1,38.05040623,-122.14139845,3
2015,2015-09-05,1730,9,3,17,6,N,A,Y,A,H,A,A,01,E,03,C,,,,,C,Y,N,D,1,0,0,0,22350.0,2,38.3925175,-121.92808156,4
2015,2015-09-05,615,9,3,6,6,N,A,Y,A,H,D,A,07,S,08,F,,,,,A,Y,N,D,1,0,0,0,22107.0,1,38.10471532,-122.10332147,3
2015,2015-09-05,2500,9,3,25,6,N,A,N,A,H,D,A,01,S,08,E,,,,,J,Y,M,D,1,0,0,0,22107.0,1,38.40878513,-121.99312335,4
2015,2015-09-06,30,9,3,0,7,N,A,N,A,H,D,A,01,S,08,E,,,,,I,Y,N,D,6,0,0,0,22107.0,1,38.44593,-121.8919,3
2015,2015-09-05,2240,9,3,22,6,N,A,N,A,H,D,A,01,S,01,E,,,,,I,Y,N,D,1,0,0,0,23152.0,1,38.46282313,-121.80395062,3
2015,2015-09-05,1635,9,3,16,6,N,A,Y,A,H,A,A,07,W,03,C,,,,,C,N,N,D,1,0,0,0,22350.0,2,38.20759775,-122.16131325,4
2015,2015-08-26,1325,8,2,13,3,N,A,Y,A,H,A,A,01,W,08,B,,,,,C,Y,N,D,1,0,0,0,22107.0,2,38.46692698,-121.83143098,4
2015,2015-09-06,342,9,3,3,7,N,A,Y,A,H,C,A,01,E,08,E,,,,,J,Y,N,D,1,0,0,0,22107.0,1,38.21078,-122.1466,3
2015,2015-09-07,1515,9,3,15,1,N,A,Y,A,H,A,-,99,E,07,E,,,,,I,Y,F,D,1,0,0,0,21658.0,2,38.22735178,-122.12141578,4
2015,2015-08-29,1029,8,2,10,6,N,B,Y,A,H,A,A,01,E,08,B,,,,,C,Y,N,D,1,0,0,0,22107.0,4,38.22021962,-122.13257264,3
2015,2015-09-09,1055,9,3,10,3,N,A,N,A,H,A,D,22,N,08,F,,,,,I,Y,N,D,1,0,0,0,22107.0,1,38.51066105,-121.8035159,3
2015,2015-09-09,820,9,3,8,3,N,A,Y,A,D,A,C,02,N,08,F,,,Y,,A,Y,N,D,1,0,0,1,22107.0,1,38.13540117,-122.11035354,3
2015,2015-09-10,640,9,3,6,4,N,A,Y,A,H,A,A,07,,08,E,,,,,I,Y,N,D,1,0,0,0,22107.0,1,38.23991793,-122.09265837,4
2015,2015-09-10,2055,9,3,20,4,Y,A,N,A,H,D,A,01,,08,E,,,,,I,Y,N,D,1,0,0,0,22107.0,1,38.46769995,-121.91560987,4
2015,2015-09-04,1555,9,3,15,5,N,A,Y,A,H,A,A,01,W,03,C,,,,,C,Y,N,D,1,0,0,0,22350.0,2,,,2
2015,2015-09-10,1850,9,3,18,4,N,A,Y,A,H,A,A,01,N,08,F,,,,,A,Y,N,D,1,0,0,0,22107.0,1,38.15985821,-122.11749856,3
2015,2015-09-11,407,9,3,4,5,N,A,Y,A,H,D,A,01,W,08,E,,,,,I,Y,N,D,1,0,0,0,22107.0,1,38.14196291,-122.24416434,3
2015,2015-09-11,1940,9,3,19,5,N,A,Y,A,H,B,A,01,W,03,C,,,,,C,Y,N,A,1,0,0,0,22350.0,2,38.10353979,-122.22964346,4
2015,2015-09-10,135,9,3,1,4,N,A,Y,A,H,D,A,01,W,03,C,,,,Y,C,Y,N,D,2,0,0,0,22350.0,2,38.51680281,-121.77325624,4
2015,2015-09-10,1210,9,3,12,4,N,A,Y,A,H,A,A,07,W,21,C,,,,,C,Y,N,D,1,0,0,0,22106.0,2,38.20766067,-122.16384891,4
2015,2015-09-11,2050,9,3,20,5,N,B,Y,A,H,D,A,01,W,08,E,,,,,I,Y,N,D,1,0,0,0,22107.0,1,38.38434197,-121.93909918,4
2015,2015-09-11,2245,9,3,22,5,N,A,Y,A,H,C,A,01,S,01,E,,,,,I,Y,N,D,1,0,0,0,23152.0,1,38.16608803,-122.12250721,3
2015,2015-09-12,2300,9,3,23,6,N,B,N,A,H,D,A,01,S,08,E,,,,,I,Y,N,D,1,0,0,0,22107.0,1,38.44168578,-121.80410927,4
2015,2015-09-16,1915,9,3,19,3,N,C,Y,B,H,C,A,07,E,08,D,,,,,C,Y,N,D,1,0,0,0,22107.0,2,38.12165,-122.27486,4
2015,2015-09-08,1800,9,3,18,2,N,A,N,A,H,A,A,01,E,08,E,,,,,I,Y,N,D,3,0,0,0,22107.0,1,38.09084357,-122.2128644,4
2015,2015-09-16,1745,9,3,17,3,N,B,Y,B,H,A,A,01,E,03,C,,,,,C,N,N,D,1,0,0,0,22350.0,3,38.09874006,-122.22990747,4
2015,2015-09-12,1053,9,3,10,6,N,A,N,A,H,A,A,07,S,08,D,,,,,C,Y,N,A,1,0,0,0,22107.0,2,,,3
2015,2015-09-13,305,9,3,3,7,N,B,Y,B,H,C,A,01,E,03,E,,,,,I,Y,N,D,1,0,0,0,22350.0,1,38.10976,-122.2299,4
2015,2015-09-13,715,9,3,7,7,N,A,N,A,H,A,D,22,W,08,E,,,,,I,Y,N,D,1,0,0,0,22107.0,1,38.33726789,-121.91633603,4
2015,2015-09-14,2330,9,3,23,1,N,A,Y,A,H,D,A,01,E,07,B,,,,,C,Y,N,D,5,0,0,0,21658.0,2,38.42208631,-121.8899418,4
2015,2015-07-27,625,7,2,6,1,N,A,Y,D,G,A,-,- ,W,18,F,,,Y,,A,Y,F,D,1,0,0,1,,2,38.09025,-122.23128,4
2015,2015-09-14,803,9,3,8,1,N,B,Y,A,H,A,A,01,E,03,C,,,,,C,Y,N,D,1,0,0,0,22350.0,3,38.28150367,-122.04300422,4
2015,2015-09-15,1340,9,3,13,2,N,B,Y,A,H,A,G,25,W,07,D,,,,Y,C,Y,N,D,1,0,0,0,21658.0,3,38.32029614,-122.02804516,4
2015,2015-09-15,635,9,3,6,2,Y,A,Y,A,H,C,C,02,,05,D,,,Y,Y,C,Y,N,D,1,0,0,1,21752.0,2,38.33716798,-121.82325618,2
2015,2015-09-15,1400,9,3,14,2,N,A,N,A,H,A,A,01,W,03,D,,,,,C,Y,N,D,1,0,0,0,22350.0,2,38.24986,-122.07417449,4
2015,2015-09-15,342,9,3,3,2,N,B,Y,A,H,C,-,99,E,07,E,,,,,I,Y,M,D,1,0,0,0,21658.0,2,38.09413,-122.2297,4
2015,2015-09-16,1420,9,3,14,3,N,B,Y,A,H,A,-,- ,W,07,B,,,,,C,Y,N,D,1,0,0,0,21658.0,2,38.06946747,-122.18395202,4
2015,2015-09-16,1615,9,3,16,3,N,B,Y,B,H,A,A,01,E,03,C,,,,,C,Y,N,D,2,0,0,0,22350.0,3,38.09085306,-122.22760126,4
2015,2015-09-16,1715,9,3,17,3,N,B,Y,B,H,A,D,22,W,03,A,,,,,C,Y,N,D,4,0,0,0,22350.0,2,38.08553154,-122.23275749,2
2015,2015-09-17,1825,9,3,18,4,N,A,Y,A,H,A,A,01,N,08,E,,,,,I,N,N,D,1,0,0,0,22107.0,1,38.09550273,-122.10621102,4
2015,2015-09-10,1445,9,3,14,4,N,A,Y,A,H,A,A,07,E,03,C,,,,,C,Y,N,D,1,0,0,0,22350.0,2,38.27924368,-122.04457562,4
2015,2015-09-17,745,9,3,7,4,N,A,Y,A,H,A,A,01,S,03,C,,,,,C,Y,N,D,1,0,0,0,22350.0,3,38.07964463,-122.11837477,4
2015,2015-09-14,1920,9,3,19,1,N,B,Y,A,H,D,-,99,E,03,C,,,,,C,Y,M,D,1,0,0,0,22350.0,2,38.33737355,-122.0160251,4
2015,2015-08-27,1655,8,2,16,4,N,A,Y,A,H,A,A,01,E,03,C,,,,,C,Y,N,D,1,0,0,0,22350.0,2,38.52970011,-121.75275881,4
2015,2015-09-18,2155,9,3,21,5,N,A,Y,A,H,D,A,01,N,08,E,,,,,I,Y,N,D,1,0,0,0,22107.0,1,38.21049104,-122.13800508,4
2015,2015-09-18,1640,9,3,16,5,N,A,Y,A,H,A,C,02,W,03,B,,,Y,,C,Y,N,D,1,0,0,1,22350.0,2,38.35341174,-121.9795424,4
2015,2015-09-18,1615,9,3,16,5,N,A,Y,A,H,A,A,07,S,08,F,,,,,A,Y,N,D,2,0,0,0,22107.0,1,38.11297768,-122.10631776,3
2015,2015-09-18,1710,9,3,17,5,N,A,Y,A,H,A,A,07,E,03,C,,,,,C,N,N,D,2,0,0,0,22350.0,2,38.24356562,-122.0836763,4
2015,2015-09-18,1800,9,3,18,5,N,A,Y,A,H,A,A,01,E,03,C,,,,,C,Y,N,D,1,0,0,0,22350.0,2,38.10219935,-122.22985682,4
2015,2015-09-19,2150,9,3,21,6,N,A,Y,A,H,D,A,01,W,03,C,,,,,C,Y,N,D,2,0,0,0,22350.0,2,38.24015011,-122.06956967,4
2015,2015-09-19,1230,9,3,12,6,N,A,Y,A,H,A,A,01,W,07,B,,,,,C,Y,N,D,2,0,0,0,21658.0,3,38.30939789,-122.03365306,4
2015,2015-09-19,1225,9,3,12,6,N,A,Y,A,H,A,-,- ,E,18,E,,,,,I,Y,N,D,3,0,0,0,,2,,,3
2015,2015-09-20,226,9,3,2,7,N,A,Y,A,H,C,D,22,E,08,B,,,,,C,Y,N,D,2,0,0,0,22107.0,4,38.09047544,-122.23074434,3
2015,2015-09-21,800,9,3,8,1,N,A,Y,A,H,A,A,07,E,03,C,,,,,C,Y,N,D,4,0,0,0,22350.0,4,38.24533027,-122.08028275,4
2015,2015-09-22,1045,9,3,10,2,N,A,Y,A,H,A,A,01,E,03,C,,,,Y,C,Y,N,D,1,0,0,0,22350.0,2,38.1412785,-122.23048127,4
2015,2015-09-22,920,9,3,9,2,N,A,N,A,H,A,A,07,E,08,E,,,,,I,Y,N,D,1,0,0,0,22107.0,1,38.24420569,-122.11867025,4
2015,2015-09-24,805,9,3,8,4,N,A,Y,A,H,A,D,22,E,03,B,,,,,C,Y,N,D,1,0,0,0,22350.0,2,38.23079743,-122.1136209,4
2015,2015-09-20,2305,9,3,23,7,N,A,Y,A,H,C,A,01,N,07,B,,,,Y,C,Y,N,D,1,0,0,0,21658.0,2,,,4
2015,2015-09-24,1430,9,3,14,4,N,A,Y,A,H,A,D,22,W,07,E,,,,,I,Y,N,D,2,0,0,0,21658.0,2,38.13919,-122.22047,4
2015,2015-09-25,1530,9,3,15,5,N,A,Y,A,H,A,D,22,W,03,C,,,,,C,Y,N,D,2,0,0,0,22350.0,6,38.23989579,-122.07742077,4
2015,2015-09-23,1510,9,3,15,3,N,A,Y,A,H,A,A,01,W,08,E,,,,,I,Y,N,D,3,0,0,0,22107.0,1,38.36274,-121.96793,3
2015,2015-09-25,1540,9,3,15,5,N,A,Y,A,H,A,C,02,E,03,C,,,Y,,C,Y,N,D,1,0,0,1,22350.0,2,38.3912854,-121.92963281,3
2015,2015-09-25,1725,9,3,17,5,N,A,Y,A,H,A,C,02,N,08,F,,,Y,,A,Y,N,D,1,0,0,1,22107.0,1,38.19381894,-122.13803021,3
2015,2015-09-19,2238,9,3,22,6,Y,A,N,A,H,C,A,01,,09,D,,,,,C,Y,N,A,1,0,0,0,21802.0,2,38.41680998,-121.85963,4
2015,2015-09-26,1755,9,3,17,6,N,A,Y,A,H,A,A,01,W,03,C,,,,,C,Y,N,D,5,0,0,0,22350.0,2,38.36806407,-121.95955946,3
2015,2015-09-25,715,9,3,7,5,N,A,Y,A,H,A,A,01,E,03,C,,,,Y,C,Y,N,D,1,0,0,0,22350.0,3,,,4
2015,2015-09-26,1135,9,3,11,6,N,A,Y,A,H,A,A,01,E,08,E,,,,,I,Y,N,D,1,0,0,0,22107.0,1,38.09969046,-122.15977591,4
2015,2015-09-22,735,9,3,7,2,N,A,Y,A,H,A,D,22,W,03,C,,,,,C,Y,N,D,1,0,0,0,22350.0,3,38.25561148,-122.06494007,4
2015,2015-09-24,2111,9,3,21,4,Y,A,N,A,H,D,C,02,,03,F,,,Y,,J,Y,N,D,1,0,0,1,22350.0,1,38.43877994,-121.91553,2
2015,2015-09-26,1715,9,3,17,6,N,A,Y,A,H,A,C,02,E,01,C,,,Y,,C,Y,N,D,1,0,0,1,23152.0,3,38.40776707,-121.90834125,2
2015,2015-09-23,1220,9,3,12,3,Y,A,N,A,H,A,A,01,,21,G,Y,,,,B,N,N,A,1,1,0,0,22106.0,2,38.24415995,-122.12220998,4
2015,2015-09-24,134,9,3,1,4,Y,A,Y,A,H,C,A,07,,09,B,,,,Y,C,Y,N,A,2,0,0,0,21802.0,2,38.18370074,-121.80619843,3
2015,2015-09-27,1450,9,3,14,7,N,B,Y,A,H,A,A,01,N,08,E,,,,,I,Y,N,D,1,0,0,0,22107.0,1,38.15325137,-122.11336467,3
2018,2018-06-23,1341,6,2,13,6,N,A,N,A,H,A,N,60,W,11,G,Y,,,,B,N,N,D,1,1,0,0,21955.0,2,38.14513397216797,-122.23007202148438,3
2015,2015-09-27,1718,9,3,17,7,N,A,Y,A,H,A,A,07,E,03,C,,,,,C,Y,N,D,1,0,0,0,22350.0,6,38.27341,-122.04951,4
2015,2015-09-27,205,9,3,2,7,N,A,N,A,H,D,A,01,S,01,E,,,,,J,Y,N,A,2,0,0,0,23152.0,1,38.45329,-121.94258,3
2018,2018-06-06,1302,6,2,13,3,Y,A,N,A,H,A,A,07,,10,G,Y,,,,B,N,N,A,1,1,0,0,21950.0,2,38.122108459472656,-122.2621612548828,3
2015,2015-09-27,312,9,3,3,7,N,A,Y,A,H,D,A,01,E,07,B,,,,,C,Y,N,D,1,0,0,0,21658.0,2,38.14147171,-122.23018901,4
2015,2015-09-27,1340,9,3,13,7,N,A,Y,A,H,A,A,07,W,01,C,,,,,C,Y,N,A,1,0,0,0,23152.0,2,38.50270502,-121.78877901,4
2018,2018-10-18,2150,10,3,21,4,N,A,N,A,H,B,C,02,N,03,F,,,Y,,A,Y,N,D,1,0,0,1,22350.0,1,38.11014938354492,-122.22459411621094,3
2018,2018-12-04,1742,12,4,17,2,N,A,Y,A,H,C,A,01,S,03,C,,,,,D,N,N,A,2,0,0,0,22350.0,2,38.087905883789055,-122.24356842041016,4
2015,2015-09-28,800,9,3,8,1,N,A,Y,A,H,A,A,07,E,03,C,,,,,C,Y,N,D,1,0,0,0,22350.0,3,38.24566663,-122.07950814,4
2018,2018-09-26,2017,9,3,20,3,Y,A,N,A,H,C,D,22,,12,C,,,,,C,Y,F,A,2,0,0,0,21453.0,2,38.14672088623047,-122.23615264892578,4
2015,2015-09-28,517,9,3,5,1,N,A,Y,A,D,C,F,26,S,08,C,,,,Y,C,Y,N,D,3,0,0,0,22107.0,2,38.20543783,-122.13789114,3
2018,2018-04-14,1803,4,1,18,6,N,A,N,A,H,A,A,01,S,03,C,,,,,C,N,N,A,1,0,0,0,22350.0,2,38.136375427246094,-122.2299346923828,4
2018,2018-06-10,1258,6,2,12,7,Y,A,N,A,H,A,A,01,,09,D,,,,,C,Y,N,A,3,0,0,0,21802.0,2,38.10485076904297,-122.24137878417967,4
2018,2018-05-21,1200,5,1,12,1,N,A,N,A,H,A,N,60,W,11,G,Y,,,,B,N,N,D,1,1,0,0,21950.0,2,38.12935256958008,-122.24862670898438,3
2015,2015-09-28,1440,9,3,14,1,N,A,Y,A,D,A,A,01,N,08,E,,,,,I,Y,N,D,1,0,0,0,22107.0,1,38.14988553,-122.11193223,4
2018,2018-11-23,1140,11,3,11,5,Y,C,N,B,H,A,A,01,,03,C,,,,,C,N,N,D,1,0,0,0,22350.0,2,38.109840393066406,-122.24472808837892,4
2018,2018-06-20,1954,6,2,19,3,N,A,N,A,H,A,A,01,E,03,E,,,,,I,Y,N,D,1,0,0,0,22350.0,1,38.09840774536133,-122.23038482666016,4
2015,2015-09-28,1545,9,3,15,1,N,A,Y,A,H,A,A,01,E,03,C,,,,,C,Y,N,D,1,0,0,0,22350.0,2,,,4
2015,2015-09-27,2235,9,3,22,7,N,A,Y,A,H,D,A,01,S,03,C,,,,,C,Y,N,D,1,0,0,0,22350.0,2,38.16614312,-122.12255456,4
2015,2015-09-29,1500,9,3,15,2,N,A,Y,A,H,A,A,01,E,08,E,,,,,I,Y,N,D,1,0,0,0,22107.0,2,38.39048007,-121.93066162,4
2015,2015-09-29,1713,9,3,17,2,N,A,Y,A,H,A,A,01,E,03,C,,,,,C,Y,N,D,1,0,0,0,22350.0,3,38.14699452,-122.21653494,3
2018,2018-04-12,903,4,1,9,4,Y,A,N,A,H,A,-,99,,03,C,,,,,C,N,F,A,3,0,0,0,22350.0,2,38.09996032714844,-122.2241668701172,4
2018,2018-09-05,1746,9,3,17,3,N,A,N,A,H,A,-,- ,E,18,F,,,Y,,A,N,N,D,1,0,0,1,,1,38.137405395507805,-122.21170043945312,3
2018,2018-12-27,1320,12,4,13,4,Y,A,N,A,H,A,A,01,,09,D,,,,,C,N,N,D,1,0,0,0,21801.0,2,38.140090942382805,-122.23159790039062,4
2018,2018-07-30,1042,7,2,10,1,Y,A,N,A,H,A,-,- ,,12,D,,,,,D,Y,N,A,2,0,0,0,21453.0,2,38.10076904296875,-122.2284927368164,4
2018,2018-05-02,1459,5,1,14,3,N,A,Y,A,H,A,A,01,S,09,D,,,,,C,N,N,D,1,0,0,0,21804.0,2,38.08239364624024,-122.23862457275392,4
2018,2018-06-05,1303,6,2,13,2,N,A,N,A,H,A,A,01,S,08,C,,,,,E,Y,N,-,1,0,0,0,22107.0,2,38.12094879150391,-122.2382583618164,4
2018,2018-11-24,1818,11,3,18,6,Y,A,N,A,H,C,N,60,,11,G,Y,,,,B,N,F,D,1,1,0,0,21954.0,2,38.115211486816406,-122.2484893798828,4
2018,2018-05-19,1933,5,1,19,6,Y,A,Y,A,H,A,-,99,,10,G,Y,,,,B,N,F,D,1,1,0,0,21950.0,2,38.14126968383789,-122.23094177246094,3
2018,2018-11-04,2100,11,3,21,7,N,A,N,A,H,C,A,01,S,01,A,,,,,E,Y,N,A,1,0,0,0,23152.0,3,38.143287658691406,-122.22769165039062,4
2018,2018-11-10,105,11,3,1,6,N,A,N,A,H,C,A,01,E,03,E,,,,,I,Y,M,D,1,0,0,0,22350.0,1,38.09497833251953,-122.25030517578124,4
2015,2015-09-30,2110,9,3,21,3,N,A,Y,A,H,D,A,01,W,01,B,,,,,C,Y,N,A,2,0,0,0,23152.0,4,38.11896632,-122.28414387,4
2015,2015-10-02,1340,10,3,13,5,N,A,Y,A,H,A,A,01,W,03,C,,,,,C,Y,N,D,2,0,0,0,22350.0,2,38.24789755,-122.07227448,4
2015,2015-10-02,1550,10,3,15,5,N,A,Y,A,H,A,A,01,W,07,C,,,Y,,C,Y,N,D,1,0,0,1,21658.0,2,38.47296841,-121.82366995,4
2015,2015-10-03,1400,10,3,14,6,N,A,N,A,H,A,A,01,N,21,C,,,,,C,N,N,A,1,0,0,0,22106.0,2,38.41802893,-121.96865,4
2015,2015-10-04,1420,10,3,14,7,N,A,Y,A,H,A,A,01,E,08,E,,,,,I,Y,N,D,2,0,0,0,22107.0,3,38.22786757,-122.1196688,4
2015,2015-10-05,500,10,3,5,1,N,A,Y,A,H,D,D,22,E,03,C,,,,,C,Y,N,D,1,0,0,0,22350.0,4,38.29536,-122.03418,4
2015,2015-10-05,855,10,3,8,1,N,A,Y,A,H,A,A,01,E,04,C,,,,,C,Y,N,D,1,0,0,0,21703.0,2,38.25106148,-122.06877178,4
2015,2015-10-05,835,10,3,8,1,N,A,Y,A,H,A,A,01,E,03,C,,,,,C,Y,N,D,2,0,0,0,22350.0,3,38.24250107,-122.08679315,3
2015,2015-10-05,1230,10,3,12,1,N,A,Y,A,H,A,A,01,N,07,B,,,,,C,Y,N,D,2,0,0,0,21658.0,2,38.1988109,-122.13809905,3
2015,2015-10-01,2010,10,3,20,4,N,A,N,A,H,D,A,01,W,03,C,,,Y,,C,Y,N,D,1,0,0,1,22350.0,2,38.35878295,-121.86958021,3
2015,2015-10-06,1155,10,3,11,2,N,A,Y,A,D,A,G,27,E,04,C,,,,Y,C,Y,N,D,1,0,0,0,21703.0,2,38.11176422,-122.22964989,4
2015,2015-10-06,840,10,3,8,2,N,A,Y,A,H,A,G,27,W,03,C,,,,Y,C,N,N,D,1,0,0,0,22350.0,2,,,4
2018,2018-08-02,1410,8,2,14,4,Y,A,N,A,H,A,L,04,,03,D,,Y,,,G,N,N,A,1,0,1,0,22350.0,2,38.13171005249024,-122.21163940429688,4
2015,2015-08-11,1600,8,2,16,2,Y,A,N,A,H,A,A,01,,09,D,,,,,C,Y,N,D,2,0,0,0,21801.0,2,38.28707989,-122.11833996,1
2018,2018-12-18,635,12,4,6,2,N,B,N,B,H,B,A,01,E,09,G,Y,,,,B,N,F,D,1,1,0,0,21802.0,2,38.10966110229492,-122.23105621337892,4
2018,2018-10-10,2126,10,3,21,3,N,A,Y,A,H,C,N,60,N,11,G,Y,,,,B,N,N,A,1,1,0,0,21954.0,2,38.133907318115234,-122.25600433349608,4
2018,2018-07-04,2355,7,2,23,3,Y,A,N,A,H,C,A,01,,03,C,,,,,C,N,F,D,1,0,0,0,22350.0,2,38.109840393066406,-122.24472808837892,4
2018,2018-08-17,2158,8,2,21,5,N,A,Y,A,H,C,A,01,N,08,D,,,Y,,C,N,F,D,1,0,0,1,22102.0,2,38.08837127685546,-122.2440185546875,4
2015,2015-10-02,2330,10,3,23,5,N,A,Y,A,H,C,G,25,E,08,E,,,,Y,I,N,N,D,1,0,0,0,22107.0,1,38.1117456,-122.22964849,4
2015,2015-10-08,220,10,3,2,4,N,A,N,A,H,D,A,01,E,08,E,,,,,I,Y,N,D,1,0,0,0,22107.0,1,38.4162728,-121.77794119,3
2015,2015-10-08,110,10,3,1,4,N,A,Y,A,H,C,A,01,W,01,E,,,,,I,Y,M,D,1,0,0,0,23152.0,1,38.06621285,-122.22671031,3
2015,2015-10-08,1115,10,3,11,4,N,A,Y,A,H,A,A,01,E,08,E,,,,,I,Y,N,D,1,0,0,0,22107.0,1,38.3871794,-121.93532902,3
2015,2015-10-08,2005,10,3,20,4,N,A,Y,A,H,D,A,01,E,03,C,,,,,C,Y,N,D,2,0,0,0,22350.0,2,38.155417,-122.40301255,4