ACCIDENT_YEAR,COLLISION_DATE,COLLISION_TIME,MONTH,SEASON,24HOURS,DAY_OF_WEEK,INTERSECTION,WEATHER_1,STATE_HWY_IND,ROAD_SURFACE,ROAD_COND_1,LIGHTING,STWD_VEHTYPE_AT_FAULT,CHP_VEHTYPE_AT_FAULT,DIRECTION,PCF_VIOL_CATEGORY,TYPE_OF_COLLISION,PEDESTRIAN_ACCIDENT,BICYCLE_ACCIDENT,MOTORCYCLE_ACCIDENT,TRUCK_ACCIDENT,MVIW,TOW_AWAY,HIT_AND_RUN,CONTROL_DEVICE,NUMBER_INJURED,COUNT_PED_INJURED,COUNT_BICYCLIST_INJURED,COUNT_MC_INJURED,PCF_VIOLATION,PARTY_COUNT,POINT_Y,POINT_X,COLLISION_SEVERITY
2019,2019-12-24,1758,12,4,17,2,N,A,N,A,H,C,N,60,E,11,G,Y,,,,B,N,N,A,1,1,0,0,21954.0,2,38.26554870605469,-122.03307342529295,3
2019,2019-12-27,1712,12,4,17,5,N,-,N,A,H,B,A,07,S,01,C,,,,,C,N,N,A,3,0,0,0,23152.0,2,38.257442474365234,-122.04998779296876,4
2019,2019-12-14,2325,12,4,23,6,Y,A,N,A,H,C,A,01,,01,C,,,,,C,Y,N,A,1,0,0,0,23152.0,2,38.10995864868164,-122.25306701660156,4
2019,2019-12-10,1828,12,4,18,2,N,C,N,B,H,C,A,01,W,08,B,,,,,E,Y,N,D,1,0,0,0,22107.0,3,38.0927734375,-122.22130584716795,4
2016,2016-11-28,2237,11,3,22,1,N,A,Y,A,H,C,A,01,W,01,D,,,,Y,C,Y,N,D,1,0,0,0,23152.0,2,38.35337687,-121.97957291,4
2016,2016-12-10,1455,12,4,14,6,Y,B,N,B,H,A,D,22,,09,D,,,,,C,Y,N,D,1,0,0,0,21801.0,2,38.4277299,-121.84110992,4
2016,2016-12-14,1650,12,4,16,3,N,B,Y,B,H,D,D,22,W,03,C,,,,,C,Y,N,D,1,0,0,0,22350.0,2,38.2429587,-122.0850608,4
2016,2016-12-14,2325,12,4,23,3,N,A,Y,A,H,D,A,08,E,01,E,,,,,I,Y,M,D,1,0,0,0,23152.0,1,,,3
2020,2020-01-07,1013,1,4,10,2,N,A,N,A,H,A,A,01,W,08,D,,,,,C,Y,N,D,2,0,0,0,22102.0,2,38.110084533691406,-122.26335144042967,4
2020,2020-01-02,1146,1,4,11,4,Y,A,N,A,H,A,A,07,,09,A,,,,,C,Y,N,D,2,0,0,0,21801.0,3,38.11008071899414,-122.25972747802734,4
2020,2020-01-01,1400,1,4,14,3,Y,B,N,A,H,A,A,07,,09,D,,,,,C,Y,N,A,2,0,0,0,21802.0,2,38.25822830200195,-122.04387664794922,3
2016,2016-11-27,151,11,3,1,7,N,C,Y,B,H,D,A,01,W,03,A,,,,,C,N,N,D,1,0,0,0,22350.0,2,38.06831,-122.1829,4
2016,2016-11-30,850,11,3,8,3,N,B,Y,A,H,A,A,01,W,08,E,,,,,I,Y,N,D,2,0,0,0,22107.0,2,38.1618165,-122.20981556,4
2019,2019-12-29,2331,12,4,23,7,N,A,Y,B,H,D,A,01,E,03,E,,,,,I,,N,D,1,0,0,0,22350.0,1,38.24247741699219,-122.04530334472656,4
2016,2016-12-10,225,12,4,2,6,N,B,Y,B,H,D,A,01,W,01,E,,,,,I,Y,N,D,1,0,0,0,23152.0,1,38.20165424,-122.15734773,4
2016,2016-12-08,1345,12,4,13,4,N,C,Y,B,H,A,A,07,E,08,B,,,,,C,Y,N,D,1,0,0,0,22107.0,2,38.11203,-122.22962,3
2016,2016-12-09,725,12,4,7,5,N,C,Y,B,H,A,D,22,W,08,C,,,,Y,C,Y,N,D,1,0,0,0,22107.0,2,38.25673926,-122.06400153,4
2016,2016-12-04,205,12,4,2,7,N,A,Y,A,H,C,A,01,E,01,E,,,,,I,Y,N,D,1,0,0,0,23152.0,1,38.2421,-122.08601,3
2016,2016-12-10,1800,12,4,18,6,N,A,Y,B,H,D,A,07,W,09,D,,,,,C,N,N,D,1,0,0,0,21801.0,2,38.20764124,-122.15857017,4
2016,2016-12-10,1450,12,4,14,6,N,C,Y,A,H,A,A,07,W,08,D,,,,,C,Y,N,D,2,0,0,0,22107.0,2,38.21361,-122.14093,4
2016,2016-12-11,1110,12,4,11,7,N,A,Y,A,H,A,A,01,W,03,C,,,,,C,N,N,D,2,0,0,0,22350.0,2,38.51470453,-121.77549785,4
2016,2016-12-11,1710,12,4,17,7,N,B,Y,A,H,B,A,07,E,03,C,,,,,C,Y,N,D,1,0,0,0,22350.0,2,38.14248802,-122.24922251,4
2016,2016-12-12,1700,12,4,17,1,N,A,Y,A,H,C,A,08,E,03,C,,,,,C,Y,N,D,1,0,0,0,22350.0,2,38.0899916,-122.22450234,4
2016,2016-12-14,10,12,4,0,3,N,C,Y,B,H,C,D,22,W,01,C,,,,,C,Y,N,D,2,0,0,0,23152.0,3,38.06255842,-122.22533482,4
2016,2016-12-06,820,12,4,8,2,N,A,N,A,H,A,A,01,N,03,D,,,,,C,Y,N,D,2,0,0,0,22350.0,2,38.40658448,-121.85977936,4
2016,2016-12-15,720,12,4,7,4,N,B,N,B,H,A,A,01,N,08,F,,,,,I,Y,N,D,1,0,0,0,22107.0,1,38.38391302,-122.03118657,3
2016,2016-12-16,1830,12,4,18,5,N,A,Y,A,H,C,-,99,S,08,B,,,,,C,N,F,D,1,0,0,0,22107.0,2,38.20639946,-122.13809083,4
2016,2016-12-17,1755,12,4,17,6,N,A,Y,A,H,D,A,01,W,03,C,,,,,C,Y,N,D,4,0,0,0,22350.0,2,38.25245094,-122.06722049,4
2016,2016-12-17,1300,12,4,13,6,N,A,Y,A,H,A,A,01,E,03,C,,,,,C,Y,N,D,1,0,0,0,22350.0,5,38.51090575,-121.78000535,4
2016,2016-12-18,735,12,4,7,7,N,A,Y,C,H,A,A,07,E,08,F,,,,,A,Y,N,D,1,0,0,0,22107.0,1,,,4
2016,2016-12-12,1356,12,4,13,1,N,A,N,A,H,A,A,01,E,08,E,,,,,I,Y,N,D,2,0,0,0,22107.0,1,38.48903314,-121.8191725,3
2016,2016-12-19,1719,12,4,17,1,N,A,Y,A,H,A,D,22,E,03,C,,,,,C,Y,N,D,1,0,0,0,22350.0,2,38.49048441,-121.80185068,4
2016,2016-12-19,1615,12,4,16,1,N,A,Y,A,H,A,A,01,W,08,F,,,,,I,Y,N,D,1,0,0,0,22107.0,1,,,4
2016,2016-12-19,1520,12,4,15,1,N,A,Y,A,H,A,D,22,W,03,C,,,,,C,N,N,D,2,0,0,0,22350.0,2,38.26629549,-122.05554072,4
2016,2016-12-08,1250,12,4,12,4,N,B,N,B,H,A,A,01,E,09,D,,,,,C,N,N,A,1,0,0,0,21802.0,2,38.41705024,-121.94711763,4
2016,2016-12-13,1345,12,4,13,2,N,B,Y,B,H,A,A,01,W,08,B,,,,,C,Y,N,D,1,0,0,0,22107.0,3,38.11895499,-122.23021479,4
2020,2020-02-12,1212,2,4,12,3,Y,A,Y,A,H,A,A,07,,12,D,,,,,C,Y,N,A,1,0,0,0,21453.0,2,38.2703857421875,-122.05242919921876,4
2016,2016-12-08,1000,12,4,10,4,N,B,Y,B,H,A,D,22,E,03,B,,,,Y,C,Y,N,D,3,0,0,0,22350.0,3,38.10261009,-122.22965683,3
2016,2016-12-08,2250,12,4,22,4,N,C,Y,B,H,D,A,01,E,08,E,,,,,I,Y,N,D,1,0,0,0,22107.0,1,38.24334,-122.0866,3
2016,2016-12-21,1500,12,4,15,3,N,A,Y,A,H,A,A,01,W,03,C,,,,,C,Y,N,D,1,0,0,0,22350.0,2,38.20767657,-122.15685687,2
2016,2016-07-13,1315,7,2,13,3,N,A,Y,A,H,A,-,- ,E,18,F,,,,,A,Y,N,D,1,0,0,0,,1,38.17293425,-122.19471027,4
2016,2016-12-21,1311,12,4,13,3,N,A,Y,A,H,A,A,01,E,03,C,,,,,C,Y,N,D,1,0,0,0,22350.0,2,38.27633577,-122.04704227,4
2016,2016-12-04,2213,12,4,22,7,N,A,Y,A,H,D,A,07,W,03,C,,,,,C,Y,N,D,2,0,0,0,22350.0,2,,,2
2016,2016-12-14,200,12,4,2,3,N,B,Y,B,H,C,A,01,W,08,C,,,,,C,Y,N,D,3,0,0,0,22107.0,2,,,2
2016,2016-12-15,1600,12,4,16,4,N,C,N,B,H,A,A,07,E,01,F,,,,,A,Y,N,D,2,0,0,0,23152.0,1,38.25353543,-122.14005041,3
2016,2016-12-16,850,12,4,8,5,N,A,Y,A,H,A,A,07,W,07,E,,,,,I,Y,M,A,1,0,0,0,21658.0,2,,,4
2016,2016-12-16,1220,12,4,12,5,N,A,Y,A,H,A,A,07,E,07,B,,,,Y,C,N,M,D,1,0,0,0,21658.0,3,38.11470162,-122.23007872,3
2016,2016-12-16,2030,12,4,20,5,N,A,Y,A,H,D,A,01,W,08,F,,,,,A,Y,N,D,1,0,0,0,22107.0,1,38.21637938,-122.13785397,4
2016,2016-12-15,1910,12,4,19,4,N,B,Y,B,H,C,A,01,E,01,C,,,,Y,C,Y,N,D,1,0,0,0,23152.0,2,,,3
2016,2016-12-17,1050,12,4,10,6,N,A,Y,A,H,A,A,01,W,03,C,,,,,C,N,N,D,1,0,0,0,22350.0,2,38.12150204,-122.31195217,4
2016,2016-12-18,1724,12,4,17,7,N,A,Y,A,H,C,A,01,E,03,C,,,,,C,Y,N,D,1,0,0,0,22350.0,2,38.51181919,-121.77902393,4
2016,2016-12-20,1020,12,4,10,2,N,A,Y,A,H,A,A,01,N,12,D,,,,,C,Y,N,A,1,0,0,0,22450.0,2,38.16972284,-122.20054089,3
2016,2016-12-24,903,12,4,9,6,N,A,Y,A,H,A,A,08,W,05,A,,,,,C,Y,M,D,1,0,0,0,21651.0,2,38.27265,-122.05209,4
2016,2016-12-22,1215,12,4,12,4,N,A,Y,A,H,A,A,01,N,03,C,,,,,C,Y,N,D,1,0,0,0,22350.0,2,38.15845462,-122.11593974,4
2016,2016-12-22,1350,12,4,13,4,N,A,Y,A,H,A,A,01,E,03,C,,,,,C,Y,N,D,2,0,0,0,22350.0,3,38.09032711,-122.22570725,4
2016,2016-12-19,1955,12,4,19,1,N,A,Y,A,H,C,A,07,W,08,B,,,,,C,Y,N,D,1,0,0,0,22107.0,2,38.52970011,-121.75275881,4
2016,2016-12-17,2110,12,4,21,6,N,A,Y,A,H,D,A,07,E,03,C,,,,,C,Y,N,D,2,0,0,0,22350.0,2,38.18536443,-122.17959584,3
2016,2016-12-17,1740,12,4,17,6,N,A,Y,A,H,C,A,08,W,03,C,,,,,C,N,N,D,1,0,0,0,22350.0,3,38.08819348,-122.23171056,3
2016,2016-12-21,1647,12,4,16,3,N,A,Y,A,H,A,A,07,E,03,C,,,,,C,Y,N,D,1,0,0,0,22350.0,3,38.39385296,-121.92636337,4
2016,2016-12-23,1430,12,4,14,5,N,A,Y,B,H,A,A,01,E,03,C,,,,,C,Y,N,D,1,0,0,0,22350.0,2,38.26528612,-122.0567641,4
2016,2016-11-04,124,11,3,1,5,N,A,Y,A,H,C,A,01,E,01,C,,,,Y,E,Y,N,D,0,0,0,0,23152.0,2,38.39351164,-121.92726974,1
2016,2016-12-24,1553,12,4,15,6,N,A,Y,A,H,A,A,07,E,03,F,,,,,A,Y,N,D,2,0,0,0,22350.0,1,38.22494711,-122.12582562,4
2016,2016-12-27,1430,12,4,14,2,N,A,Y,A,H,A,A,01,E,07,B,,,,Y,C,Y,N,D,1,0,0,0,21658.0,2,38.53462059,-121.74192784,4
2016,2016-12-27,1720,12,4,17,2,N,A,Y,A,H,C,A,07,W,03,C,,,,,C,Y,N,D,1,0,0,0,22350.0,5,38.35053141,-121.98678962,4
2016,2016-12-27,1710,12,4,17,2,N,A,Y,A,H,B,A,07,W,07,C,,,,Y,C,Y,N,D,1,0,0,0,21658.0,2,,,4
2016,2016-12-26,1530,12,4,15,1,N,A,Y,A,H,A,A,07,W,07,B,,,,Y,C,Y,N,D,2,0,0,0,21658.0,4,38.43823384,-121.86833733,3
2016,2016-12-20,1635,12,4,16,2,N,A,Y,A,H,A,A,01,E,08,B,,,,,C,N,N,D,1,0,0,0,22107.0,2,38.25913,-122.06329,4
2016,2016-12-21,1705,12,4,17,3,N,A,Y,A,H,B,A,01,W,03,C,,,,,C,N,N,D,2,0,0,0,22350.0,3,38.10368997,-122.22983701,3
2016,2016-12-21,2310,12,4,23,3,N,A,Y,A,H,E,A,07,W,03,C,,,,,C,Y,N,D,1,0,0,0,22350.0,4,38.45843861,-121.84234672,4
2016,2016-12-22,1520,12,4,15,4,N,A,Y,A,H,A,A,01,N,01,E,,,,,I,Y,N,D,1,0,0,0,23152.0,1,38.09157155,-122.1073128,2
2016,2016-12-29,1810,12,4,18,4,N,A,Y,A,H,D,A,01,E,03,C,,,,,C,N,N,D,1,0,0,0,22350.0,2,38.24743272,-122.07365917,4
2016,2016-12-29,2015,12,4,20,4,N,A,Y,A,H,D,A,08,E,03,C,,,,,C,Y,N,D,1,0,0,0,22350.0,2,38.15562595,-122.40662149,4
2016,2016-12-29,1055,12,4,10,4,N,A,Y,A,H,A,D,22,E,03,C,,,,,C,Y,N,D,1,0,0,0,22350.0,2,38.40873079,-121.90746594,4
2016,2016-12-26,655,12,4,6,1,N,A,Y,A,H,A,-,- ,W,18,E,,,,,J,N,N,D,1,0,0,0,,2,38.07617347,-122.23174567,4
2016,2016-12-26,1645,12,4,16,1,N,A,N,A,H,B,A,01,N,08,E,,,,,I,Y,N,D,1,0,0,0,22107.0,1,38.41677629,-121.85166853,4
2016,2016-12-25,1940,12,4,19,7,N,A,Y,A,H,D,A,07,E,03,C,,,,,C,Y,N,D,1,0,0,0,22350.0,2,38.08544355,-122.20903668,4
2016,2016-12-26,1235,12,4,12,1,N,A,Y,A,H,A,A,01,N,03,A,,,,,D,Y,N,D,2,0,0,0,22350.0,2,38.28547203,-121.82376319,4
2017,2017-01-02,2205,1,4,22,1,N,B,N,B,H,D,-,- ,W,18,E,,,,,I,Y,N,D,1,0,0,0,,1,38.31529958,-121.87992839,4
2016,2016-12-31,1405,12,4,14,6,N,A,Y,A,H,A,D,22,E,01,B,,,,,C,Y,N,D,1,0,0,0,23152.0,4,38.22774321,-122.11992128,3
2017,2017-01-02,1845,1,4,18,1,N,B,Y,B,H,C,A,01,W,08,E,,,,,J,Y,N,D,1,0,0,0,22107.0,1,38.13927456,-122.25651874,4
2017,2017-01-02,2244,1,4,22,1,N,C,Y,B,H,D,A,01,E,03,C,,,,,C,Y,N,D,2,0,0,0,22350.0,2,38.39624405,-121.92376524,4
2017,2017-01-03,2035,1,4,20,2,N,B,Y,B,H,C,D,22,E,17,B,,,,,C,Y,F,D,1,0,0,0,21658.0,2,38.38938,-121.93418,4
2017,2017-01-03,1945,1,4,19,2,N,B,Y,B,H,A,A,01,W,03,F,,,,,I,Y,N,D,2,0,0,0,22350.0,1,,,4
2017,2017-01-04,1658,1,4,16,3,N,B,Y,A,H,B,A,07,S,08,E,,,,,I,Y,N,D,1,0,0,0,22107.0,1,38.17883031,-122.13197183,4
2017,2017-01-04,1215,1,4,12,3,N,B,Y,B,H,A,D,22,W,07,E,,,,,I,Y,N,D,1,0,0,0,21658.0,1,38.2874975,-122.03790659,3
2017,2017-01-04,1305,1,4,13,3,N,B,Y,A,H,A,D,22,W,03,E,,,,,I,Y,N,D,2,0,0,0,22350.0,1,38.19411325,-122.16605003,2
2017,2017-01-04,1720,1,4,17,3,N,B,Y,B,H,D,G,55,E,03,C,,,,Y,C,Y,N,D,1,0,0,0,22350.0,3,38.26274674,-122.05854724,4
2017,2017-01-07,1445,1,4,14,6,N,C,Y,B,F,A,A,07,N,03,F,,,,,I,Y,N,D,2,0,0,0,22350.0,1,38.39232861,-121.82279975,4
2016,2016-12-31,1445,12,4,14,6,N,A,Y,A,H,A,A,01,W,08,E,,,,,I,N,N,D,1,0,0,0,22107.0,1,38.21056348,-122.14646838,4
2016,2016-12-31,220,12,4,2,6,N,A,Y,A,H,E,A,07,W,01,B,,,,,I,Y,N,D,1,0,0,0,23152.0,1,38.38630877,-121.9364523,4
2020,2020-01-09,704,1,4,7,4,N,A,N,A,H,A,A,07,W,08,C,,,,,E,N,N,D,2,0,0,0,22107.0,2,38.10604095458984,-122.22158813476562,3
2017,2017-01-05,1758,1,4,17,4,N,A,Y,A,H,C,A,01,E,03,C,,,,,C,Y,N,D,3,0,0,0,22350.0,4,38.10238097,-122.22985408,3
2017,2017-01-05,1450,1,4,14,4,N,A,Y,A,H,A,A,01,W,07,F,,,,,C,Y,N,D,3,0,0,0,21658.0,2,38.06965186,-122.22771974,3
2017,2017-01-01,2240,1,4,22,7,N,A,Y,A,H,C,A,01,W,01,E,,,,,I,Y,N,D,1,0,0,0,23152.0,1,38.24286697,-122.08597579,3
2017,2017-01-05,1730,1,4,17,4,N,A,Y,A,H,C,A,01,E,01,C,,,,,C,Y,F,D,2,0,0,0,23152.0,3,38.10077,-122.22986,3
2017,2017-01-02,955,1,4,9,1,N,B,Y,B,H,A,A,01,E,08,E,,,,,I,Y,N,D,2,0,0,0,22107.0,1,38.1416,-122.2216,2
2017,2017-01-03,1445,1,4,14,2,N,C,Y,B,H,A,A,01,W,03,E,,,,,I,Y,N,D,2,0,0,0,22350.0,1,,,4
2017,2017-01-03,1520,1,4,15,2,N,C,Y,B,H,A,A,01,E,03,E,,,,,I,Y,N,D,1,0,0,0,22350.0,1,38.11751064,-122.28845057,4
2017,2017-01-04,1504,1,4,15,3,N,B,Y,B,H,A,A,01,S,03,F,,,,,A,Y,N,D,1,0,0,0,22350.0,1,38.52604,-121.76643,3
2017,2017-01-07,2045,1,4,20,6,N,B,N,B,H,C,-,- ,S,18,H,,,,,H,Y,N,D,2,0,0,0,,1,38.20108851,-122.13762848,4
2017,2017-01-07,1215,1,4,12,6,N,C,Y,B,H,A,A,01,W,03,E,,,,,I,Y,N,D,1,0,0,0,22350.0,1,38.21379,-122.14092,4
2017,2017-01-07,615,1,4,6,6,N,C,Y,B,H,C,A,01,W,08,B,,,,,C,Y,N,D,1,0,0,0,22107.0,3,38.3583669,-121.97445464,4
2017,2017-01-05,800,1,4,8,4,N,A,Y,A,H,A,A,01,W,07,B,,,,,C,Y,N,D,1,0,0,0,21658.0,2,38.36816871,-121.95942394,4
2017,2017-01-07,840,1,4,8,6,N,B,Y,B,H,A,A,07,E,08,E,,,,,I,Y,N,D,1,0,0,0,22107.0,1,38.09504472,-122.22978448,4
2017,2017-01-09,1315,1,4,13,1,N,A,Y,A,H,A,-,99,E,03,C,,,,,C,N,N,A,1,0,0,0,22350.0,2,38.25841,-122.06393,4
2017,2017-01-09,1730,1,4,17,1,N,B,Y,B,H,D,D,22,E,03,C,,,,,C,Y,N,D,2,0,0,0,22350.0,3,38.12683451,-122.22777422,4
2017,2017-01-10,1655,1,4,16,2,N,B,Y,B,H,D,D,22,W,03,D,,,,,C,Y,N,D,1,0,0,0,22350.0,3,38.23883826,-122.09451132,4
2016,2016-12-31,229,12,4,2,6,N,A,Y,A,H,D,G,25,E,03,D,Y,,,Y,C,Y,N,D,1,1,0,0,22350.0,3,38.25418308,-122.06576178,2
2017,2017-01-10,1545,1,4,15,2,N,C,Y,B,H,A,D,22,E,03,A,,,,,C,Y,N,D,2,0,0,0,22350.0,2,38.18370063,-121.82137872,2
2017,2017-01-10,2015,1,4,20,2,N,C,Y,B,H,C,A,01,W,08,E,,,,,I,Y,N,D,1,0,0,0,22107.0,1,38.08156717,-122.19444133,3
2017,2017-01-12,710,1,4,7,4,N,C,Y,B,H,B,A,01,E,03,C,,,,,C,Y,N,D,4,0,0,0,22350.0,3,38.22926184,-122.11730903,4
2020,2020-01-12,1748,1,4,17,7,Y,A,Y,A,H,C,A,01,,12,D,,,,,C,Y,N,A,1,0,0,0,21453.0,3,38.1228904724121,-122.25509643554688,4
2017,2017-01-13,1820,1,4,18,5,N,A,Y,A,H,D,C,02,E,03,C,,,Y,,C,Y,N,D,3,0,0,1,22350.0,2,38.27775369,-122.04584254,3
2017,2017-01-13,1855,1,4,18,5,N,A,Y,A,H,C,D,22,E,03,C,,,,,C,N,N,D,1,0,0,0,22350.0,2,38.06964751,-122.22692175,4
2020,2020-01-08,1300,1,4,13,3,N,A,N,A,G,A,A,01,E,03,E,,,,,I,Y,N,A,1,0,0,0,22350.0,1,,,3
2017,2017-01-17,1705,1,4,17,2,N,B,Y,A,H,A,A,01,S,03,C,,,,,C,Y,N,D,1,0,0,0,22350.0,2,38.06111165,-122.1311717,4
2017,2017-01-17,1730,1,4,17,2,N,A,Y,A,H,B,A,01,E,03,C,,,,,C,Y,N,D,2,0,0,0,22350.0,2,38.23968501,-122.08379536,4
2017,2017-01-18,1240,1,4,12,3,N,B,N,B,H,A,-,- ,W,18,F,,,,,A,Y,N,D,1,0,0,0,,1,38.4086001,-122.08479737,4
2017,2017-01-18,700,1,4,7,3,N,B,Y,B,H,A,A,01,E,03,C,,,,,C,Y,M,D,1,0,0,0,22350.0,3,38.12600026,-122.32217843,4
2017,2017-01-17,1553,1,4,15,2,N,B,Y,A,H,A,G,25,E,07,E,,,,Y,I,Y,N,D,1,0,0,0,21658.0,2,38.52276678,-121.76728148,3
2017,2017-01-18,2035,1,4,20,3,N,B,Y,B,H,C,A,01,E,03,E,,,,,I,Y,N,D,1,0,0,0,22350.0,1,38.35306121,-121.98007772,4
2017,2017-01-18,1923,1,4,19,3,N,C,Y,B,H,D,-,99,W,07,B,,,,,C,N,M,D,1,0,0,0,21658.0,2,38.13288491,-122.26139841,4
2019,2019-12-20,1721,12,4,17,5,N,B,N,A,H,C,A,07,E,09,D,,,,,C,N,N,D,1,0,0,0,21801.0,3,38.366455078125,-121.96001434326172,3
2017,2017-01-14,1250,1,4,12,6,N,A,Y,A,H,A,A,01,W,08,A,,,,,C,Y,N,D,2,0,0,0,22107.0,2,38.2495851,-122.0700949,4
2017,2017-01-19,46,1,4,0,4,N,C,Y,B,H,D,A,01,W,03,C,Y,,,,C,Y,N,D,1,1,0,0,22350.0,3,38.27031396,-122.05246233,2
2017,2017-01-20,1020,1,4,10,5,N,C,N,B,H,A,A,01,E,08,F,,,,,A,Y,N,D,1,0,0,0,22107.0,1,38.42953255,-122.03897636,4
2017,2017-01-20,1000,1,4,10,5,N,C,Y,B,H,A,A,01,W,08,E,,,,,I,Y,N,D,1,0,0,0,22107.0,1,38.0902,-122.23,3
2017,2017-01-20,430,1,4,4,5,N,C,Y,B,H,D,F,26,N,03,E,,,,Y,I,Y,N,D,1,0,0,0,22350.0,1,38.37666516,-121.95374961,3
2017,2017-01-21,1140,1,4,11,6,N,B,Y,A,H,A,A,01,E,08,F,,,,,I,Y,N,D,1,0,0,0,22107.0,1,38.38917591,-121.93279492,4
2017,2017-01-21,2345,1,4,23,6,N,B,Y,B,H,C,D,22,E,03,E,,,,,I,Y,N,D,1,0,0,0,22350.0,1,38.25891,-122.06047,3
2017,2017-01-21,300,1,4,3,6,N,B,Y,B,H,C,A,01,E,03,E,,,,,I,Y,N,D,1,0,0,0,22350.0,1,38.52569,-121.76644,3
2017,2017-01-21,1725,1,4,17,6,N,C,Y,B,H,D,A,07,E,07,C,,,,Y,C,N,N,D,2,0,0,0,21658.0,3,38.10209058,-122.22985841,4
2017,2017-01-22,740,1,4,7,7,N,B,Y,B,H,A,A,01,N,03,E,,,,,I,Y,N,D,1,0,0,0,22350.0,1,38.21729,-122.13776,4
2017,2017-01-23,740,1,4,7,1,N,B,Y,B,H,A,A,01,E,17,B,,,,,C,Y,M,D,1,0,0,0,21658.0,2,38.22308913,-122.12881933,4
2017,2017-01-24,547,1,4,5,2,N,A,Y,B,H,D,A,01,W,03,C,,,,,C,Y,N,D,2,0,0,0,22350.0,2,38.08507621,-122.23309534,4
2017,2017-01-20,1350,1,4,13,5,N,C,N,B,H,A,D,22,N,01,E,,,,,I,Y,N,D,1,0,0,0,23152.0,1,38.46836402,-122.04579178,4
2017,2017-01-26,1855,1,4,18,4,N,A,Y,A,H,D,-,- ,W,18,D,,,,,C,Y,N,D,3,0,0,0,,2,38.16825894,-122.20196995,4
2020,2020-01-26,1851,1,4,18,7,Y,A,Y,A,H,C,A,01,,09,A,,,,,C,Y,N,A,1,0,0,0,21801.0,2,38.10113906860352,-122.25495147705078,4
2020,2020-01-29,1429,1,4,14,3,Y,A,Y,A,H,A,A,01,,09,D,,,,,C,Y,N,D,2,0,0,0,21801.0,2,38.08528518676758,-122.2411880493164,3
2017,2017-01-27,1910,1,4,19,5,N,A,Y,A,H,D,-,99,W,03,C,,,,,C,N,M,D,2,0,0,0,22350.0,2,38.52419956,-121.7652521,4
2017,2017-01-27,1454,1,4,14,5,N,A,Y,A,H,A,D,22,W,03,C,,,,,C,Y,N,D,2,0,0,0,22350.0,2,,,4
2017,2017-01-29,2340,1,4,23,7,N,A,Y,A,H,C,A,01,W,03,E,,,,,I,Y,N,D,1,0,0,0,22350.0,1,38.41658892,-121.89718211,4
2020,2020-01-04,2232,1,4,22,6,Y,A,N,A,H,C,A,07,,00,D,,,,,C,Y,N,A,2,0,0,0,23153.0,2,38.28849029541016,-122.03411865234376,2
2020,2020-01-07,2310,1,4,23,2,Y,C,N,B,H,D,-,99,,04,H,,Y,,,G,,F,D,1,0,1,0,21703.0,2,38.25822067260742,-122.03018951416016,4
2020,2020-01-07,1031,1,4,10,2,Y,A,N,A,H,A,A,07,,12,D,,,,,C,Y,N,A,1,0,0,0,21453.0,2,,,4
2017,2017-01-27,1900,1,4,19,5,N,A,Y,A,H,C,D,22,E,03,C,,,,,C,Y,N,D,3,0,0,0,22350.0,2,,,4
2017,2017-01-30,1050,1,4,10,1,N,A,Y,A,H,A,A,01,W,08,B,,,,,I,Y,N,D,1,0,0,0,22107.0,1,38.24804837,-122.0719418,4
2017,2017-01-31,1555,1,4,15,2,N,B,Y,A,H,A,A,07,S,03,C,,,,,C,N,N,D,1,0,0,0,22350.0,2,,,4
2017,2017-01-30,645,1,4,6,1,N,A,N,A,H,A,A,08,N,05,A,,,,,C,Y,N,D,2,0,0,0,21650.0,2,38.18912028,-122.13717963,2
2020,2020-01-04,854,1,4,8,6,Y,A,N,A,H,A,A,01,,09,H,,Y,,,G,Y,F,A,1,0,1,0,21801.0,2,38.10987091064453,-122.2463836669922,4
2016,2016-12-14,1955,12,4,19,3,Y,B,N,A,H,D,D,22,,03,E,,,,,I,Y,N,A,0,0,0,0,22350.0,1,38.46769995,-121.91560987,1
2020,2020-01-21,1849,1,4,18,2,N,C,N,B,H,C,A,01,S,08,C,,,,,E,Y,N,D,1,0,0,0,22107.0,2,38.118309020996094,-122.23440551757812,4
2020,2020-01-04,1610,1,4,16,6,N,A,N,A,H,A,A,01,W,08,D,,,Y,,C,,N,D,1,0,0,0,22107.0,2,38.11009979248047,-122.26200103759766,4
2020,2020-01-10,1720,1,4,17,5,Y,A,N,A,H,C,A,01,,09,D,,,,,C,Y,N,A,2,0,0,0,21802.0,2,38.14400100708008,-122.22312927246094,4
2020,2020-01-16,1751,1,4,17,4,N,C,N,B,H,C,A,01,W,05,A,,,,,C,Y,N,D,3,0,0,0,21651.0,2,38.12330627441406,-122.25740814208984,2
2020,2020-01-14,2021,1,4,20,2,N,A,N,A,H,C,A,01,W,10,G,Y,,,,B,Y,N,D,1,1,0,0,21950.0,2,38.09909057617188,-122.25334930419922,2
2020,2020-01-09,936,1,4,9,4,N,A,N,A,H,A,A,01,E,05,A,,,,,C,Y,N,D,2,0,0,0,21651.0,2,38.12230682373047,-122.2376708984375,3
2020,2020-01-13,1517,1,4,15,1,Y,A,N,A,H,A,-,- ,,12,D,,,,,C,Y,N,A,2,0,0,0,21453.0,2,38.099018096923835,-122.24830627441406,3
2019,2019-12-31,2317,12,4,23,2,N,A,N,A,H,C,A,01,W,08,E,,,,,I,N,N,A,1,0,0,0,22107.0,1,38.12825012207031,-122.2485580444336,3
2019,2019-12-17,1750,12,4,17,2,N,A,N,A,H,C,L,04,W,09,-,,Y,,,G,N,N,A,1,0,1,0,21804.0,2,,,3