ACCIDENT_YEAR,COLLISION_DATE,COLLISION_TIME,MONTH,SEASON,24HOURS,DAY_OF_WEEK,INTERSECTION,WEATHER_1,STATE_HWY_IND,ROAD_SURFACE,ROAD_COND_1,LIGHTING,STWD_VEHTYPE_AT_FAULT,CHP_VEHTYPE_AT_FAULT,DIRECTION,PCF_VIOL_CATEGORY,TYPE_OF_COLLISION,PEDESTRIAN_ACCIDENT,BICYCLE_ACCIDENT,MOTORCYCLE_ACCIDENT,TRUCK_ACCIDENT,MVIW,TOW_AWAY,HIT_AND_RUN,CONTROL_DEVICE,NUMBER_INJURED,COUNT_PED_INJURED,COUNT_BICYCLIST_INJURED,COUNT_MC_INJURED,PCF_VIOLATION,PARTY_COUNT,POINT_Y,POINT_X,COLLISION_SEVERITY
2018,2018-02-21,204,2,4,2,3,N,A,Y,A,H,C,A,01,W,01,E,,,,,I,Y,N,D,1,0,0,0,23152.0,1,,,4
2018,2018-02-22,925,2,4,9,4,N,A,Y,A,H,A,A,01,E,08,A,,,,,C,Y,N,D,1,0,0,0,22107.0,2,38.230514526367195,-122.11433410644533,4
2018,2018-02-26,805,2,4,8,1,N,B,Y,B,H,A,A,07,E,03,D,,,,,C,Y,N,D,2,0,0,0,22350.0,2,38.12579345703125,-122.22842407226562,4
2018,2018-02-22,2107,2,4,21,4,N,A,Y,B,H,D,D,22,W,08,A,,,,,C,Y,N,D,2,0,0,0,22107.0,2,38.35360336303711,-121.97927856445312,3
2018,2018-02-20,1410,2,4,14,2,N,A,Y,A,H,A,A,01,S,08,B,,,,,C,N,N,D,2,0,0,0,22107.0,2,38.14396667480469,-122.10943603515624,4
2020,2020-01-26,1826,1,4,18,7,N,-,N,A,H,C,-,99,W,05,A,,,,,C,N,F,D,1,0,0,0,21650.0,2,38.285022735595696,-122.05272674560548,4
2020,2020-01-27,1452,1,4,14,1,Y,A,N,A,H,A,L,04,,12,H,,Y,,,G,N,N,A,1,0,1,0,21453.0,2,38.26557159423828,-122.03418731689452,3
2020,2020-01-24,27,1,4,0,5,N,A,N,A,H,C,A,01,W,01,E,,,,,I,Y,N,D,1,0,0,0,23152.0,1,38.27260971069336,-122.00962066650392,3
2020,2020-01-25,1147,1,4,11,6,N,-,N,A,H,A,A,01,W,02,C,,,,,C,N,N,A,1,0,0,0,22400.0,2,38.258209228515625,-122.02513885498048,4
2018,2018-02-26,718,2,4,7,1,N,B,N,A,H,A,A,01,S,08,F,,,,,A,Y,N,D,1,0,0,0,22107.0,1,38.40350341796875,-121.99737548828124,3
2018,2018-02-26,750,2,4,7,1,N,B,Y,B,H,A,A,01,E,03,C,,,,,C,Y,N,D,1,0,0,0,22350.0,2,38.1414794921875,-122.22596740722656,3
2018,2018-02-25,245,2,4,2,7,N,A,Y,A,H,C,A,01,S,01,E,,,,,I,Y,M,D,1,0,0,0,23152.0,1,38.350059509277344,-121.98800659179688,4
2018,2018-02-26,1605,2,4,16,1,N,B,Y,B,H,A,A,01,E,03,C,,,,,C,Y,N,D,1,0,0,0,22350.0,3,38.1556053161621,-122.40628814697266,4
2018,2018-02-15,1255,2,4,12,4,N,A,Y,A,H,A,A,01,E,01,E,,,,,I,Y,N,D,1,0,0,0,23152.0,1,38.14845657348633,-122.38011932373048,3
2018,2018-02-27,720,2,4,7,2,N,A,Y,A,H,A,A,01,,08,E,,,,Y,I,Y,N,D,1,0,0,0,22107.0,3,38.45954132080078,-121.84091186523438,3
2018,2018-02-27,723,2,4,7,2,Y,A,Y,A,H,A,A,07,,09,D,,,,,C,Y,N,A,2,0,0,0,21802.0,2,38.41617202758789,-121.82272338867188,3
2018,2018-02-26,1556,2,4,15,1,N,B,N,B,H,A,A,07,W,03,C,,,,,C,Y,N,A,1,0,0,0,22350.0,2,38.27301025390625,-122.04282379150392,4
2018,2018-03-01,640,3,1,6,4,N,C,Y,B,H,B,A,01,S,03,F,,,,,A,Y,N,D,1,0,0,0,22350.0,1,38.2090072631836,-122.13775634765624,4
2018,2018-03-01,640,3,1,6,4,N,B,Y,B,H,A,A,01,E,03,E,,,,,I,Y,N,D,1,0,0,0,22350.0,1,38.1425666809082,-122.25083160400392,3
2018,2018-02-22,2235,2,4,22,4,N,A,Y,A,H,D,A,01,E,03,C,,,,,C,Y,N,D,2,0,0,0,22350.0,2,38.3963623046875,-121.92316436767578,4
2018,2018-02-26,1922,2,4,19,1,N,B,Y,B,H,A,A,01,W,01,A,,,,,C,Y,N,D,3,0,0,0,23152.0,2,38.083614349365234,-122.23339080810548,2
2018,2018-02-24,755,2,4,7,6,N,A,Y,A,H,A,A,01,W,08,E,,,,,I,Y,N,D,1,0,0,0,22107.0,1,38.134632110595696,-122.22280883789062,3
2018,2018-02-24,1140,2,4,11,6,N,A,Y,A,H,A,A,01,N,03,C,,,,,C,Y,N,D,1,0,0,0,22350.0,2,38.17524337768555,-122.12996673583984,3
2018,2018-03-02,1428,3,1,14,5,N,C,Y,B,H,A,A,01,E,03,C,,,,Y,C,N,N,D,1,0,0,0,22350.0,2,38.28067779541016,-122.04335021972656,4
2018,2018-03-04,730,3,1,7,7,N,A,Y,B,H,A,D,22,E,03,C,,,,,C,N,N,D,1,0,0,0,22350.0,3,38.155548095703125,-122.4052505493164,3
2018,2018-02-22,2309,2,4,23,4,N,A,Y,A,H,D,A,01,W,01,E,,,,,I,Y,N,D,1,0,0,0,23152.0,1,38.24887466430664,-122.07058715820312,3
2018,2018-03-05,200,3,1,2,1,N,A,Y,A,H,D,A,01,E,01,C,,,,,C,Y,N,D,2,0,0,0,23152.0,2,38.2283592224121,-121.90338134765624,4
2018,2018-03-05,750,3,1,7,1,N,A,Y,A,H,A,A,01,E,03,C,,,,,C,Y,N,D,1,0,0,0,22350.0,2,38.30339813232422,-122.03404998779295,4
2018,2018-03-07,125,3,1,1,3,N,A,Y,A,H,D,A,01,S,08,E,,,,,I,Y,N,D,1,0,0,0,22107.0,1,38.14290618896485,-122.10958099365234,3
2018,2018-03-06,1730,3,1,17,2,N,A,Y,A,H,A,A,01,E,08,E,,,,,I,Y,N,D,1,0,0,0,22107.0,1,38.22540664672852,-122.12442779541016,3
2020,2020-02-17,1503,2,4,15,1,Y,A,N,A,H,A,A,01,,12,D,,,,,C,N,N,A,1,0,0,0,21453.0,2,38.2492790222168,-122.06623077392578,4
2020,2020-02-12,1252,2,4,12,3,Y,A,Y,A,H,A,A,07,,09,D,,,,,C,,N,D,2,0,0,0,21802.0,2,38.18410873413086,-122.13528442382812,4
2020,2020-02-05,1915,2,4,19,3,Y,A,N,A,H,C,A,01,,12,D,,,,,C,,N,A,1,0,0,0,21453.0,2,38.271949768066406,-121.95896911621094,4
2020,2020-02-17,1813,2,4,18,1,N,A,N,A,H,B,C,02,S,08,C,,,Y,,E,,N,D,1,0,0,1,22107.0,2,38.28175735473633,-122.04575347900392,3
2020,2020-02-19,923,2,4,9,3,N,A,N,A,H,A,A,01,E,03,C,,,,,C,N,N,D,2,0,0,0,22350.0,3,38.26530456542969,-122.01715087890624,4
2018,2018-03-01,710,3,1,7,4,N,C,N,B,H,A,A,07,W,08,E,,,,,I,Y,N,D,1,0,0,0,22107.0,1,38.44593048095703,-121.89796447753906,3
2018,2018-03-07,1440,3,1,14,3,N,B,Y,A,H,A,A,01,W,04,C,,,,,C,Y,N,D,3,0,0,0,21703.0,4,38.413482666015625,-121.9008560180664,4
2018,2018-03-06,1310,3,1,13,2,N,A,Y,A,H,A,D,22,W,07,B,,,,Y,C,Y,N,D,1,0,0,0,21658.0,3,38.34588241577149,-121.99806213378906,3
2018,2018-03-11,1535,3,1,15,7,N,A,Y,A,H,A,A,07,E,03,C,,,,,C,Y,N,D,3,0,0,0,22350.0,2,38.44918823242188,-121.85460662841795,3
2018,2018-03-11,655,3,1,6,7,N,A,Y,A,H,A,D,22,W,07,B,,,,,C,Y,N,D,3,0,0,0,21658.0,2,38.23826217651367,-122.09585571289062,3
2018,2018-03-10,1410,3,1,14,6,N,B,Y,B,H,A,C,02,E,03,E,,,Y,,I,Y,N,D,1,0,0,1,22350.0,2,38.14017105102539,-122.25596618652344,3
2018,2018-03-01,915,3,1,9,4,N,B,Y,B,H,A,A,01,W,03,E,,,,,I,Y,N,D,1,0,0,0,22350.0,1,38.20846939086913,-122.1903839111328,3
2018,2018-03-07,1815,3,1,18,3,N,A,Y,A,H,C,A,07,W,08,F,,,,,A,Y,N,D,1,0,0,0,22107.0,1,38.2940559387207,-122.03392791748048,3
2018,2018-03-07,1130,3,1,11,3,Y,A,N,A,H,A,A,07,,03,C,,,,,C,Y,N,D,2,0,0,0,22350.0,2,38.25151824951172,-122.15756988525392,4
2018,2018-03-13,733,3,1,7,2,N,B,Y,B,H,A,A,01,W,03,C,,,,,C,Y,N,D,2,0,0,0,22350.0,2,38.2076416015625,-122.1588134765625,4
2018,2018-03-14,700,3,1,7,3,N,B,Y,B,H,B,D,22,E,07,E,,,,,I,Y,N,D,1,0,0,0,21658.0,1,38.2460823059082,-122.07855987548828,3
2018,2018-03-12,1555,3,1,15,1,N,B,Y,A,H,A,A,01,W,08,E,,,,,I,Y,N,D,1,0,0,0,22107.0,1,38.1857795715332,-122.18002319335938,4
2020,2020-04-20,440,4,1,4,1,N,A,N,A,H,C,A,01,N,03,C,,,,Y,E,Y,N,D,2,0,0,0,22350.0,3,38.2560920715332,-122.0460205078125,2
2018,2018-03-14,1335,3,1,13,3,N,B,Y,B,H,A,A,01,W,08,E,,,,,I,Y,N,D,1,0,0,0,22107.0,1,38.06273651123047,-122.15779113769533,4
2018,2018-03-14,812,3,1,8,3,N,B,Y,B,H,A,A,01,E,08,C,,,,,C,Y,N,D,1,0,0,0,22107.0,3,38.22893905639648,-122.11737060546876,4
2018,2018-03-12,630,3,1,6,1,N,A,Y,A,H,C,D,22,W,03,C,,,,,C,Y,N,D,1,0,0,0,22350.0,3,38.2076416015625,-122.16072082519533,3
2018,2018-03-13,810,3,1,8,2,N,C,N,B,H,A,D,22,E,03,D,,,,,F,Y,N,A,1,0,0,0,22350.0,2,38.35892105102539,-121.9023666381836,4
2018,2018-03-11,1500,3,1,15,7,N,A,Y,A,H,A,A,01,E,03,C,,,,,C,Y,N,D,2,0,0,0,22350.0,2,38.45624542236328,-121.84553527832033,4
2018,2018-03-15,1610,3,1,16,4,N,B,Y,B,H,A,A,01,W,03,D,,,,Y,C,Y,N,D,2,0,0,0,22350.0,2,38.25772476196289,-122.06314086914062,4
2018,2018-03-15,1353,3,1,13,4,N,B,Y,B,H,A,A,01,E,03,C,,,,,C,Y,N,D,1,0,0,0,22350.0,2,38.20905685424805,-122.1486358642578,4
2018,2018-03-11,834,3,1,8,7,N,B,Y,A,H,A,A,07,W,03,C,,,,Y,C,Y,N,D,1,0,0,0,22350.0,2,38.06793212890625,-122.22603607177734,3
2018,2018-03-09,40,3,1,0,5,N,B,Y,A,H,D,D,22,W,08,E,,,,,I,Y,N,D,4,0,0,0,22107.0,1,38.413135528564446,-121.90130615234376,3
2017,2017-11-30,2200,11,3,22,4,N,A,Y,A,H,D,A,07,E,01,F,,,,,A,Y,N,D,2,0,0,0,23152.0,1,38.08552772,-122.20957538,1
2018,2018-03-16,1125,3,1,11,5,N,B,Y,B,H,A,A,01,W,08,F,,,,,A,Y,N,D,1,0,0,0,22107.0,1,38.21388626098633,-122.14217376708984,3
2018,2018-03-16,1640,3,1,16,5,N,A,Y,A,H,A,A,01,E,03,C,,,,,C,Y,N,D,1,0,0,0,22350.0,2,38.088375091552734,-122.23162841796876,4
2018,2018-03-16,1845,3,1,18,5,N,B,Y,A,H,A,A,01,W,08,F,,,,,I,Y,N,D,1,0,0,0,22107.0,1,38.21263885498047,-122.14397430419922,4
2018,2018-03-16,1650,3,1,16,5,N,B,Y,A,H,A,A,01,N,03,C,,,,,C,Y,N,D,2,0,0,0,22350.0,2,38.09231948852539,-122.10699462890624,3
2018,2018-03-17,1200,3,1,12,6,N,B,Y,A,H,A,A,01,E,00,E,,,,,I,Y,N,D,1,0,0,0,22017.0,1,,,3
2018,2018-03-19,750,3,1,7,1,N,B,Y,A,H,A,A,01,E,08,E,,,,,I,Y,N,D,1,0,0,0,22107.0,1,38.101539611816406,-122.22966766357422,4
2018,2018-03-13,500,3,1,5,2,N,B,Y,B,H,D,D,22,W,08,E,,,,,I,Y,N,D,1,0,0,0,22107.0,1,38.13884353637695,-122.22008514404295,2
2018,2018-03-20,700,3,1,7,2,N,B,N,B,H,C,A,01,E,22,A,,,,,C,Y,N,D,1,0,0,0,,2,38.33775329589844,-121.99459838867188,4
2018,2018-03-21,248,3,1,2,3,N,B,Y,B,H,D,A,01,W,03,D,,,,,E,Y,N,D,1,0,0,0,22350.0,2,38.528263092041016,-121.75891876220705,4
2018,2018-03-22,200,3,1,2,4,N,B,Y,B,H,D,F,26,W,03,C,,,,Y,C,Y,N,D,1,0,0,0,22350.0,2,38.240211486816406,-122.07366180419922,4
2018,2018-03-23,1025,3,1,10,5,Y,A,Y,A,H,A,A,01,,09,D,,,,,C,Y,N,A,1,0,0,0,21802.0,2,38.33464813232422,-122.01602935791016,4
2018,2018-03-23,606,3,1,6,5,N,A,Y,A,H,C,D,22,W,03,C,,,,Y,C,Y,N,D,1,0,0,0,22350.0,2,38.06581115722656,-122.22562408447266,3
2018,2018-03-23,955,3,1,9,5,N,A,Y,A,H,A,D,22,,08,E,,,,,I,Y,N,D,1,0,0,0,22107.0,1,38.31624603271485,-122.03159332275392,4
2018,2018-03-20,1315,3,1,13,2,Y,B,N,B,H,A,A,01,,21,D,,,,,C,Y,N,A,2,0,0,0,22106.0,3,38.09392166137695,-122.23271942138672,4
2018,2018-03-24,330,3,1,3,6,N,C,Y,B,H,D,A,01,E,03,C,,,,,C,Y,F,D,3,0,0,0,22350.0,2,38.22642517089844,-122.12322235107422,4
2018,2018-03-24,1020,3,1,10,6,N,A,Y,A,H,A,D,22,E,03,C,,,,,C,Y,N,D,1,0,0,0,22350.0,2,38.478981018066406,-121.8163833618164,3
2018,2018-03-24,1535,3,1,15,6,N,B,Y,A,H,A,A,01,N,03,C,,,,,C,Y,N,D,2,0,0,0,22350.0,2,38.09909057617188,-122.10501861572266,3
2018,2018-03-25,1605,3,1,16,7,N,B,Y,A,H,A,A,01,E,03,C,,,,,C,N,N,D,1,0,0,0,22350.0,2,38.20806503295898,-122.18422698974608,4
2018,2018-03-19,1745,3,1,17,1,N,B,Y,A,H,A,C,02,E,03,C,,,Y,,C,N,N,D,1,0,0,1,22350.0,2,,,4
2018,2018-03-21,252,3,1,2,3,N,C,Y,A,H,C,A,01,W,03,D,,,,,C,Y,N,D,1,0,0,0,22350.0,2,38.528263092041016,-121.75891876220705,3
2018,2018-03-21,254,3,1,2,3,N,C,Y,B,H,D,A,01,W,03,D,,,,,C,Y,N,D,1,0,0,0,22350.0,2,38.528263092041016,-121.75891876220705,3
2020,2020-04-17,1541,4,1,15,5,N,A,N,A,H,A,D,22,N,08,E,,,,,I,Y,N,A,1,0,0,0,22107.0,1,38.362491607666016,-122.0138702392578,3
2020,2020-04-18,5,4,1,0,6,Y,A,Y,A,H,C,F,25,,08,E,,,,Y,I,Y,N,A,1,0,0,0,22107.0,1,38.397167205810554,-121.94892120361328,4
2018,2018-03-26,1200,3,1,12,1,N,A,Y,A,H,A,A,01,W,03,C,,,,,C,Y,N,C,1,0,0,0,22350.0,2,,,3
2018,2018-03-21,1910,3,1,19,3,Y,B,Y,A,H,B,A,01,,09,D,,,,,C,Y,N,A,2,0,0,0,21802.0,2,38.22848892211913,-121.95175170898438,2
2018,2018-03-22,505,3,1,5,4,N,B,Y,B,H,C,A,01,E,03,E,,,,,I,Y,N,D,1,0,0,0,22350.0,1,38.117572784423835,-122.28811645507812,3
2018,2018-03-28,1520,3,1,15,3,N,A,N,A,H,A,A,01,S,03,E,,,,,I,Y,N,D,1,0,0,0,22350.0,1,38.31508255004882,-122.13328552246094,3
2018,2018-03-25,1945,3,1,19,7,N,B,Y,A,H,D,A,01,S,01,C,,,,,C,Y,N,D,1,0,0,0,23152.0,2,38.40279769897461,-121.9478759765625,3
2018,2018-03-25,1515,3,1,15,7,N,B,Y,A,H,A,A,01,W,03,C,,,,,C,Y,N,D,1,0,0,0,22350.0,3,38.2076416015625,-122.1589126586914,4
2018,2018-03-26,1715,3,1,17,1,N,A,Y,A,H,A,A,01,E,03,C,,,,,C,N,N,D,1,0,0,0,22350.0,2,38.2398567199707,-122.078857421875,4
2018,2018-03-27,1315,3,1,13,2,N,A,N,A,H,A,A,07,S,08,E,,,,,I,Y,N,D,1,0,0,0,22107.0,1,38.2418098449707,-121.80558776855467,3
2018,2018-03-28,1720,3,1,17,3,N,A,Y,A,H,A,A,01,E,03,C,,,,,C,Y,N,D,1,0,0,0,22350.0,2,38.22776412963867,-122.11988067626952,3
2018,2018-03-28,815,3,1,8,3,N,A,Y,A,H,A,F,26,W,08,D,,,,Y,C,Y,N,D,1,0,0,0,22107.0,2,38.2076416015625,-122.15879058837892,3
2018,2018-03-24,1350,3,1,13,6,Y,A,Y,A,H,A,A,07,,01,E,,,,,I,Y,N,D,1,0,0,0,23152.0,1,38.22396087646485,-122.11084747314452,4
2020,2020-04-28,1411,4,1,14,2,N,A,N,A,H,A,A,01,N,12,A,,,,,C,Y,N,A,1,0,0,0,21453.0,2,38.34503173828125,-121.99701690673828,4
2020,2020-04-21,1639,4,1,16,2,N,A,N,A,H,A,A,01,S,09,D,,,,,C,Y,N,A,1,0,0,0,21804.0,2,38.34493255615234,-121.97325897216795,4
2018,2018-03-27,1945,3,1,19,2,N,A,Y,A,H,D,A,01,W,07,B,,,,,C,Y,N,D,1,0,0,0,21658.0,2,38.2224235534668,-122.12981414794922,4
2018,2018-03-28,2120,3,1,21,3,N,A,Y,A,H,C,A,01,E,03,C,,,,,C,Y,N,D,6,0,0,0,22350.0,3,38.125045776367195,-122.22920989990234,2
2018,2018-03-30,1646,3,1,16,5,N,A,Y,A,H,A,A,01,W,08,E,,,,,I,Y,N,D,1,0,0,0,22107.0,1,38.35836791992188,-121.97444915771484,2
2018,2018-03-30,345,3,1,3,5,N,A,N,A,H,D,A,07,W,08,E,,,,,I,Y,N,D,1,0,0,0,22107.0,1,38.0892333984375,-121.87151336669922,4
2020,2020-04-12,2017,4,1,20,7,Y,A,N,A,H,C,A,01,,12,D,,,,,C,Y,N,A,2,0,0,0,21453.0,2,38.2730598449707,-122.03423309326172,4
2020,2020-04-18,1023,4,1,10,6,N,A,N,A,H,A,A,07,N,09,D,,,,,C,Y,N,D,2,0,0,0,21801.0,2,38.259952545166016,-122.04989624023438,3
2020,2020-04-23,831,4,1,8,4,N,A,N,A,H,A,C,02,E,05,D,,,Y,,C,N,N,A,2,0,0,1,21752.0,2,38.24988555908203,-122.07044982910156,2
2018,2018-03-30,1945,3,1,19,5,N,A,Y,A,H,D,-,99,E,03,C,,,,,C,N,F,D,1,0,0,0,22350.0,3,38.25852584838867,-122.06211090087892,4
2018,2018-03-28,1440,3,1,14,3,N,A,Y,A,H,A,-,- ,W,18,E,,,,,J,Y,N,D,1,0,0,0,,2,38.183387756347656,-122.18263244628906,4
2018,2018-03-29,1100,3,1,11,4,N,A,Y,A,H,A,D,23,E,03,C,,,,,C,N,N,D,1,0,0,0,22350.0,2,38.44887924194336,-121.8550033569336,4
2020,2020-02-19,1921,2,4,19,3,Y,A,N,A,H,C,A,07,,08,A,,,,,C,Y,N,A,1,0,0,0,22107.0,2,38.10483169555664,-122.2282485961914,4
2020,2020-02-29,2045,2,4,20,6,Y,A,N,A,H,C,A,01,,03,C,,,,,C,,N,A,2,0,0,0,22350.0,2,38.25811004638672,-122.01998138427734,4
2018,2018-03-31,2000,3,1,20,6,N,A,Y,A,H,C,A,01,E,03,C,,,,,C,Y,N,D,2,0,0,0,22350.0,2,38.06312561035156,-122.2253875732422,3
2018,2018-04-03,1530,4,1,15,2,N,A,N,A,H,A,A,07,S,08,A,,,,,C,Y,N,D,3,0,0,0,22107.0,2,38.26361083984375,-122.11368560791016,2
2018,2018-03-29,545,3,1,5,4,N,A,Y,A,H,A,D,22,E,03,F,,,,,A,Y,N,D,1,0,0,0,22350.0,1,38.077186584472656,-122.18999481201172,3
2018,2018-04-01,1545,4,1,15,7,N,A,Y,A,H,A,A,07,E,03,C,,,,,C,N,N,D,1,0,0,0,22350.0,2,38.421432495117195,-121.89080810546876,4
2020,2020-04-12,1748,4,1,17,7,N,B,N,A,H,A,A,01,N,08,E,,,,,I,Y,N,D,1,0,0,0,22107.0,1,38.34114456176758,-121.99250030517578,3
2020,2020-04-14,1808,4,1,18,2,-,B,N,A,H,A,A,01,N,08,E,,,,,I,Y,N,D,2,0,0,0,22107.0,1,38.397499084472656,-121.95964050292967,3
2020,2020-04-21,1605,4,1,16,2,Y,A,N,A,H,A,A,01,,09,D,,,,,C,Y,N,A,1,0,0,0,21802.0,2,38.34347152709961,-121.99268341064452,4
2018,2018-03-30,1254,3,1,12,5,Y,A,N,A,H,A,A,01,,05,B,,,,,C,Y,N,D,1,0,0,0,21460.0,2,38.41691970825195,-121.8872528076172,4
2018,2018-03-31,2117,3,1,21,6,N,A,Y,A,H,D,A,07,E,08,E,,,,,I,Y,N,D,1,0,0,0,22107.0,1,38.327651977539055,-122.0225830078125,4
2018,2018-03-31,2100,3,1,21,6,N,A,Y,A,H,C,A,01,E,01,F,,,,,A,Y,N,D,1,0,0,0,23152.0,1,38.326080322265625,-122.02458953857422,3
2018,2018-04-02,210,4,1,2,1,N,A,Y,A,H,D,A,01,E,01,B,,,,,C,Y,N,D,2,0,0,0,23152.0,2,38.1860580444336,-122.17776489257812,3
2018,2018-04-02,1830,4,1,18,1,N,A,N,A,G,A,A,01,N,03,F,,,,,A,Y,N,A,1,0,0,0,22350.0,1,38.129100799560554,-121.9813995361328,3
2018,2018-04-02,1645,4,1,16,1,N,A,Y,A,H,A,A,01,N,03,C,,,,,C,Y,N,D,1,0,0,0,22350.0,2,38.076393127441406,-122.12099456787108,4
2018,2018-04-03,520,4,1,5,2,N,A,Y,A,H,C,A,01,E,03,C,,,,,C,Y,N,D,2,0,0,0,22350.0,4,38.06026077270508,-122.22630310058594,4
2018,2018-04-02,2000,4,1,20,1,N,A,Y,A,H,C,G,27,N,21,E,,,,Y,I,N,N,D,1,0,0,0,22106.0,2,38.139198303222656,-122.22052764892578,4
2018,2018-04-06,900,4,1,9,5,N,B,Y,B,H,A,D,22,W,08,E,,,,,C,Y,N,D,1,0,0,0,22107.0,2,38.195499420166016,-122.164794921875,3
2018,2018-04-06,703,4,1,7,5,N,B,Y,B,H,A,A,01,E,08,E,,,,,I,N,N,D,1,0,0,0,22107.0,2,38.14148712158203,-122.22637939453124,4
2018,2018-04-06,1004,4,1,10,5,N,B,Y,B,H,A,D,22,W,08,E,,,,,I,Y,N,D,1,0,0,0,22107.0,1,38.19516372680664,-122.16513824462892,4
2018,2018-04-06,1725,4,1,17,5,N,C,Y,B,H,A,A,07,E,08,E,,,,,I,Y,N,D,1,0,0,0,22107.0,1,38.12173843383789,-122.274658203125,4
2018,2018-04-06,2205,4,1,22,5,N,B,Y,B,H,C,A,01,W,01,E,,,,,I,Y,N,D,1,0,0,0,23152.0,1,38.51828384399414,-121.77166748046876,2
2018,2018-04-06,415,4,1,4,5,N,C,N,B,H,D,D,22,W,08,F,,,,,A,Y,N,D,1,0,0,0,22107.0,1,38.44594192504882,-121.89951324462892,4
2018,2018-04-07,1500,4,1,15,6,N,A,Y,A,H,A,-,99,E,03,C,,,,,C,N,F,D,2,0,0,0,22350.0,2,38.461856842041016,-121.83828735351562,4
2018,2018-04-04,5,4,1,0,3,N,A,Y,A,H,D,A,01,S,08,E,,,,,I,Y,N,D,1,0,0,0,22107.0,2,38.04266357421875,-122.12454223632812,4
2018,2018-04-08,821,4,1,8,7,N,A,N,A,H,A,A,01,N,08,E,,,,,I,Y,N,D,1,0,0,0,22107.0,1,38.501075744628906,-121.80361938476562,3
2018,2018-03-30,1600,3,1,16,5,N,B,Y,A,H,A,A,01,E,07,B,,,,Y,C,Y,F,D,3,0,0,0,21658.0,4,38.225296020507805,-122.1246337890625,2
2018,2018-04-09,150,4,1,1,1,N,A,Y,A,H,C,C,02,W,08,F,,,Y,,A,Y,N,D,1,0,0,1,22107.0,1,38.25678253173828,-122.06396484375,3
2018,2018-04-09,552,4,1,5,1,N,A,Y,A,H,A,C,02,W,06,B,,,Y,,C,Y,N,D,1,0,0,1,21755.0,2,38.12350845336913,-122.31644439697266,3
2018,2018-04-10,1743,4,1,17,2,N,B,Y,A,H,A,A,01,W,03,C,,,,,C,N,N,D,1,0,0,0,22350.0,3,38.22029495239258,-122.13246154785156,4
2018,2018-04-10,1405,4,1,14,2,N,B,Y,A,H,A,A,01,W,07,B,,,,,C,N,N,D,1,0,0,0,21658.0,2,38.16840744018555,-122.20124816894533,4
2018,2018-04-10,1605,4,1,16,2,N,A,Y,A,H,A,A,01,E,03,C,,,,,C,Y,N,D,3,0,0,0,22350.0,2,38.14617538452149,-122.21689605712892,4
2018,2018-04-11,2130,4,1,21,3,N,B,Y,B,H,D,A,01,N,08,E,,,,,I,Y,N,D,1,0,0,0,22107.0,1,38.21666717529297,-122.13795471191406,3
2018,2018-04-09,1001,4,1,10,1,N,A,Y,A,H,A,A,01,W,07,B,,,,Y,C,Y,N,D,2,0,0,0,21658.0,2,38.48762130737305,-121.80507659912108,2
2018,2018-04-10,1640,4,1,16,2,N,A,Y,A,H,A,A,01,E,08,E,,,,,I,Y,N,D,2,0,0,0,22107.0,2,38.1524543762207,-122.21607971191406,4
2020,2020-02-18,757,2,4,7,2,N,A,Y,A,H,A,A,01,S,03,C,,,,,C,N,N,A,2,0,0,0,22350.0,2,38.1814079284668,-121.72293090820312,3
2018,2018-04-11,1830,4,1,18,3,N,B,Y,B,H,C,A,01,W,09,D,,,,Y,C,N,N,A,1,0,0,0,21802.0,2,38.1515998840332,-122.21688842773438,4
2018,2018-04-11,2300,4,1,23,3,N,B,Y,B,H,D,A,01,W,03,C,,,,,C,Y,N,D,2,0,0,0,22350.0,2,38.1186408996582,-122.23018646240234,4
2018,2018-04-12,1559,4,1,15,4,N,A,Y,A,H,A,A,07,E,01,C,,,,,C,Y,N,D,1,0,0,0,23152.0,3,38.22385025024414,-122.12709045410156,3
2018,2018-04-12,59,4,1,0,4,N,A,Y,A,H,C,A,07,N,07,D,,,,,C,Y,N,D,2,0,0,0,21658.0,2,38.19141006469727,-122.13772583007812,3
2020,2020-01-28,1336,1,4,13,2,N,A,N,A,H,A,A,01,N,09,D,,,,,C,Y,N,D,1,0,0,0,21801.0,2,38.25968170166016,-122.05972290039062,4