ACCIDENT_YEAR,COLLISION_DATE,COLLISION_TIME,MONTH,SEASON,24HOURS,DAY_OF_WEEK,INTERSECTION,WEATHER_1,STATE_HWY_IND,ROAD_SURFACE,ROAD_COND_1,LIGHTING,STWD_VEHTYPE_AT_FAULT,CHP_VEHTYPE_AT_FAULT,DIRECTION,PCF_VIOL_CATEGORY,TYPE_OF_COLLISION,PEDESTRIAN_ACCIDENT,BICYCLE_ACCIDENT,MOTORCYCLE_ACCIDENT,TRUCK_ACCIDENT,MVIW,TOW_AWAY,HIT_AND_RUN,CONTROL_DEVICE,NUMBER_INJURED,COUNT_PED_INJURED,COUNT_BICYCLIST_INJURED,COUNT_MC_INJURED,PCF_VIOLATION,PARTY_COUNT,POINT_Y,POINT_X,COLLISION_SEVERITY
2018,2018-11-23,435,11,3,4,5,N,C,Y,B,H,C,A,07,S,08,B,,,,,C,Y,N,D,1,0,0,0,22107.0,2,38.21583938598633,-122.13795471191406,4
2018,2018-11-24,745,11,3,7,6,N,B,Y,B,H,A,A,01,E,08,E,,,,,I,Y,N,D,2,0,0,0,22107.0,2,38.21725463867188,-122.13730621337892,4
2018,2018-11-21,1715,11,3,17,3,N,B,Y,B,H,C,D,22,W,08,E,,,,,I,Y,N,A,1,0,0,0,22107.0,1,38.22091293334961,-122.1315689086914,3
2018,2018-11-24,2025,11,3,20,6,N,A,Y,A,H,C,-,- ,E,07,B,,,,,C,Y,N,D,3,0,0,0,21658.0,2,38.05023956298828,-122.13926696777344,4
2018,2018-11-25,940,11,3,9,7,N,E,Y,A,H,A,A,01,W,03,C,,,,,C,N,N,D,1,0,0,0,22350.0,2,38.06893157958984,-122.22655487060548,4
2018,2018-11-19,1251,11,3,12,1,N,A,Y,A,H,A,C,02,E,03,E,,,Y,,I,Y,N,D,1,0,0,1,22350.0,1,38.29767990112305,-122.03491973876952,2
2018,2018-11-22,140,11,3,1,4,N,B,Y,A,H,C,A,01,W,08,B,,,,,C,Y,N,D,4,0,0,0,22107.0,2,38.360645294189446,-121.97056579589844,2
2018,2018-11-25,1730,11,3,17,7,N,A,Y,A,H,C,A,01,E,03,C,,,,,C,N,N,D,1,0,0,0,22350.0,2,38.107051849365234,-122.22980499267578,4
2018,2018-11-25,1700,11,3,17,7,N,A,Y,A,H,A,A,01,E,07,B,,,Y,,C,Y,N,D,1,0,0,1,21658.0,2,38.092239379882805,-122.23036956787108,4
2018,2018-11-25,1758,11,3,17,7,N,A,Y,A,H,C,A,01,E,03,C,,,,,C,N,N,D,1,0,0,0,22350.0,3,38.102100372314446,-122.2298583984375,4
2018,2018-11-22,1910,11,3,19,4,N,C,Y,B,H,D,-,- ,E,00,B,,,,,C,N,N,D,2,0,0,0,,2,38.422409057617195,-121.88948822021484,4
2018,2018-11-25,404,11,3,4,7,N,E,Y,B,H,D,A,01,W,08,B,,,,,C,Y,N,D,1,0,0,0,22107.0,2,38.09076690673828,-122.23062896728516,4
2018,2018-11-25,1845,11,3,18,7,N,B,Y,A,H,D,A,01,W,03,C,,,,,C,Y,N,D,5,0,0,0,22350.0,2,38.38237762451172,-121.94197082519533,3
2018,2018-11-26,1750,11,3,17,1,N,A,Y,A,H,D,A,08,E,03,C,,,,,C,Y,N,D,2,0,0,0,22350.0,2,38.14200973510742,-122.36444854736328,4
2018,2018-11-25,120,11,3,1,7,N,A,Y,A,H,D,A,01,N,01,E,,,,,I,Y,N,D,1,0,0,0,23152.0,1,38.37173843383789,-121.95587921142578,4
2018,2018-11-19,1345,11,3,13,1,N,A,Y,A,H,A,A,01,E,01,C,,,,Y,C,Y,N,D,2,0,0,0,23152.0,4,38.27710723876953,-122.04673004150392,4
2018,2018-11-28,1355,11,3,13,3,N,A,Y,A,H,A,A,01,E,08,B,,,,,C,Y,N,D,1,0,0,0,22107.0,2,38.421016693115234,-121.891357421875,4
2018,2018-11-29,710,11,3,7,4,N,C,Y,B,H,B,A,01,N,08,E,,,,,I,Y,N,D,1,0,0,0,22107.0,1,38.31338119506836,-122.12969207763672,4
2018,2018-11-28,700,11,3,7,3,N,B,Y,B,H,B,G,25,N,07,B,,,,Y,C,Y,N,D,1,0,0,0,21658.0,2,38.047229766845696,-122.12826538085938,4
2018,2018-11-20,613,11,3,6,2,N,A,Y,A,H,C,A,01,E,03,C,,,,,C,Y,N,D,2,0,0,0,22350.0,8,38.31078338623047,-122.0334243774414,3
2018,2018-11-28,1832,11,3,18,3,Y,B,N,B,H,C,A,07,,12,D,,,,,C,Y,F,A,1,0,0,0,21453.0,2,38.09490966796875,-122.23098754882812,4
2018,2018-11-30,447,11,3,4,5,N,A,Y,B,H,D,A,07,E,08,E,,,,,I,Y,N,D,1,0,0,0,22107.0,1,38.26139068603516,-122.05967712402344,4
2018,2018-12-01,610,12,4,6,6,N,C,Y,B,H,D,D,22,W,03,C,,,,,C,N,N,D,1,0,0,0,22350.0,2,38.2929573059082,-122.03430938720705,4
2018,2018-12-01,2200,12,4,22,6,N,A,N,A,H,D,A,01,N,01,F,,,,,I,Y,N,D,1,0,0,0,23152.0,1,38.25551986694336,-121.60112762451172,4
2018,2018-12-01,145,12,4,1,6,N,A,Y,A,H,C,A,01,W,08,E,,,,,I,Y,N,D,1,0,0,0,22107.0,1,38.14099884033203,-122.22174072265624,4
2018,2018-12-01,548,12,4,5,6,N,C,Y,B,H,D,E,22,W,03,E,,,,,I,Y,N,D,1,0,0,0,22350.0,2,38.289310455322266,-122.036376953125,4
2018,2018-12-01,948,12,4,9,6,N,B,Y,B,H,A,A,01,S,08,E,,,,,I,Y,N,D,1,0,0,0,22107.0,2,38.214969635009766,-122.1379623413086,4
2018,2018-12-02,1545,12,4,15,7,Y,A,N,A,H,A,A,01,,09,D,,,,,C,Y,N,D,2,0,0,0,21802.0,2,38.3589096069336,-121.9060516357422,2
2018,2018-12-03,550,12,4,5,1,N,A,Y,A,H,C,D,22,E,03,C,,,,,C,Y,N,D,3,0,0,0,22350.0,4,38.478912353515625,-121.81646728515624,3
2018,2018-11-30,1850,11,3,18,5,N,A,Y,A,H,D,-,99,W,03,C,,,,,C,N,M,D,2,0,0,0,22350.0,2,38.10895156860352,-122.22956848144533,4
2018,2018-11-30,1618,11,3,16,5,N,A,Y,A,H,A,A,07,E,08,C,,,,Y,C,Y,N,D,1,0,0,0,22107.0,3,38.0950927734375,-122.22998046875,4
2018,2018-12-03,700,12,4,7,1,Y,A,N,A,H,B,D,22,,08,B,,,,,C,Y,N,D,1,0,0,0,22107.0,2,38.49617004394531,-121.79490661621094,3
2018,2018-11-28,1728,11,3,17,3,N,A,Y,A,H,C,A,01,E,03,C,,,,,C,N,N,D,1,0,0,0,22350.0,2,38.101661682128906,-122.22986602783205,4
2018,2018-07-20,1645,7,2,16,5,N,A,Y,A,H,A,A,01,N,01,A,,,,,C,Y,N,D,0,0,0,0,23152.0,2,38.31811141967773,-121.82341766357422,1
2020,2020-05-29,608,5,1,6,5,Y,A,N,A,H,A,A,01,,12,B,,,,,C,Y,N,A,1,0,0,0,21453.0,2,38.27259826660156,-122.00657653808594,3
2018,2018-07-17,945,7,2,9,2,N,A,Y,A,H,A,A,07,E,08,E,,,,,I,Y,N,D,2,0,0,0,22107.0,2,38.47356414794922,-121.82290649414062,1
2020,2020-05-26,1103,5,1,11,2,Y,A,N,A,H,A,A,01,,09,D,,,,,C,N,N,D,1,0,0,0,21801.0,3,38.264949798583984,-121.99307250976562,3
2018,2018-06-23,1230,6,2,12,6,N,A,Y,A,H,A,A,07,E,08,B,,,,,C,Y,N,D,0,0,0,0,22107.0,2,38.14366912841797,-122.2177734375,1
2018,2018-12-07,1455,12,4,14,5,N,A,Y,A,H,A,A,01,W,03,C,,,,,C,Y,N,D,1,0,0,0,22350.0,3,38.43547439575195,-121.8723373413086,4
2018,2018-12-07,1135,12,4,11,5,N,A,Y,A,H,A,A,07,E,08,B,,,,,C,Y,N,D,1,0,0,0,22107.0,2,38.48948287963867,-121.80306243896484,3
2018,2018-12-08,2155,12,4,21,6,Y,E,Y,A,H,D,A,01,,09,D,,,,,C,Y,N,D,1,0,0,0,21801.0,2,38.47486114501953,-121.82232666015624,4
2018,2018-12-08,940,12,4,9,6,N,A,Y,A,H,A,A,01,E,07,B,,,,,C,N,N,D,1,0,0,0,21658.0,2,38.448974609375,-121.85488128662108,4
2018,2018-12-08,233,12,4,2,6,N,A,Y,A,H,C,A,01,E,01,C,,,,,C,Y,N,D,1,0,0,0,23152.0,2,,,3
2018,2018-12-09,10,12,4,0,7,N,A,Y,A,H,C,A,01,E,08,E,,,,,I,N,N,D,1,0,0,0,22107.0,1,38.24359130859375,-122.08428955078124,4
2018,2018-12-10,1525,12,4,15,1,N,A,Y,A,H,A,A,07,W,03,C,,,,,C,N,N,D,1,0,0,0,22350.0,3,38.24748229980469,-122.07350158691406,3
2018,2018-12-10,1555,12,4,15,1,N,A,Y,A,H,A,A,07,E,03,C,,,Y,,C,Y,N,D,1,0,0,1,22350.0,2,38.530586242675774,-121.7490234375,2
2018,2018-12-11,1550,12,4,15,2,N,A,Y,A,H,A,A,01,E,03,C,,,,,C,Y,N,D,1,0,0,0,22350.0,2,38.53001022338867,-121.75130462646484,3
2020,2020-03-30,1722,3,1,17,1,N,A,N,A,H,A,A,07,S,01,A,,,,,C,Y,N,D,1,0,0,0,23152.0,2,38.26748275756836,-122.04049682617188,4
2018,2018-12-11,1730,12,4,17,2,N,A,Y,A,H,D,A,01,W,03,C,,,,,C,Y,N,D,2,0,0,0,22350.0,2,38.183460235595696,-121.74579620361328,3
2018,2018-12-09,20,12,4,0,7,N,B,N,A,H,C,A,01,S,01,E,,,,,I,Y,N,D,3,0,0,0,23152.0,1,38.51900863647461,-121.96743774414062,2
2018,2018-12-07,2155,12,4,21,5,N,A,Y,A,D,D,D,22,E,07,B,,,,,C,Y,N,D,5,0,0,0,21658.0,2,38.4211540222168,-121.89117431640624,4
2018,2018-12-08,230,12,4,2,6,N,A,Y,A,H,D,A,07,S,08,E,,,,,I,Y,N,D,1,0,0,0,22107.0,1,38.14690399169922,-122.11042022705078,4
2018,2018-12-10,1525,12,4,15,1,N,B,Y,A,H,A,A,01,E,07,B,,,Y,,C,N,N,D,1,0,0,1,21658.0,2,,,4
2018,2018-12-11,1850,12,4,18,2,N,A,Y,A,H,D,A,01,E,03,C,,,,,C,Y,N,D,2,0,0,0,22350.0,2,38.11099243164063,-122.22959136962892,4
2018,2018-12-15,1420,12,4,14,6,N,B,Y,A,H,A,A,07,E,03,C,,,,,C,N,N,D,1,0,0,0,22350.0,2,38.39840698242188,-121.92056274414062,4
2018,2018-12-15,1500,12,4,15,6,N,B,Y,A,H,A,A,01,E,03,C,,,,,C,Y,N,D,1,0,0,0,22350.0,2,38.0864486694336,-122.23243713378906,4
2018,2018-12-13,1638,12,4,16,4,N,A,Y,A,H,A,D,22,W,07,B,,,Y,,C,Y,N,D,1,0,0,1,21658.0,2,38.08979415893555,-122.23102569580078,3
2018,2018-12-14,1615,12,4,16,5,N,B,Y,B,H,A,A,01,W,03,C,,,,,C,N,N,D,1,0,0,0,22350.0,2,,,4
2018,2018-12-14,1600,12,4,16,5,N,B,Y,B,H,A,D,22,E,03,C,,,,,C,Y,N,D,2,0,0,0,22350.0,3,38.25519943237305,-122.06490325927734,4
2018,2018-12-14,1745,12,4,17,5,N,B,Y,A,H,C,A,01,E,03,C,,,,,C,N,N,D,1,0,0,0,22350.0,2,38.10219192504882,-122.2298583984375,4
2018,2018-12-16,340,12,4,3,7,N,A,Y,A,H,C,A,01,W,07,B,,,,,C,Y,N,D,1,0,0,0,21658.0,2,38.51419448852539,-121.77602386474608,3
2018,2018-07-23,1524,7,2,15,1,N,A,Y,A,H,A,G,25,E,03,C,Y,,,Y,C,Y,N,D,1,1,0,0,22350.0,5,38.06148910522461,-122.22523498535156,1
2018,2018-12-06,1710,12,4,17,4,N,A,N,A,H,B,D,22,N,01,E,,,,,I,Y,N,D,1,0,0,0,23152.0,1,38.092769622802734,-122.1058349609375,3
2018,2018-12-13,630,12,4,6,4,N,A,Y,A,H,A,A,08,W,03,C,,,,,C,Y,N,D,1,0,0,0,22350.0,5,38.350051879882805,-121.98806762695312,3
2018,2018-12-10,650,12,4,6,1,N,B,Y,B,H,B,A,01,W,03,C,,,,,C,N,N,D,1,0,0,0,22350.0,2,38.07259368896485,-122.22942352294922,3
2018,2018-12-08,1100,12,4,11,6,N,A,Y,A,H,A,D,22,E,03,C,,,,,C,N,N,D,1,0,0,0,22350.0,2,38.392772674560554,-121.9277572631836,4
2018,2018-12-14,1657,12,4,16,5,N,C,Y,B,H,D,D,23,E,03,C,,,,,C,Y,N,D,1,0,0,0,22350.0,2,38.142776489257805,-122.36624908447266,4
2018,2018-12-14,1700,12,4,17,5,N,C,Y,B,H,D,A,01,E,03,C,,,,,C,Y,N,D,3,0,0,0,22350.0,2,38.144577026367195,-122.37100982666016,4
2018,2018-12-18,1720,12,4,17,2,N,A,Y,A,H,D,-,99,W,03,C,,,,,C,Y,M,D,2,0,0,0,22350.0,4,38.288887023925774,-122.03638458251952,4
2018,2018-12-19,1739,12,4,17,3,N,A,Y,A,H,D,A,01,E,03,C,,,,,C,Y,N,D,2,0,0,0,22350.0,2,38.12018966674805,-122.28089904785156,4
2018,2018-12-18,1828,12,4,18,2,N,A,Y,A,H,D,A,01,W,03,C,,,,,C,Y,N,D,1,0,0,0,22350.0,2,38.253028869628906,-122.06673431396484,4
2018,2018-12-12,1558,12,4,15,3,N,A,N,A,H,A,A,01,E,05,B,,,,,C,Y,F,D,2,0,0,0,21460.0,2,38.2266960144043,-122.10269927978516,4
2018,2018-12-18,840,12,4,8,2,N,B,Y,A,H,A,A,08,E,03,C,,,,,C,N,N,D,1,0,0,0,22350.0,2,38.123729705810554,-122.2302474975586,4
2018,2018-12-21,700,12,4,7,5,N,C,Y,B,H,B,A,01,E,08,E,,,,,I,Y,N,D,1,0,0,0,22107.0,1,38.225494384765625,-122.124267578125,4
2018,2018-12-20,145,12,4,1,4,N,A,Y,A,H,D,A,01,E,08,F,,,,,A,Y,N,D,1,0,0,0,22107.0,1,38.24238967895508,-122.08648681640624,3
2018,2018-12-13,1242,12,4,12,4,N,A,Y,A,H,A,A,01,W,03,C,,,,,C,Y,N,D,3,0,0,0,22350.0,3,38.09170150756836,-122.23152160644533,4
2018,2018-12-18,1050,12,4,10,2,N,A,Y,A,H,A,-,99,E,08,C,,,,,C,Y,M,D,1,0,0,0,22107.0,2,38.109561920166016,-122.22956085205078,4
2018,2018-12-13,1215,12,4,12,4,N,A,Y,A,H,A,D,22,N,03,F,,,,,A,Y,N,D,1,0,0,0,22350.0,1,38.09238052368164,-122.23175811767578,3
2018,2018-12-15,1340,12,4,13,6,N,B,Y,A,H,A,A,01,E,03,C,,,,,C,Y,M,D,1,0,0,0,22350.0,2,38.380516052246094,-121.94452667236328,4
2018,2018-12-19,1740,12,4,17,3,N,A,Y,A,H,D,A,01,E,03,C,,,,,C,Y,N,D,1,0,0,0,22350.0,3,,,4
2018,2018-12-21,1255,12,4,12,5,N,B,Y,A,H,A,A,07,W,03,C,,,,,C,Y,N,D,4,0,0,0,22350.0,2,38.24130630493164,-122.0888900756836,3
2018,2018-12-21,1720,12,4,17,5,N,B,Y,A,H,C,D,22,E,03,C,,,,,C,Y,N,D,1,0,0,0,22350.0,5,38.10271072387695,-122.22985076904295,4
2018,2018-12-22,1935,12,4,19,6,N,A,N,A,H,D,-,- ,E,18,E,,,,,H,Y,N,D,1,0,0,0,,1,38.35096740722656,-121.76750183105467,4
2018,2018-12-19,430,12,4,4,3,N,E,Y,B,H,D,D,22,W,08,E,,,,,I,Y,N,D,1,0,0,0,22107.0,1,38.45471954345703,-121.84746551513672,3
2018,2018-12-23,215,12,4,2,7,N,A,Y,A,H,C,A,01,W,01,E,,,,,I,Y,N,D,1,0,0,0,23152.0,1,38.24226379394531,-122.08668518066406,2
2018,2018-12-22,5,12,4,0,6,N,B,Y,A,H,C,C,02,W,08,F,,,Y,,A,Y,N,D,0,0,0,0,22107.0,1,38.40277099609375,-121.91568756103516,1
2018,2018-12-24,645,12,4,6,1,N,B,N,A,H,D,D,22,S,05,A,,,,,C,Y,N,D,2,0,0,0,21460.0,2,,,4
2018,2018-12-24,2250,12,4,22,1,N,B,Y,B,H,D,A,01,W,01,B,,,,,C,Y,N,D,2,0,0,0,23152.0,3,38.50388717651367,-121.78752136230467,4
2018,2018-12-08,1135,12,4,11,6,N,A,Y,A,H,A,A,08,W,03,C,,,,,C,Y,N,D,4,0,0,0,22350.0,3,38.36897277832031,-121.95885467529295,3
2018,2018-12-13,755,12,4,7,4,Y,A,N,A,H,A,A,07,,03,C,,,,,C,N,N,D,1,0,0,0,22350.0,2,38.50286102294922,-121.95797729492188,4
2018,2018-12-25,540,12,4,5,2,N,A,Y,A,H,D,-,- ,E,18,E,,,,,J,Y,N,D,1,0,0,0,,1,38.228363037109375,-121.89958953857422,4
2018,2018-12-26,1315,12,4,13,3,N,A,Y,A,H,A,A,01,N,03,C,,,,,C,Y,N,D,3,0,0,0,22350.0,2,38.07405471801758,-122.1229248046875,4
2018,2018-12-24,1340,12,4,13,1,N,C,Y,B,H,A,D,22,E,08,E,,,,,I,Y,N,D,1,0,0,0,22107.0,1,,,3
2018,2018-12-26,1555,12,4,15,3,Y,A,N,A,H,A,A,07,,12,D,,,,Y,C,Y,N,A,1,0,0,0,22450.0,2,38.40242004394531,-121.89666748046876,3
2018,2018-12-28,905,12,4,9,5,N,A,Y,A,H,A,A,07,W,08,E,,,,,I,Y,N,D,3,0,0,0,22107.0,2,38.119583129882805,-122.23046875,3
2018,2018-12-26,1256,12,4,12,3,N,A,Y,A,H,A,A,07,W,08,E,,,,,I,Y,N,D,1,0,0,0,22107.0,1,38.386112213134766,-121.93629455566406,4
2018,2018-12-27,1435,12,4,14,4,N,A,Y,A,H,A,A,01,W,03,E,,,,,I,Y,N,D,1,0,0,0,22350.0,1,38.07786178588867,-122.23274993896484,3
2018,2018-12-28,2108,12,4,21,5,N,A,Y,A,H,D,D,22,E,01,B,,,,,C,Y,N,D,4,0,0,0,23152.0,2,38.050289154052734,-122.1388931274414,4
2018,2018-12-29,2200,12,4,22,6,N,A,N,A,H,D,A,01,W,03,E,,,,,I,Y,N,D,3,0,0,0,22350.0,1,38.297149658203125,-122.1300811767578,4
2018,2018-12-29,1605,12,4,16,6,N,A,Y,A,H,A,A,01,E,01,C,,,,,C,Y,N,A,2,0,0,0,23152.0,2,38.37018966674805,-121.9558334350586,4
2018,2018-12-23,400,12,4,4,7,N,A,Y,A,H,D,A,01,E,03,C,,,,,C,N,F,A,2,0,0,0,22350.0,2,38.45502853393555,-121.84709930419922,4
2018,2018-12-25,1035,12,4,10,2,Y,A,Y,A,H,A,A,01,,09,D,,,,,C,Y,N,A,1,0,0,0,21801.0,2,38.18359756469727,-121.80609130859376,4
2018,2018-12-21,645,12,4,6,5,N,C,Y,B,H,B,A,01,E,03,C,,,,,C,N,N,D,1,0,0,0,22350.0,2,38.416465759277344,-121.89732360839844,3
2018,2018-12-13,1135,12,4,11,4,N,B,Y,A,H,A,A,01,E,07,B,,,,,C,Y,N,A,1,0,0,0,21658.0,2,38.09269332885742,-122.2343978881836,3
2019,2019-01-02,1120,1,4,11,3,N,A,Y,A,H,A,D,22,E,08,E,,,,,I,Y,N,D,1,0,0,0,22107.0,1,38.388484954833984,-121.93360900878906,4
2018,2018-12-24,920,12,4,9,1,N,B,Y,B,H,A,A,01,W,03,E,,,,,I,Y,N,D,1,0,0,0,22350.0,1,38.272220611572266,-122.0517578125,4
2018,2018-12-25,1300,12,4,13,2,N,A,Y,A,H,A,A,01,W,03,C,,,,,C,Y,N,D,2,0,0,0,22350.0,2,38.24185562133789,-122.08824157714844,3
2018,2018-12-22,937,12,4,9,6,N,A,Y,A,H,A,A,01,E,08,E,,,,,I,Y,N,D,1,0,0,0,22107.0,1,38.417510986328125,-121.89557647705078,3
2018,2018-12-28,1640,12,4,16,5,Y,A,Y,A,H,A,A,07,,03,C,,,,,C,Y,N,D,2,0,0,0,22350.0,2,38.337039947509766,-121.82325744628906,4
2019,2019-01-01,1215,1,4,12,2,N,A,Y,A,H,A,A,01,E,03,C,,,,,C,Y,N,D,2,0,0,0,22350.0,3,38.06206893920898,-122.22528839111328,4
2018,2018-12-26,1230,12,4,12,3,N,A,Y,A,H,A,G,25,E,08,B,,,,Y,C,N,N,D,1,0,0,0,22107.0,2,38.22742462158203,-122.12126922607422,4
2018,2018-12-28,1235,12,4,12,5,N,A,Y,A,H,A,A,08,E,03,C,,,,,C,Y,N,D,1,0,0,0,22350.0,4,38.07720184326172,-122.23226165771484,3
2018,2018-12-29,1710,12,4,17,6,N,A,Y,A,H,D,N,60,S,11,G,Y,,,,B,N,N,D,1,1,0,0,21954.0,2,38.1396598815918,-122.25579071044922,3
2018,2018-12-26,1621,12,4,16,3,N,A,N,A,H,A,A,01,N,05,D,,,,,C,Y,N,D,1,0,0,0,21460.0,2,38.27225112915039,-122.09261322021484,4
2018,2018-12-26,1622,12,4,16,3,N,A,N,A,H,A,A,01,N,05,D,,,,,C,Y,N,D,2,0,0,0,21460.0,2,38.2728271484375,-122.09259796142578,4
2019,2019-01-02,2020,1,4,20,3,N,A,Y,A,H,D,A,01,W,03,C,,,,,C,Y,N,D,2,0,0,0,22350.0,6,38.458282470703125,-121.84290313720705,4
2019,2019-01-02,2130,1,4,21,3,N,A,Y,A,H,C,A,01,W,03,C,,,,,C,N,N,D,1,0,0,0,22350.0,2,38.3497200012207,-121.98908996582033,4
2018,2018-12-31,1635,12,4,16,1,N,A,Y,A,H,A,D,22,W,03,C,,,,,C,Y,N,D,3,0,0,0,22350.0,3,38.35082626342773,-121.98609161376952,4
2019,2019-01-03,1730,1,4,17,4,N,B,Y,A,H,C,A,01,E,08,E,,,,,I,Y,N,D,2,0,0,0,22107.0,1,38.05606460571289,-122.14816284179688,4
2019,2019-01-04,1800,1,4,18,5,N,A,Y,A,H,C,D,22,E,03,C,,,,,C,Y,N,D,2,0,0,0,22350.0,3,38.11042022705078,-122.22976684570312,4
2018,2018-12-31,1730,12,4,17,1,N,A,Y,A,H,C,A,01,E,03,C,,,,,C,Y,N,D,3,0,0,0,22350.0,3,38.12794876098633,-122.22733306884766,3
2019,2019-01-05,2234,1,4,22,6,N,B,Y,B,H,C,-,99,W,03,C,,,,,C,Y,F,D,1,0,0,0,22350.0,2,38.119720458984375,-122.23047637939452,3
2019,2019-01-07,1215,1,4,12,1,N,A,Y,A,H,A,A,01,W,03,C,,,,,C,Y,N,D,2,0,0,0,22350.0,5,38.0644645690918,-122.22550964355467,3
2019,2019-01-08,1728,1,4,17,2,N,B,Y,B,H,D,D,22,E,03,C,,,,,C,Y,N,D,3,0,0,0,22350.0,5,38.24583435058594,-122.07851409912108,4
2019,2019-01-03,219,1,4,2,4,N,A,Y,A,H,D,A,01,W,03,C,,,,Y,C,Y,N,D,2,0,0,0,22350.0,3,38.444732666015625,-121.85997009277344,2
2019,2019-01-06,110,1,4,1,7,N,B,Y,B,H,D,A,01,W,07,B,,,,,C,Y,N,D,1,0,0,0,21658.0,2,,,4
2019,2019-01-06,100,1,4,1,7,N,B,Y,B,H,D,A,01,W,08,E,,,,,I,Y,N,D,1,0,0,0,22107.0,1,,,3
2019,2019-01-08,1950,1,4,19,2,N,B,Y,B,H,D,A,01,E,08,D,,,,,C,Y,N,D,1,0,0,0,22107.0,2,38.26105117797852,-122.05995941162108,4
2018,2018-12-24,805,12,4,8,1,N,B,Y,A,H,A,A,01,E,08,E,,,,,I,Y,N,D,1,0,0,0,22107.0,1,38.46215057373047,-121.83753967285156,3
2019,2019-01-01,1515,1,4,15,2,N,A,Y,A,H,A,-,- ,N,18,H,,,Y,,H,Y,N,D,1,0,0,1,,1,38.28160095214844,-121.64219665527344,4
2019,2019-01-03,1735,1,4,17,4,N,A,Y,A,H,C,A,01,W,03,C,,,,,C,Y,N,D,2,0,0,0,22350.0,3,38.10894012451172,-122.22977447509766,2
2019,2019-01-08,1635,1,4,16,2,N,B,Y,B,H,A,A,01,E,03,C,,,,,C,Y,N,D,2,0,0,0,22350.0,3,38.2088623046875,-122.1973114013672,4
2019,2019-01-08,1750,1,4,17,2,N,B,Y,B,H,C,A,01,W,03,C,,,,,C,Y,N,D,1,0,0,0,22350.0,2,38.2315788269043,-122.11114501953124,4
2019,2019-01-03,2209,1,4,22,4,N,A,Y,A,H,C,A,01,E,03,C,,,,,C,Y,N,D,1,0,0,0,22350.0,4,38.44614028930664,-121.85848999023438,3
2019,2019-01-08,1440,1,4,14,2,N,B,Y,A,H,A,G,27,E,08,E,,,,Y,I,Y,N,D,1,0,0,0,22107.0,1,38.13271713256836,-122.26158905029295,4
2019,2019-01-11,1835,1,4,18,5,N,C,Y,B,H,C,A,01,W,07,D,,,,,C,Y,N,D,1,0,0,0,21658.0,2,38.23785400390625,-122.09677124023438,4
2019,2019-01-08,1515,1,4,15,2,N,A,Y,A,H,A,A,01,E,03,C,,,,,C,Y,M,D,2,0,0,0,22350.0,3,38.10026931762695,-122.22988128662108,3
2019,2019-01-12,1053,1,4,10,6,N,A,Y,A,H,A,A,01,W,03,C,,,,,C,Y,N,D,1,0,0,0,22350.0,2,38.48432540893555,-121.80924987792967,4
2019,2019-01-12,1325,1,4,13,6,N,A,Y,A,H,A,A,01,W,08,E,,,,,I,Y,N,D,1,0,0,0,22107.0,1,38.345733642578125,-121.99845123291016,3
2019,2019-01-07,1215,1,4,12,1,N,B,Y,A,H,A,A,07,W,21,C,,,,,C,N,N,D,1,0,0,0,22106.0,2,38.065189361572266,-122.22557830810548,4
2019,2019-01-05,1332,1,4,13,6,Y,B,N,A,H,A,A,07,,12,A,,,,,C,Y,F,A,1,0,0,0,21453.0,2,,,2
2019,2019-01-16,400,1,4,4,3,N,B,Y,B,H,D,A,08,E,08,E,,,,,J,Y,N,D,1,0,0,0,22107.0,1,38.11589050292969,-122.22997283935548,4
2019,2019-01-12,730,1,4,7,6,N,B,Y,B,H,A,A,01,W,08,E,,,,,I,Y,N,D,1,0,0,0,22107.0,1,38.0838279724121,-122.23314666748048,4
2019,2019-01-12,300,1,4,3,6,N,B,N,A,H,D,A,01,E,01,E,,,,,I,Y,N,D,1,0,0,0,23152.0,1,38.46771240234375,-121.91571807861328,4
2019,2019-01-16,1425,1,4,14,3,N,B,Y,B,H,A,A,01,W,08,D,,,,,C,Y,N,D,1,0,0,0,22107.0,4,38.249244689941406,-122.07013702392578,4
2019,2019-01-16,2025,1,4,20,3,N,B,Y,B,H,E,A,01,E,08,E,,,,,I,Y,N,D,2,0,0,0,22107.0,1,38.30968475341797,-122.03360748291016,2