ACCIDENT_YEAR,COLLISION_DATE,COLLISION_TIME,MONTH,SEASON,24HOURS,DAY_OF_WEEK,INTERSECTION,WEATHER_1,STATE_HWY_IND,ROAD_SURFACE,ROAD_COND_1,LIGHTING,STWD_VEHTYPE_AT_FAULT,CHP_VEHTYPE_AT_FAULT,DIRECTION,PCF_VIOL_CATEGORY,TYPE_OF_COLLISION,PEDESTRIAN_ACCIDENT,BICYCLE_ACCIDENT,MOTORCYCLE_ACCIDENT,TRUCK_ACCIDENT,MVIW,TOW_AWAY,HIT_AND_RUN,CONTROL_DEVICE,NUMBER_INJURED,COUNT_PED_INJURED,COUNT_BICYCLIST_INJURED,COUNT_MC_INJURED,PCF_VIOLATION,PARTY_COUNT,POINT_Y,POINT_X,COLLISION_SEVERITY
2019,2019-07-01,400,7,2,4,1,N,A,Y,A,H,D,A,01,E,08,E,,,,,I,Y,N,D,1,0,0,0,22107.0,1,38.27734756469727,-122.0461883544922,4
2019,2019-07-01,1755,7,2,17,1,N,A,Y,A,H,A,D,22,E,03,C,,,,,C,N,N,D,1,0,0,0,22350.0,3,38.2083740234375,-122.18592071533205,4
2019,2019-07-01,1818,7,2,18,1,N,A,Y,A,H,A,A,07,E,03,C,,,,,C,Y,N,D,1,0,0,0,22350.0,2,38.26539993286133,-122.05629730224608,3
2019,2019-07-02,1400,7,2,14,2,N,A,Y,A,H,A,A,01,E,03,C,,,,,C,Y,N,D,1,0,0,0,22350.0,2,38.33833694458008,-122.01524353027344,4
2019,2019-07-02,2100,7,2,21,2,N,A,Y,A,H,D,A,01,W,08,E,,,,,I,Y,N,D,1,0,0,0,22107.0,1,38.285202026367195,-122.0395050048828,4
2019,2019-07-02,655,7,2,6,2,N,A,Y,A,H,A,A,01,N,03,C,,,,,C,Y,N,D,1,0,0,0,22350.0,2,38.124465942382805,-122.10692596435548,4
2019,2019-07-01,1850,7,2,18,1,N,A,Y,A,H,A,A,01,W,03,C,,,,,C,Y,N,D,1,0,0,0,22350.0,2,38.20765686035156,-122.16319274902344,4
2018,2018-11-20,1635,11,3,16,2,N,B,N,A,H,A,A,01,S,08,A,,,,,C,Y,N,D,2,0,0,0,22107.0,2,38.31201934814453,-122.03362274169922,1
2019,2019-06-28,343,6,2,3,5,N,A,Y,A,H,D,A,01,S,03,C,,,,,C,Y,N,D,1,0,0,0,22350.0,2,38.39122772216797,-121.95060729980467,3
2019,2019-07-03,1535,7,2,15,3,N,A,Y,A,H,A,A,01,W,03,C,,,,,C,Y,N,D,2,0,0,0,22350.0,2,38.51551055908203,-121.7746353149414,3
2019,2019-07-03,1500,7,2,15,3,N,A,Y,A,H,A,A,07,W,03,C,,,,,C,N,N,D,1,0,0,0,22350.0,2,38.26630401611328,-122.05553436279295,4
2019,2019-07-04,948,7,2,9,4,N,A,Y,A,H,A,A,01,S,08,F,,,,,I,Y,N,D,1,0,0,0,22107.0,1,38.06784057617188,-122.12834930419922,3
2019,2019-06-28,1638,6,2,16,5,N,A,Y,A,H,A,A,07,S,03,C,,,,,C,Y,N,D,1,0,0,0,22350.0,3,38.14793395996094,-122.1108627319336,3
2019,2019-07-06,1840,7,2,18,6,N,A,N,A,H,A,A,01,E,01,A,,,,,C,Y,F,D,2,0,0,0,23152.0,2,38.51695251464844,-121.96840667724608,3
2019,2019-06-30,325,6,2,3,7,N,A,Y,A,H,D,A,01,W,08,E,,,,,I,Y,N,D,1,0,0,0,22107.0,1,38.48362350463867,-121.81047058105467,2
2019,2019-07-04,1955,7,2,19,4,N,A,Y,A,H,A,A,01,W,01,E,,,,,I,Y,N,D,1,0,0,0,23152.0,1,38.39908218383789,-121.91968536376952,2
2019,2019-06-28,615,6,2,6,5,N,A,Y,A,H,A,D,22,W,03,C,,,,,C,N,N,D,1,0,0,0,22350.0,2,38.124378204345696,-122.27114105224608,4
2019,2019-07-06,2240,7,2,22,6,Y,A,Y,A,H,C,A,07,,09,D,,,,,C,Y,N,A,4,0,0,0,21802.0,2,38.20769119262695,-122.15667724609376,3
2019,2019-07-01,513,7,2,5,1,N,A,Y,A,H,A,-,99,W,03,C,,,,,C,Y,M,D,1,0,0,0,22350.0,2,38.2403450012207,-122.09165954589844,4
2019,2019-07-03,1130,7,2,11,3,N,A,Y,A,H,A,D,22,E,07,B,,,,,C,N,N,D,1,0,0,0,21658.0,2,38.32561874389648,-122.0235595703125,4
2019,2019-07-07,1450,7,2,14,7,N,A,Y,A,H,A,A,07,N,03,C,,,,,C,Y,N,D,1,0,0,0,22350.0,2,38.377174377441406,-121.9539031982422,3
2019,2019-07-07,2020,7,2,20,7,N,A,Y,A,H,B,C,02,W,03,C,,,Y,,C,N,N,D,1,0,0,1,22350.0,2,38.37936019897461,-121.94602966308594,2
2019,2019-07-07,2146,7,2,21,7,N,A,Y,A,H,C,A,01,W,03,C,,,,,C,N,M,D,1,0,0,0,22350.0,2,38.06888198852539,-122.22653198242188,4
2019,2019-07-08,1150,7,2,11,1,N,A,Y,A,H,A,E,22,E,03,C,,,,,C,Y,N,D,1,0,0,0,22350.0,5,38.354942321777344,-121.97772216796876,4
2019,2019-07-09,1325,7,2,13,2,N,A,Y,A,H,A,A,01,E,01,B,,,,,C,Y,N,D,1,0,0,0,23152.0,3,38.29584884643555,-122.03390502929688,4
2019,2019-07-07,2145,7,2,21,7,N,A,Y,A,H,C,A,01,E,08,E,,,,,I,Y,N,D,1,0,0,0,22107.0,1,38.094688415527344,-122.2301025390625,3
2019,2019-07-08,1420,7,2,14,1,N,A,Y,A,H,A,A,01,W,07,E,,,Y,,I,Y,F,D,1,0,0,1,21658.0,2,,,3
2019,2019-07-08,22,7,2,0,1,N,A,N,A,H,C,A,01,S,07,C,,,,,C,Y,N,D,3,0,0,0,21658.0,2,38.13048553466797,-122.21077728271484,4
2019,2019-07-09,2250,7,2,22,2,N,A,Y,A,D,D,-,99,E,07,B,,,,,C,N,M,A,1,0,0,0,21658.0,2,38.52864837646485,-121.75698852539062,4
2019,2019-07-10,1730,7,2,17,3,N,A,Y,A,H,A,C,02,E,03,B,,,Y,,C,Y,N,D,1,0,0,1,22350.0,2,38.25851440429688,-122.06211853027344,3
2019,2019-07-12,1639,7,2,16,5,N,A,Y,A,H,A,A,07,E,03,C,,,,,C,N,N,D,1,0,0,0,22350.0,2,38.228862762451165,-122.11820220947266,4
2019,2019-07-12,1455,7,2,14,5,Y,A,N,A,H,A,A,01,,12,D,,,,,C,Y,N,A,1,0,0,0,22450.0,2,38.40242004394531,-121.89666748046876,3
2019,2019-07-14,2005,7,2,20,7,N,A,Y,A,H,A,C,02,E,08,E,,,Y,,I,N,N,D,1,0,0,1,22107.0,1,38.3265495300293,-122.02377319335938,3
2020,2020-04-30,1134,4,1,11,4,N,A,N,A,H,A,A,01,N,08,E,,,,,I,Y,N,D,1,0,0,0,22107.0,1,38.32000732421875,-121.93740081787108,3
2019,2019-07-13,1440,7,2,14,6,N,A,Y,A,H,A,A,01,W,07,B,,,Y,,C,Y,N,D,1,0,0,1,21658.0,2,38.36855697631836,-121.95941162109376,2
2019,2019-07-11,715,7,2,7,4,N,A,Y,A,C,A,G,27,W,07,B,,,,Y,C,Y,N,D,2,0,0,0,21658.0,4,38.24741363525391,-122.07476806640624,4
2019,2019-07-12,638,7,2,6,5,N,A,Y,A,H,A,D,22,W,03,C,,,,,C,Y,N,D,3,0,0,0,22350.0,4,38.24237823486328,-122.08705139160156,4
2019,2019-07-08,610,7,2,6,1,N,B,Y,A,H,A,D,22,E,07,B,,,Y,,C,Y,N,D,1,0,0,1,21658.0,2,38.0968017578125,-122.22992706298828,2
2019,2019-07-17,1358,7,2,13,3,N,A,Y,A,H,A,D,22,E,08,E,,,,,I,Y,N,D,1,0,0,0,22107.0,1,38.28118133544922,-122.04328155517578,3
2019,2019-07-12,6,7,2,0,5,N,A,Y,A,H,C,D,22,W,01,F,,,,,A,Y,N,D,2,0,0,0,23152.0,1,38.2675895690918,-122.054443359375,2
2019,2019-07-12,7,7,2,0,5,N,A,Y,A,H,C,-,- ,W,18,D,,,,,C,Y,N,D,4,0,0,0,,2,38.26761245727539,-122.0544204711914,2
2019,2019-07-16,605,7,2,6,2,Y,A,Y,A,H,A,A,01,,08,B,,,,,C,Y,N,A,1,0,0,0,22101.0,2,38.20439147949219,-121.87350463867188,4
2019,2019-04-10,200,4,1,2,3,N,A,Y,A,H,C,A,07,E,03,F,,,,,A,Y,N,D,3,0,0,0,22350.0,1,38.258399963378906,-122.06253814697266,2
2020,2020-05-01,1243,5,1,12,5,N,A,N,A,H,A,A,01,N,01,C,,,,,E,Y,N,D,2,0,0,0,23153.0,4,38.36124038696289,-121.98108673095705,2
2019,2019-07-11,1138,7,2,11,4,N,A,Y,A,H,A,-,31,E,03,C,,,,,C,Y,N,D,1,0,0,0,22350.0,2,38.10137939453125,-122.22986602783205,4
2020,2020-05-05,1942,5,1,19,2,N,A,N,A,H,B,A,01,E,08,C,,,,,C,Y,N,D,1,0,0,0,22107.0,4,38.335494995117195,-121.97979736328124,3
2019,2019-07-14,655,7,2,6,7,N,A,Y,A,D,A,A,08,W,03,C,,,,,C,Y,N,D,1,0,0,0,22350.0,2,38.227046966552734,-122.12203216552734,2
2019,2019-07-18,600,7,2,6,4,N,A,Y,A,H,B,D,22,E,08,E,,,,,I,Y,N,D,1,0,0,0,22107.0,1,38.17176818847656,-122.1969757080078,3
2020,2020-05-04,1409,5,1,14,1,N,A,N,A,H,A,A,01,N,03,C,,,,,C,Y,N,A,2,0,0,0,22350.0,2,38.342819213867195,-121.99474334716795,3
2020,2020-05-13,2004,5,1,20,3,N,A,N,A,H,-,A,08,S,01,E,,,,,I,Y,N,D,1,0,0,0,23152.0,1,38.414772033691406,-121.95428466796876,3
2020,2020-05-21,1812,5,1,18,4,N,A,N,A,H,A,A,01,E,01,E,,,,,I,Y,N,D,1,0,0,0,23152.0,1,38.33683776855469,-121.93505096435548,3
2020,2020-05-22,1055,5,1,10,5,N,A,N,A,H,A,A,01,S,03,C,,,,,C,Y,N,A,3,0,0,0,22350.0,3,38.36175155639648,-121.96954345703124,4
2020,2020-05-06,1951,5,1,19,3,N,A,N,A,H,B,-,- ,W,00,C,,,,,C,Y,N,D,4,0,0,0,,2,38.25823211669922,-122.03231811523438,4
2019,2019-07-18,1355,7,2,13,4,N,A,Y,A,H,A,A,01,E,03,B,,,,,C,Y,N,D,3,0,0,0,22350.0,3,38.522499084472656,-121.76712036132812,3
2020,2020-05-18,1746,5,1,17,1,Y,B,N,A,H,A,C,02,,03,F,,,Y,,I,Y,N,A,1,0,0,1,22350.0,1,38.258209228515625,-122.02497863769533,4
2019,2019-07-16,1554,7,2,15,2,N,A,Y,A,H,A,A,01,S,05,B,,,,,C,Y,N,D,1,0,0,0,21460.0,2,38.21174240112305,-121.80593872070312,4
2019,2019-07-19,1055,7,2,10,5,N,A,Y,A,A,A,-,- ,E,18,F,,,Y,,A,Y,N,D,1,0,0,1,,1,38.225780487060554,-122.12374114990234,3
2019,2019-07-20,1615,7,2,16,6,N,A,Y,A,H,A,A,01,E,08,B,,,,,C,Y,N,D,2,0,0,0,22107.0,2,38.34746551513672,-121.99393463134766,2
2019,2019-07-21,900,7,2,9,7,N,A,Y,A,H,A,A,07,W,03,C,,,,,C,Y,N,D,1,0,0,0,22350.0,2,38.23486709594727,-122.10366058349608,4
2019,2019-07-16,400,7,2,4,2,N,A,N,A,H,D,A,01,S,08,E,,,,,I,Y,N,D,1,0,0,0,22107.0,1,38.1145133972168,-122.1073989868164,4
2019,2019-07-17,829,7,2,8,3,N,A,Y,A,H,A,A,01,W,03,C,,,,,C,Y,N,D,1,0,0,0,22350.0,2,38.36227798461913,-121.96833801269533,4
2019,2019-07-20,2325,7,2,23,6,N,A,Y,A,H,C,C,02,W,03,F,,,Y,,A,Y,N,D,1,0,0,1,22350.0,1,38.08889389038086,-122.23162078857422,3
2019,2019-07-20,834,7,2,8,6,N,A,Y,A,H,A,A,01,E,03,C,,,,,C,Y,N,D,3,0,0,0,22350.0,2,38.49025344848633,-121.80211639404295,3
2019,2019-07-22,1500,7,2,15,1,N,A,Y,A,H,A,A,01,W,07,B,,,Y,,C,Y,N,D,1,0,0,1,21658.0,2,38.10021209716797,-122.2296905517578,3
2020,2020-04-27,2132,4,1,21,1,N,A,Y,A,H,C,A,01,S,09,D,,,Y,,C,Y,N,D,2,0,0,2,21804.0,2,38.11439514160156,-122.25453186035156,4
2019,2019-07-20,1545,7,2,15,6,N,A,Y,A,H,A,A,01,E,08,B,,,Y,,C,N,M,D,1,0,0,1,22107.0,2,38.43018341064453,-121.87890625,3
2019,2019-07-20,1637,7,2,16,6,N,A,Y,A,H,A,A,01,W,03,C,,,,,C,Y,N,D,3,0,0,0,22350.0,3,38.33226776123047,-122.01966094970705,3
2019,2019-07-22,1210,7,2,12,1,N,A,Y,A,H,A,A,08,S,07,C,,,,,C,Y,N,D,1,0,0,0,21658.0,2,38.10958862304688,-122.104736328125,4
2019,2019-07-24,1025,7,2,10,3,N,A,Y,A,H,A,F,27,E,04,C,,,,Y,C,N,N,D,3,0,0,0,21703.0,2,38.13347244262695,-122.34117126464844,3
2019,2019-07-25,1020,7,2,10,4,N,A,Y,A,H,A,A,01,E,03,C,,,,,C,N,N,D,1,0,0,0,22350.0,2,38.514102935791016,-121.7765655517578,4
2019,2019-07-17,918,7,2,9,3,N,A,Y,A,D,A,F,76,W,08,A,,,,Y,C,Y,N,A,2,0,0,0,22107.0,2,38.38254928588867,-121.94097900390624,3
2019,2019-07-10,1155,7,2,11,3,N,A,Y,A,H,A,A,01,E,08,E,,,,,I,Y,N,D,2,0,0,0,22107.0,1,38.1314697265625,-122.26296997070312,3
2019,2019-07-23,1405,7,2,14,2,N,A,N,A,H,A,A,01,W,09,D,,,,,C,Y,N,D,2,0,0,0,21801.0,2,38.491744995117195,-121.7996826171875,3
2019,2019-07-27,1955,7,2,19,6,N,A,Y,A,H,A,A,01,E,08,D,,,,,C,Y,N,D,5,0,0,0,22107.0,2,38.3629035949707,-121.96685791015624,4
2019,2019-07-29,1419,7,2,14,1,N,A,Y,A,H,A,A,01,E,03,C,,,,,C,Y,N,D,1,0,0,0,22350.0,2,38.28142166137695,-122.042724609375,4
2019,2019-07-26,1920,7,2,19,5,N,A,Y,A,H,A,A,01,W,03,C,,,,,C,Y,N,D,1,0,0,0,22350.0,2,38.22004699707031,-122.13327026367188,4
2019,2019-07-28,1535,7,2,15,7,N,A,Y,A,H,A,A,07,E,03,C,,,,,C,N,N,D,2,0,0,0,22350.0,2,,,4
2019,2019-07-28,1148,7,2,11,7,N,A,Y,A,H,A,A,01,W,08,E,,,,,I,Y,N,D,1,0,0,0,22107.0,1,38.21540069580078,-122.13849639892578,4
2019,2019-07-26,1540,7,2,15,5,N,A,Y,A,H,A,A,07,W,03,C,,,,,C,Y,N,D,2,0,0,0,22350.0,3,38.24004364013672,-122.07321166992188,3
2019,2019-07-20,821,7,2,8,6,N,A,Y,A,D,A,A,07,W,03,C,,,,,C,Y,N,D,3,0,0,0,22350.0,3,38.318790435791016,-122.02940368652344,4
2019,2019-07-27,935,7,2,9,6,N,A,Y,A,H,A,A,01,W,03,C,,,,,C,N,N,D,3,0,0,0,22350.0,3,38.10013961791992,-122.2296905517578,4
2019,2019-11-01,1755,11,3,17,5,Y,A,Y,A,H,B,A,01,,01,B,,,,,C,N,F,A,3,0,0,0,23152.0,4,38.11000061035156,-122.2547607421875,4
2019,2019-10-07,700,10,3,7,1,N,A,N,A,H,A,N,60,E,11,G,Y,,,,B,N,F,A,1,1,0,0,21954.0,2,,,4
2020,2020-01-13,1005,1,4,10,1,Y,A,N,A,H,A,A,01,,12,D,,,,,C,Y,N,A,3,0,0,0,21453.0,2,38.09490966796875,-122.23098754882812,4
2019,2019-07-31,1403,7,2,14,3,N,A,Y,A,H,A,A,01,S,08,E,,,,,J,Y,N,D,1,0,0,0,22107.0,1,38.414897918701165,-121.94503784179688,3
2019,2019-07-23,742,7,2,7,2,N,A,Y,A,H,A,-,- ,W,18,E,,,,,I,Y,N,D,1,0,0,0,,1,38.35139846801758,-121.98394012451172,4
2019,2019-08-01,1519,8,2,15,4,N,A,Y,A,H,A,A,01,E,03,C,,,,,C,Y,N,D,1,0,0,0,22350.0,2,38.15554428100586,-122.40516662597656,3
2019,2019-08-02,1435,8,2,14,5,N,A,Y,A,H,A,D,22,W,08,E,,,,,I,N,N,D,1,0,0,0,22107.0,1,38.22013854980469,-122.1326904296875,4
2019,2019-07-26,1510,7,2,15,5,N,A,Y,A,H,A,C,02,W,06,C,,,Y,,E,Y,N,D,1,0,0,1,21755.0,2,38.20767974853516,-122.16731262207033,2
2019,2019-08-02,1820,8,2,18,5,N,A,Y,A,H,A,A,01,W,03,C,,,,Y,C,Y,N,D,1,0,0,0,22350.0,3,38.185848236083984,-122.17986297607422,3
2019,2019-08-02,1450,8,2,14,5,Y,A,N,A,H,A,A,01,,09,D,,,,,C,Y,N,A,2,0,0,0,21802.0,2,38.35863876342773,-121.84147644042967,3
2019,2019-08-02,1605,8,2,16,5,N,A,Y,A,H,A,D,22,E,08,E,,,,,I,Y,N,D,1,0,0,0,22107.0,1,38.17748260498047,-122.19035339355467,3
2019,2019-08-04,2300,8,2,23,7,N,A,N,A,H,C,A,07,N,01,F,,,,,A,Y,N,D,1,0,0,0,23152.0,1,38.28520965576172,-121.80536651611328,3
2019,2019-08-04,1225,8,2,12,7,N,A,Y,A,H,A,A,07,E,07,B,,,,,C,Y,N,D,1,0,0,0,21658.0,2,38.461528778076165,-121.8383560180664,4
2019,2019-07-30,1035,7,2,10,2,N,A,Y,A,H,A,A,01,W,03,C,,,,,C,N,N,D,1,0,0,0,22350.0,2,38.06264114379882,-122.225341796875,3
2020,2020-02-27,1438,2,4,14,4,N,A,N,A,H,A,A,01,E,08,B,,,,,E,Y,F,D,1,0,0,0,22107.0,2,38.097503662109375,-122.23334503173828,4
2019,2019-08-02,1040,8,2,10,5,N,A,Y,A,H,A,A,01,S,08,B,,,,,C,Y,N,D,1,0,0,0,22107.0,2,38.214599609375,-122.1379623413086,4
2019,2019-08-05,1540,8,2,15,1,N,A,Y,A,H,A,D,22,W,07,C,,,,,C,Y,N,D,2,0,0,0,21658.0,2,38.521217346191406,-121.7685089111328,2
2019,2019-08-05,35,8,2,0,1,N,A,Y,A,H,D,A,01,W,01,B,,,,,C,Y,N,D,1,0,0,0,23152.0,2,38.38447952270508,-121.93888854980467,4
2019,2019-07-30,900,7,2,9,2,N,B,Y,A,H,A,A,01,N,08,A,,,,,C,Y,N,A,1,0,0,0,22107.0,2,38.14017105102539,-122.25596618652344,3
2019,2019-08-07,2130,8,2,21,3,N,A,Y,A,H,D,C,02,W,03,C,,,Y,,C,Y,N,D,1,0,0,1,22350.0,2,38.06341171264648,-122.22541046142578,3
2019,2019-06-02,256,6,2,2,7,N,A,Y,A,H,D,J,48,E,07,B,,,,,C,Y,N,D,1,0,0,0,21658.0,2,38.22348785400391,-122.1282196044922,3
2019,2019-08-07,2325,8,2,23,3,N,A,N,A,H,C,-,- ,S,18,H,,,Y,,H,N,N,D,1,0,0,1,,1,38.38800048828125,-122.0044174194336,3
2019,2019-08-07,2130,8,2,21,3,N,A,N,A,H,D,D,22,W,08,E,,,,,I,Y,N,D,1,0,0,0,22107.0,1,38.40245056152344,-121.91287994384766,4
2019,2019-08-08,1643,8,2,16,4,N,A,Y,A,H,A,A,08,E,03,C,,,,,C,Y,N,D,3,0,0,0,22350.0,4,38.52301788330078,-121.76656341552734,3
2019,2019-08-08,1800,8,2,18,4,N,A,Y,A,H,A,A,08,W,03,C,,,,,C,Y,M,D,1,0,0,0,22350.0,2,,,4
2019,2019-08-09,2130,8,2,21,5,N,A,Y,A,H,C,A,01,W,01,C,,,,,C,Y,N,D,1,0,0,0,23152.0,2,38.15746307373047,-122.21288299560548,2
2019,2019-08-09,1435,8,2,14,5,N,A,N,A,H,A,A,07,E,01,E,,,,,I,Y,N,D,1,0,0,0,23152.0,1,38.41706848144531,-121.9529037475586,3
2019,2019-08-09,1400,8,2,14,5,N,A,N,A,H,A,A,01,E,03,C,,,,,C,Y,N,D,1,0,0,0,22350.0,4,38.496429443359375,-121.79462432861328,4
2019,2019-08-10,1540,8,2,15,6,N,A,Y,A,H,A,A,07,E,07,B,,,Y,,C,Y,N,D,1,0,0,1,21658.0,4,38.3377799987793,-122.01572418212892,2
2019,2019-08-10,1250,8,2,12,6,N,A,Y,A,H,A,A,07,W,08,F,,,,,A,Y,N,D,1,0,0,0,22107.0,1,38.35796737670898,-121.97449493408205,4
2019,2019-08-10,1855,8,2,18,6,N,A,Y,A,H,A,A,01,W,03,C,,,,,C,Y,N,D,1,0,0,0,22350.0,2,38.06368255615234,-122.22544097900392,3
2019,2019-08-12,1140,8,2,11,1,N,A,Y,A,H,A,A,01,W,03,C,,,,,C,Y,N,D,1,0,0,0,22350.0,4,38.3193473815918,-122.02890014648438,4
2019,2019-08-09,244,8,2,2,5,N,A,Y,A,H,D,A,01,W,07,B,,,,,C,Y,N,D,1,0,0,0,21658.0,2,38.16928863525391,-122.20053100585938,3
2019,2019-08-11,2230,8,2,22,7,N,A,N,A,H,C,A,01,N,01,E,,,,,I,Y,F,D,1,0,0,0,23152.0,1,38.31552505493164,-121.91542053222656,2
2018,2018-12-28,2,12,4,0,5,N,A,Y,A,H,D,N,60,W,11,G,Y,,,,B,Y,N,D,0,0,0,0,21956.0,2,38.23863220214844,-122.09441375732422,1
2019,2019-01-19,2012,1,4,20,6,N,A,Y,A,H,D,A,01,E,08,B,,,,,C,Y,N,D,2,0,0,0,22107.0,3,38.180709838867195,-122.1868133544922,1
2019,2019-02-13,650,2,4,6,3,N,C,Y,B,H,D,N,60,E,11,G,Y,,,Y,B,Y,N,D,0,0,0,0,21954.0,2,38.34856796264648,-121.99117279052734,1
2020,2020-05-25,1156,5,1,11,1,Y,A,N,A,H,A,A,01,,09,D,,,,,C,Y,N,A,2,0,0,0,21802.0,2,38.35752868652344,-121.99211883544922,3
2019,2019-08-08,1515,8,2,15,4,N,A,Y,A,H,A,C,02,W,03,E,,,Y,,J,Y,N,D,1,0,0,1,22350.0,1,38.25389862060546,-122.06649780273438,2
2019,2019-08-10,1750,8,2,17,6,N,A,Y,A,H,A,A,01,W,07,D,,,,,C,Y,N,D,2,0,0,0,21658.0,2,38.0683822631836,-122.22625732421876,4
2019,2019-08-10,1808,8,2,18,6,N,A,Y,A,H,A,A,01,E,07,B,,,Y,,C,N,N,D,1,0,0,1,21658.0,2,38.243690490722656,-122.08405303955078,3
2019,2019-08-10,1045,8,2,10,6,N,A,N,A,H,A,A,07,W,08,F,,,,,A,Y,N,D,2,0,0,0,22107.0,1,38.22599792480469,-122.10387420654295,3
2019,2019-08-11,2035,8,2,20,7,N,A,Y,A,H,C,A,01,E,03,C,,,,,C,Y,N,D,1,0,0,0,22350.0,2,,,4
2019,2019-08-08,910,8,2,9,4,N,A,Y,A,D,A,A,07,W,03,C,,,,,C,N,N,D,1,0,0,0,22350.0,2,,,4
2019,2019-08-13,725,8,2,7,2,N,A,Y,A,H,A,C,02,W,08,B,,,Y,,C,Y,M,D,1,0,0,1,22107.0,5,38.20656967163086,-122.17494964599608,3
2019,2019-08-13,1435,8,2,14,2,N,A,Y,A,H,A,D,22,E,03,E,,,,,I,Y,N,D,2,0,0,0,22350.0,1,38.183536529541016,-121.79569244384766,2
2019,2019-08-13,730,8,2,7,2,N,A,Y,A,H,A,A,01,E,03,E,,,,,I,Y,N,D,1,0,0,0,22350.0,2,38.24503707885742,-122.08095550537108,4
2019,2019-08-13,825,8,2,8,2,N,A,Y,A,H,A,A,07,E,03,C,,,,,C,Y,N,D,1,0,0,0,22350.0,3,38.11885452270508,-122.28451538085938,4
2019,2019-08-13,255,8,2,2,2,N,A,Y,A,H,C,A,01,W,08,F,,,,,A,Y,N,D,1,0,0,0,22107.0,1,38.25499725341797,-122.06507873535156,3
2019,2019-08-14,1315,8,2,13,3,N,A,Y,A,H,A,A,01,E,03,C,,,,,C,Y,N,D,1,0,0,0,22350.0,2,38.230144500732415,-122.11524963378906,3
2019,2019-08-10,305,8,2,3,6,N,A,Y,A,H,D,A,07,E,01,B,,,,,C,Y,N,D,1,0,0,0,23152.0,2,38.301921844482415,-122.03376007080078,4
2020,2020-05-26,845,5,1,8,2,Y,A,N,A,H,A,-,- ,,00,D,,,,,C,Y,N,D,1,0,0,0,,2,38.27259826660156,-122.00657653808594,4
2019,2019-08-15,1445,8,2,14,4,N,A,Y,A,H,A,A,01,E,03,C,,,,,C,N,N,A,3,0,0,0,22350.0,2,38.141460418701165,-122.23276519775392,4
2020,2020-05-24,1141,5,1,11,7,N,A,N,A,H,A,A,01,W,09,D,,,,,C,Y,N,D,3,0,0,0,21800.0,2,38.2663688659668,-122.05862426757812,2
2019,2019-08-16,1505,8,2,15,5,N,A,N,A,H,A,A,07,N,01,E,,,,,I,Y,N,D,1,0,0,0,23152.0,1,38.502826690673835,-121.75949096679688,4
2020,2020-05-25,1216,5,1,12,1,N,A,N,A,H,A,-,- ,S,18,H,,,Y,,A,N,N,D,1,0,0,1,,1,38.3510971069336,-121.96035766601562,3
2019,2019-08-16,645,8,2,6,5,N,A,Y,A,H,A,A,01,W,07,B,,,,,C,Y,N,D,1,0,0,0,21658.0,3,38.521759033203125,-121.76792144775392,2
2020,2020-05-26,1345,5,1,13,2,N,A,N,-,H,A,C,02,N,03,F,,,Y,,A,Y,N,A,1,0,0,1,22350.0,1,38.39649200439453,-121.96017456054688,3
2020,2020-05-31,946,5,1,9,7,N,A,N,A,H,A,A,07,N,08,B,,,,,C,Y,M,D,1,0,0,0,22107.0,2,38.33614349365234,-121.98604583740234,4
2020,2020-05-29,1849,5,1,18,5,Y,A,N,A,H,A,A,01,,03,C,,,,,C,N,N,A,2,0,0,0,22350.0,2,38.34627151489258,-121.95321655273438,4
2019,2019-08-16,1150,8,2,11,5,N,A,N,A,H,A,D,22,N,08,E,,,,,I,Y,N,D,1,0,0,0,22107.0,1,38.49530792236328,-121.95206451416016,4
2019,2019-08-16,1155,8,2,11,5,N,A,Y,A,H,A,D,22,W,03,C,,,,,C,N,N,D,1,0,0,0,22350.0,2,38.082401275634766,-122.2332763671875,3
2019,2019-08-18,1355,8,2,13,7,N,A,Y,A,H,A,A,01,E,03,C,,,,,D,N,N,D,1,0,0,0,22350.0,2,38.0855598449707,-122.23274993896484,4
2019,2019-08-19,1715,8,2,17,1,N,A,Y,A,H,A,A,07,W,03,C,,,,,C,N,N,D,1,0,0,0,22350.0,2,38.07912063598633,-122.23291015625,4
2019,2019-08-19,1545,8,2,15,1,N,A,Y,A,H,A,A,01,W,07,B,,,,,C,Y,N,D,1,0,0,0,21658.0,3,38.2119255065918,-122.14451599121094,4