ACCIDENT_YEAR,COLLISION_DATE,COLLISION_TIME,MONTH,SEASON,24HOURS,DAY_OF_WEEK,INTERSECTION,WEATHER_1,STATE_HWY_IND,ROAD_SURFACE,ROAD_COND_1,LIGHTING,STWD_VEHTYPE_AT_FAULT,CHP_VEHTYPE_AT_FAULT,DIRECTION,PCF_VIOL_CATEGORY,TYPE_OF_COLLISION,PEDESTRIAN_ACCIDENT,BICYCLE_ACCIDENT,MOTORCYCLE_ACCIDENT,TRUCK_ACCIDENT,MVIW,TOW_AWAY,HIT_AND_RUN,CONTROL_DEVICE,NUMBER_INJURED,COUNT_PED_INJURED,COUNT_BICYCLIST_INJURED,COUNT_MC_INJURED,PCF_VIOLATION,PARTY_COUNT,POINT_Y,POINT_X,COLLISION_SEVERITY
2020,2020-06-13,1749,6,2,17,6,N,A,N,A,H,A,D,22,W,03,C,,,,,C,,N,A,1,0,0,0,22350.0,2,38.27140808105469,-121.98828887939452,4
2020,2020-06-13,2130,6,2,21,6,Y,A,N,A,H,C,-,- ,,08,D,,,,Y,C,Y,F,A,1,0,0,0,22107.0,2,38.26533889770508,-122.01986694335938,3
2020,2020-06-06,1222,6,2,12,6,N,A,N,A,H,A,A,01,E,09,A,,,,,C,Y,N,D,1,0,0,0,21804.0,2,38.13826370239258,-122.25540161132812,4
2020,2020-06-11,938,6,2,9,4,N,-,N,A,H,A,D,22,N,05,A,,,,,C,Y,N,D,2,0,0,0,21650.0,2,38.264263153076165,-122.0452117919922,3
2020,2020-06-02,855,6,2,8,2,N,A,N,A,H,A,D,22,E,04,C,,,,,C,,N,D,2,0,0,0,21703.0,2,38.293434143066406,-122.0315170288086,4
2020,2020-06-03,1927,6,2,19,3,Y,A,N,A,H,A,D,22,,09,D,,Y,,,G,,N,A,1,0,1,0,21453.0,2,38.2598991394043,-122.06965637207033,3
2020,2020-06-06,1940,6,2,19,6,Y,A,N,A,H,B,G,25,,08,B,,,,Y,C,,N,A,1,0,0,0,22107.0,2,38.27252960205078,-121.96968841552734,4
2020,2020-04-19,1851,4,1,18,7,N,A,N,A,H,A,C,02,S,08,D,,,Y,,E,,N,D,1,0,0,1,22107.0,2,38.24308013916016,-122.05673980712892,3
2020,2020-06-05,1155,6,2,11,5,N,A,N,A,H,A,A,07,N,03,C,,,,,C,Y,N,A,1,0,0,0,22350.0,2,38.27661895751953,-121.96969604492188,4
2020,2020-06-01,1008,6,2,10,1,N,A,N,A,H,A,D,22,E,05,B,,,,,C,,N,D,1,0,0,0,21650.0,2,38.251461029052734,-122.04025268554688,3
2019,2019-12-04,1745,12,4,17,3,N,B,Y,A,H,C,G,25,W,07,B,,,,Y,C,Y,N,D,2,0,0,0,21658.0,3,38.0664176940918,-122.22566223144533,4
2019,2019-12-05,2225,12,4,22,4,N,A,Y,A,H,D,A,07,W,03,C,,,,,C,Y,N,D,1,0,0,0,22350.0,3,38.117923736572266,-122.23013305664062,4
2019,2019-12-12,710,12,4,7,4,N,B,N,B,H,A,A,01,S,08,E,,,,,I,Y,N,D,1,0,0,0,22107.0,1,38.11480331420898,-122.10755920410156,3
2020,2020-06-13,1532,6,2,15,6,Y,A,N,A,H,A,D,22,,12,D,,,,,C,,N,A,1,0,0,0,21453.0,2,38.2492790222168,-122.06623077392578,4
2020,2020-06-15,1201,6,2,12,1,N,A,N,A,H,A,A,07,E,04,C,,,,,C,Y,N,D,4,0,0,0,21703.0,3,38.25093460083008,-122.06947326660156,4
2020,2020-06-07,1429,6,2,14,7,N,A,N,A,H,A,A,01,W,07,E,,,,,I,,N,D,2,0,0,0,21658.0,1,38.2579345703125,-122.05714416503906,3
2020,2020-06-06,1240,6,2,12,6,N,A,N,A,H,A,C,02,N,06,B,,,Y,,C,Y,N,D,2,0,0,2,21750.0,2,38.289207458496094,-121.96954345703124,3
2020,2020-06-07,1546,6,2,15,7,Y,A,N,A,H,A,C,02,,03,E,,,Y,,I,,N,D,1,0,0,1,22350.0,1,38.222671508789055,-122.15297698974608,3
2020,2020-06-11,906,6,2,9,4,Y,A,N,A,H,A,A,07,,12,D,,,,,C,Y,N,A,2,0,0,0,21453.0,2,38.29365921020508,-122.03183746337892,4
2020,2020-06-11,1150,6,2,11,4,Y,A,N,A,H,A,A,01,,08,B,,,,,C,,F,A,1,0,0,0,22107.0,2,38.276309967041016,-122.03408050537108,4
2020,2020-06-03,1557,6,2,15,3,N,A,Y,A,H,A,A,01,N,04,C,,,,,C,,N,D,1,0,0,0,21703.0,2,38.241302490234375,-122.0505828857422,4
2020,2020-06-03,2040,6,2,20,3,N,A,Y,A,H,A,L,04,N,03,D,,Y,,,G,,N,A,1,0,1,0,22350.0,2,38.24810028076172,-122.0724868774414,3
2019,2019-12-03,1730,12,4,17,2,N,B,Y,B,H,D,D,22,E,07,B,,,,,C,Y,N,D,2,0,0,0,21658.0,3,38.356082916259766,-121.97650909423828,3
2019,2019-12-04,1840,12,4,18,3,N,B,N,B,H,D,D,22,E,01,E,,,,,I,Y,N,D,1,0,0,0,23152.0,1,38.317832946777344,-122.03045654296876,4
2019,2019-07-03,226,7,2,2,3,N,A,Y,A,H,D,N,60,N,11,G,Y,,,,B,N,N,D,0,0,0,0,21954.0,2,38.13629913330078,-122.11024475097656,1
2019,2019-12-16,1650,12,4,16,1,N,A,Y,A,H,B,A,01,W,03,C,,,,,C,N,N,D,3,0,0,0,22350.0,2,38.09904098510742,-122.22990417480467,4
2019,2019-12-09,643,12,4,6,1,N,B,Y,A,H,B,A,01,E,03,C,,,,,C,Y,N,D,4,0,0,0,22350.0,2,38.09585189819336,-122.22994232177734,4
2019,2019-12-11,2136,12,4,21,3,N,C,Y,B,H,D,D,22,E,03,D,,,,,C,Y,N,D,3,0,0,0,22350.0,4,,,4
2019,2019-12-11,1953,12,4,19,3,N,A,Y,B,H,D,A,01,W,03,C,,,,,C,Y,M,D,2,0,0,0,22350.0,2,38.45042419433594,-121.85262298583984,4
2019,2019-12-08,50,12,4,0,7,N,C,N,B,H,D,A,01,E,08,E,,,,,I,Y,M,D,1,0,0,0,22107.0,6,38.51634216308594,-121.96876525878906,4
2019,2019-11-03,1200,11,3,12,7,N,A,Y,A,H,A,A,01,E,07,B,,,,,C,Y,F,D,2,0,0,0,21658.0,3,38.217567443847656,-122.13684844970705,4
2019,2019-12-02,1110,12,4,11,1,N,B,Y,B,H,A,D,22,W,03,D,,,,Y,C,Y,N,D,2,0,0,0,22350.0,2,38.257369995117195,-122.0634536743164,3
2019,2019-12-13,1845,12,4,18,5,N,B,Y,B,H,C,G,25,E,08,B,,,,Y,C,Y,M,D,1,0,0,0,22107.0,2,38.09416961669922,-122.23007202148438,4
2019,2019-12-13,2200,12,4,22,5,N,A,Y,A,H,C,A,01,W,03,C,,,,,C,N,N,D,2,0,0,0,22350.0,3,38.06529998779297,-122.2255859375,3
2019,2019-12-13,815,12,4,8,5,N,B,Y,B,H,A,A,01,W,03,E,,,,,I,Y,N,A,1,0,0,0,22350.0,1,38.10504531860352,-122.22962188720705,4
2019,2019-12-15,405,12,4,4,7,N,A,Y,A,H,D,A,01,N,08,D,,,,,C,Y,N,D,1,0,0,0,22107.0,2,38.133296966552734,-122.1091537475586,4
2019,2019-12-17,1715,12,4,17,2,N,A,Y,A,H,C,A,07,E,03,C,,,,,C,Y,N,A,1,0,0,0,22350.0,2,38.092449188232415,-122.23352813720705,4
2019,2019-12-17,1405,12,4,14,2,N,A,Y,A,H,A,D,22,W,08,D,,,,Y,C,Y,N,D,1,0,0,0,22107.0,2,38.0846061706543,-122.23321533203124,3
2019,2019-12-15,1835,12,4,18,7,N,B,Y,A,H,D,D,22,W,03,C,,,,,C,Y,N,D,1,0,0,0,22350.0,2,38.288387298583984,-122.03717041015624,4
2019,2019-12-13,1510,12,4,15,5,N,B,Y,B,H,B,A,01,E,07,B,,,,,C,Y,N,D,2,0,0,0,21658.0,2,38.141311645507805,-122.22650146484376,4
2019,2019-12-18,1710,12,4,17,3,N,B,Y,B,H,D,A,01,E,03,C,,,,,C,Y,N,D,4,0,0,0,22350.0,2,38.228679656982415,-122.11795043945312,4
2019,2019-12-13,2259,12,4,22,5,N,B,Y,B,H,C,G,25,W,07,B,,,,Y,C,Y,N,D,1,0,0,0,21658.0,2,38.06777572631836,-122.22596740722656,4
2019,2019-10-21,1935,10,3,19,1,N,A,Y,A,H,C,-,- ,E,00,G,Y,,,,B,N,F,D,0,0,0,0,,2,38.076438903808594,-122.18939971923828,1
2019,2019-12-19,2110,12,4,21,4,N,A,Y,A,H,D,A,01,S,03,C,,,,,C,Y,N,D,1,0,0,0,22350.0,2,38.20822143554688,-122.13774871826172,3
2019,2019-12-11,1845,12,4,18,3,N,C,Y,B,H,D,A,01,W,03,C,,,,,C,Y,N,D,1,0,0,0,22350.0,3,38.269927978515625,-122.05245971679688,4
2019,2019-12-12,1805,12,4,18,4,N,B,Y,A,H,C,A,01,W,08,E,,,,,I,Y,N,D,1,0,0,0,22107.0,1,38.265254974365234,-122.05678558349608,4
2019,2019-12-12,730,12,4,7,4,N,B,Y,B,H,A,A,07,W,04,C,,,,,C,Y,N,D,1,0,0,0,21703.0,4,38.330730438232415,-122.02064514160156,4
2019,2019-12-20,1720,12,4,17,5,N,A,Y,A,H,C,A,01,W,03,C,,,,,C,Y,N,D,4,0,0,0,22350.0,3,38.335723876953125,-122.01746368408205,4
2019,2019-12-21,2015,12,4,20,6,N,A,Y,A,H,D,A,07,W,07,F,,,,,A,Y,M,D,1,0,0,0,21658.0,2,38.25623321533203,-122.06442260742188,4
2019,2019-12-18,850,12,4,8,3,Y,A,N,A,H,A,D,22,,05,D,,,,,C,Y,N,D,1,0,0,0,21752.0,2,38.358829498291016,-121.87811279296876,3
2019,2019-12-21,1620,12,4,16,6,N,A,Y,A,H,A,D,22,W,08,B,,,,,C,Y,N,D,1,0,0,0,22107.0,2,38.13827896118164,-122.22045135498048,4
2019,2019-12-22,655,12,4,6,7,N,B,Y,B,H,B,D,22,W,03,C,,,,,C,Y,N,D,2,0,0,0,22350.0,2,38.48643493652344,-121.80696105957033,3
2019,2019-12-09,1730,12,4,17,1,N,A,Y,A,H,C,A,01,W,03,C,,,,,C,N,N,D,1,0,0,0,22350.0,3,38.10565185546875,-122.22981262207033,4
2019,2019-12-11,2142,12,4,21,3,N,C,Y,B,H,D,A,01,E,03,C,,,,,C,Y,N,D,3,0,0,0,22350.0,2,38.22669982910156,-122.12271118164062,3
2019,2019-12-19,1730,12,4,17,4,N,B,Y,A,H,D,E,22,E,03,C,,,,,C,Y,N,D,2,0,0,0,22350.0,3,38.08991241455078,-122.22422027587892,4
2019,2019-12-22,2040,12,4,20,7,N,B,Y,A,H,D,D,22,W,01,E,,,,,I,Y,N,D,1,0,0,0,23152.0,1,38.31766128540039,-122.03038787841795,2
2019,2019-12-23,1210,12,4,12,1,N,A,N,A,H,A,-,- ,N,18,G,Y,,,,B,N,N,D,1,1,0,0,,2,38.15193939208984,-122.21768188476562,4
2019,2019-12-23,1721,12,4,17,1,N,A,Y,A,H,C,D,22,E,03,C,,,,,C,Y,N,D,1,0,0,0,22350.0,3,38.14150238037109,-122.22872924804688,4
2019,2019-12-24,1719,12,4,17,2,N,B,Y,A,H,D,A,01,E,03,C,,,,,C,Y,N,D,5,0,0,0,22350.0,3,38.46725845336913,-121.83135223388672,4
2019,2019-12-21,320,12,4,3,6,N,A,Y,A,H,D,A,01,S,01,E,,,,,I,Y,N,D,1,0,0,0,23152.0,1,38.30817413330078,-121.91545867919922,3
2019,2019-12-26,1505,12,4,15,4,N,A,Y,A,H,A,A,01,W,03,C,,,,,C,Y,N,D,1,0,0,0,22350.0,2,38.50291061401367,-121.78856658935548,4
2019,2019-12-27,1730,12,4,17,5,N,B,Y,A,H,D,A,08,W,03,C,,,,,C,N,N,D,4,0,0,0,22350.0,2,38.26711654663086,-122.05484771728516,4
2019,2019-12-23,1540,12,4,15,1,N,A,Y,A,H,A,A,08,N,03,C,,,,,C,Y,N,D,1,0,0,0,22350.0,3,38.070892333984375,-122.12556457519533,4
2019,2019-12-23,2023,12,4,20,1,N,A,Y,A,H,C,A,01,E,03,C,,,,,C,Y,N,D,2,0,0,0,22350.0,3,,,4
2019,2019-12-20,730,12,4,7,5,N,B,Y,B,H,A,A,01,W,03,E,,,,,I,Y,N,D,1,0,0,0,22350.0,1,38.0916404724121,-122.22892761230467,4
2019,2019-12-30,750,12,4,7,1,N,A,Y,B,H,A,A,01,E,03,C,,,,,C,Y,N,D,2,0,0,0,22350.0,2,38.27620697021485,-122.0474853515625,4
2020,2020-02-26,1630,2,4,16,3,N,A,N,A,H,B,-,- ,S,00,G,Y,,,,B,,F,D,1,1,0,0,,2,38.2324104309082,-122.03866577148438,4
2019,2019-12-25,1928,12,4,19,3,N,A,Y,A,H,D,A,01,E,03,C,,,,,C,N,M,D,2,0,0,0,22350.0,2,38.5302734375,-121.75005340576172,4
2019,2019-12-30,1850,12,4,18,1,N,A,Y,A,H,D,C,02,W,03,C,,,Y,,C,N,N,D,1,0,0,1,22350.0,2,38.44287490844727,-121.86273193359376,4
2020,2020-01-02,1015,1,4,10,4,N,A,Y,A,H,A,A,01,W,03,C,,,,,C,Y,N,D,1,0,0,0,22350.0,3,38.06521987915039,-122.22557830810548,3
2019,2019-12-26,1715,12,4,17,4,N,A,Y,A,H,D,A,01,E,03,C,,,,,C,Y,N,D,3,0,0,0,22350.0,4,38.39144134521485,-121.9299087524414,3
2019,2019-12-28,1510,12,4,15,6,N,A,N,A,H,A,A,01,W,09,D,,,,,C,Y,N,D,1,0,0,0,21801.0,2,38.490047454833984,-121.80477905273438,4
2020,2020-06-08,1236,6,2,12,1,N,A,N,A,H,A,G,25,N,07,B,,,,Y,C,,N,D,2,0,0,0,21658.0,3,38.12458801269531,-122.24996948242188,4
2019,2019-12-26,1700,12,4,17,4,N,A,Y,A,H,B,-,99,E,03,C,,,,,C,N,M,D,1,0,0,0,22350.0,2,38.529747009277344,-121.75254058837892,4
2019,2019-12-26,1330,12,4,13,4,N,A,Y,A,H,A,C,02,E,03,F,,,Y,,A,Y,N,D,1,0,0,1,22350.0,2,38.492149353027344,-121.80001831054688,2
2019,2019-12-27,1240,12,4,12,5,N,A,Y,A,H,A,C,02,W,03,C,,,Y,,C,Y,N,D,1,0,0,1,22350.0,2,38.15550231933594,-122.40406799316406,3
2019,2019-12-29,1510,12,4,15,7,N,B,Y,A,H,A,A,01,E,08,C,,,,,C,Y,N,D,1,0,0,0,22107.0,2,38.29557037353516,-122.03390502929688,4
2019,2019-12-20,1340,12,4,13,5,N,A,N,A,H,A,C,02,E,08,F,,,Y,,A,N,N,D,1,0,0,1,22107.0,1,38.52985763549805,-121.92745208740234,4
2019,2019-12-29,915,12,4,9,7,N,B,N,A,H,A,A,07,N,03,E,,,,,I,Y,N,D,1,0,0,0,22350.0,1,38.256999969482415,-122.17886352539062,3
2019,2019-12-21,4,12,4,0,6,N,B,Y,A,H,C,A,01,W,01,A,,,,,C,Y,N,D,9,0,0,0,23152.0,3,,,2
2020,2020-01-03,1545,1,4,15,5,N,A,Y,A,H,A,A,07,E,03,C,,,,,C,Y,N,D,1,0,0,0,22350.0,3,,,4
2020,2020-01-08,32,1,4,0,3,N,B,Y,B,H,D,A,01,E,08,E,,,,,I,Y,M,D,1,0,0,0,22107.0,1,38.50460815429688,-121.7831573486328,4
2020,2020-04-19,1613,4,1,16,7,Y,A,N,A,H,A,A,01,,09,A,,,,,C,,N,A,2,0,0,0,21453.0,2,38.1815185546875,-122.13800048828124,4
2020,2020-04-20,2024,4,1,20,1,Y,A,N,A,H,C,M,94,,04,D,,,,,C,,N,A,1,0,0,0,21703.0,2,38.26557159423828,-122.03418731689452,3
2020,2020-01-03,1258,1,4,12,5,Y,A,Y,A,H,A,A,01,,09,D,,,,,C,Y,N,D,5,0,0,0,21802.0,2,38.20768737792969,-122.15670013427734,4
2020,2020-01-07,1715,1,4,17,2,N,A,Y,A,H,D,A,01,E,07,B,,,,,C,Y,N,D,2,0,0,0,21658.0,2,38.26282501220703,-122.05883026123048,4
2020,2020-01-04,1500,1,4,15,6,N,A,Y,A,H,A,-,- ,E,00,B,,,,,C,Y,N,D,2,0,0,0,,2,38.085487365722656,-122.23277282714844,3
2020,2020-01-11,340,1,4,3,6,Y,A,N,A,H,C,-,- ,,00,H,,Y,,,G,,F,A,1,0,1,0,,2,38.12245178222656,-122.24933624267578,4
2020,2020-01-06,645,1,4,6,1,N,A,Y,A,H,C,A,01,W,08,C,,,,,C,Y,N,D,1,0,0,0,22107.0,3,38.2485580444336,-122.07158660888672,4
2020,2020-01-06,1510,1,4,15,1,N,A,Y,A,H,A,A,01,E,03,C,,,,,C,Y,N,D,1,0,0,0,22350.0,3,38.11375427246094,-122.22980499267578,3
2020,2020-01-06,1610,1,4,16,1,N,A,Y,A,H,A,A,01,W,03,C,,,,,C,Y,N,D,1,0,0,0,22350.0,2,38.537403106689446,-121.73863220214844,4
2020,2020-06-08,1108,6,2,11,1,Y,A,N,A,H,A,C,06,,09,D,,,Y,,C,Y,N,D,2,0,0,2,21802.0,2,38.10197830200195,-122.24823760986328,2
2020,2020-01-08,730,1,4,7,3,N,E,Y,B,H,A,A,01,W,03,C,,,,,C,Y,N,D,1,0,0,0,22350.0,2,38.4829330444336,-121.81102752685548,4
2020,2020-01-08,1612,1,4,16,3,N,B,Y,A,H,A,A,01,W,08,E,,,,,I,Y,N,D,1,0,0,0,22107.0,2,38.06901550292969,-122.22660064697266,4
2020,2020-01-02,1955,1,4,19,4,N,A,Y,A,H,D,A,01,N,08,A,,,,,C,Y,N,D,1,0,0,0,22107.0,2,,,4
2020,2020-01-05,1147,1,4,11,7,N,A,Y,A,H,A,A,01,W,03,C,,,,,C,Y,N,D,1,0,0,0,22350.0,4,38.248661041259766,-122.07139587402344,2
2020,2020-01-09,1120,1,4,11,4,N,B,Y,B,H,A,-,- ,E,18,D,,,,,H,Y,N,D,2,0,0,0,,1,38.066604614257805,-122.17308807373048,3
2020,2020-01-12,831,1,4,8,7,N,A,Y,A,H,A,A,01,W,08,F,,,,,A,Y,N,D,1,0,0,0,22107.0,1,38.487010955810554,-121.8043975830078,3
2020,2020-02-18,616,2,4,6,2,Y,A,Y,A,H,B,A,01,,03,C,,,,,C,Y,N,A,1,0,0,0,22350.0,3,38.240230560302734,-121.9896240234375,4
2020,2020-01-09,815,1,4,8,4,N,B,Y,B,H,A,A,01,E,03,C,,,,,C,Y,N,D,2,0,0,0,22350.0,2,38.14128494262695,-122.22926330566406,4
2020,2020-02-11,1811,2,4,18,2,N,A,Y,A,H,B,A,07,W,03,C,,,,,C,N,N,D,4,0,0,0,22350.0,3,38.24151611328125,-122.04863739013672,4
2020,2020-02-03,645,2,4,6,1,Y,A,Y,A,H,A,G,24,,12,D,,,,Y,C,Y,N,A,1,0,0,0,21453.0,2,38.24030303955078,-121.98969268798828,4
2020,2020-01-10,58,1,4,0,5,N,A,Y,A,H,D,A,01,W,01,E,,,,,I,Y,N,D,2,0,0,0,23152.0,1,38.08683776855469,-122.21542358398438,3
2020,2020-01-10,1830,1,4,18,5,N,A,Y,A,H,D,D,22,N,03,C,,,,,C,Y,N,D,1,0,0,0,22350.0,2,38.19620895385742,-122.13778686523438,3
2020,2020-06-18,1731,6,2,17,4,N,A,N,A,H,A,-,- ,S,18,E,,,,,J,N,F,D,1,0,0,0,,2,38.28575897216797,-122.00389862060548,4
2020,2020-06-17,704,6,2,7,3,N,A,N,A,H,A,D,22,W,04,C,,,,,C,Y,N,D,1,0,0,0,21703.0,2,38.272857666015625,-122.03691864013672,4
2020,2020-01-11,2210,1,4,22,6,N,A,Y,A,H,D,A,01,E,08,F,,,,,A,Y,N,D,2,0,0,0,22107.0,1,38.32516860961913,-122.02384185791016,2
2020,2020-01-11,2115,1,4,21,6,N,B,Y,A,D,D,A,01,W,03,C,,,,,C,N,N,D,2,0,0,0,22350.0,3,,,2
2020,2020-01-13,1735,1,4,17,1,N,A,Y,A,H,C,A,01,W,08,E,,,,,I,N,N,D,1,0,0,0,22107.0,1,38.38546371459961,-121.93756103515624,3
2020,2020-01-14,1435,1,4,14,2,N,B,Y,A,H,A,A,07,W,08,F,,,,,I,Y,N,D,1,0,0,0,22107.0,1,38.283321380615234,-122.04112243652344,3
2020,2020-01-14,620,1,4,6,2,N,B,Y,B,H,D,A,07,W,03,C,,,,,C,Y,N,D,1,0,0,0,22350.0,3,38.20930099487305,-122.15080261230467,4
2020,2020-01-13,1210,1,4,12,1,N,A,Y,A,H,A,A,01,E,08,B,,,,Y,C,N,N,D,1,0,0,0,22107.0,2,,,4
2020,2020-01-20,1755,1,4,17,1,N,A,N,A,H,C,A,01,S,08,E,,,,,I,N,N,A,1,0,0,0,22107.0,1,38.41552734375,-121.89306640625,4
2020,2020-01-17,1835,1,4,18,5,N,A,Y,A,H,D,A,01,W,03,C,,,,,C,Y,N,D,1,0,0,0,22350.0,2,38.528854370117195,-121.75738525390624,4
2020,2020-01-17,1755,1,4,17,5,N,A,Y,A,H,D,A,01,W,03,C,,,,,C,Y,N,D,3,0,0,0,22350.0,3,38.5273551940918,-121.76028442382812,2
2020,2020-01-13,1546,1,4,15,1,Y,B,N,A,H,A,A,07,,12,D,,,,,C,Y,N,A,1,0,0,0,22450.0,2,38.09497833251953,-122.23583221435548,4
2020,2020-01-13,625,1,4,6,1,N,A,Y,A,H,C,A,01,W,03,C,,,,,C,Y,M,D,1,0,0,0,22350.0,2,38.12345123291016,-122.2299346923828,3
2020,2020-01-12,30,1,4,0,7,N,A,N,A,H,C,A,01,E,03,D,,,,,C,Y,N,D,1,0,0,0,22350.0,3,38.41706085205078,-121.94425964355467,4
2020,2020-01-15,535,1,4,5,3,N,B,Y,A,H,D,A,01,E,08,E,,,,,I,Y,N,D,1,0,0,0,22107.0,1,38.17712020874024,-122.19068145751952,4
2020,2020-01-16,1025,1,4,10,4,N,B,Y,B,H,A,G,27,W,07,B,,,,Y,C,N,N,D,1,0,0,0,21658.0,2,38.06864547729492,-122.22640228271484,4
2020,2020-01-17,755,1,4,7,5,N,B,Y,B,H,A,A,01,W,03,H,,,,,I,Y,N,D,1,0,0,0,22350.0,1,38.06144332885742,-122.153564453125,4
2020,2020-01-17,1120,1,4,11,5,N,B,Y,A,H,A,-,99,W,03,C,,,,,C,N,F,A,1,0,0,0,22350.0,3,38.24021530151367,-122.0672607421875,3
2020,2020-01-16,1050,1,4,10,4,N,B,Y,B,H,A,D,22,E,08,E,,,,,I,Y,N,D,1,0,0,0,22107.0,1,38.35702896118164,-121.97552490234376,3
2020,2020-01-17,1610,1,4,16,5,N,B,Y,A,H,A,D,22,E,07,B,,,,,C,N,N,D,1,0,0,0,21658.0,2,38.2452278137207,-122.07989501953124,4
2020,2020-01-16,845,1,4,8,4,N,B,Y,B,H,A,A,01,E,03,C,,,,,C,Y,N,D,3,0,0,0,22350.0,4,38.30056381225586,-122.03411865234376,4
2020,2020-01-16,1634,1,4,16,4,N,B,Y,B,H,A,D,22,E,03,D,,,,,C,Y,N,D,3,0,0,0,22350.0,2,38.07711791992188,-122.19023895263672,4
2020,2020-01-16,1645,1,4,16,4,N,B,Y,B,H,A,A,01,W,08,E,,,,,I,Y,N,D,1,0,0,0,22107.0,1,38.126094818115234,-122.26889038085938,3
2020,2020-01-20,1120,1,4,11,1,N,B,Y,A,H,A,A,07,W,04,C,,,,,C,Y,N,D,1,0,0,0,21703.0,2,38.35504913330078,-121.97804260253906,4
2020,2020-01-22,1010,1,4,10,3,N,A,Y,A,C,A,A,01,E,04,C,,,,,C,N,N,D,1,0,0,0,21703.0,2,38.2588005065918,-122.06220245361328,4
2020,2020-01-22,48,1,4,0,3,N,B,Y,B,H,D,A,07,W,08,E,,,,,I,Y,N,D,1,0,0,0,22107.0,1,38.21814727783203,-122.13592529296876,3
2020,2020-01-22,753,1,4,7,3,Y,E,Y,B,H,A,F,25,,08,D,,,,Y,C,Y,N,A,1,0,0,0,22107.0,2,38.35855865478516,-121.82309722900392,3
2020,2020-01-22,1321,1,4,13,3,N,A,Y,A,H,A,A,01,W,08,B,,,,,C,Y,N,D,2,0,0,0,22107.0,3,38.1897087097168,-122.1703872680664,4
2020,2020-01-20,1205,1,4,12,1,N,A,Y,A,H,A,A,01,W,03,C,,,,,C,Y,N,D,2,0,0,0,22350.0,2,,,4
2019,2019-12-25,807,12,4,8,3,N,B,Y,B,H,A,A,01,W,03,C,,,,,C,N,N,A,1,0,0,0,22350.0,2,,,4
2020,2020-01-21,815,1,4,8,2,Y,B,N,B,H,A,A,01,,09,D,,,,,C,Y,N,A,2,0,0,0,21802.0,2,38.35158157348633,-121.89687347412108,3
2020,2020-01-22,755,1,4,7,3,Y,E,N,B,H,A,D,22,,12,E,,,,,I,Y,N,A,1,0,0,0,22450.0,1,38.48929977416992,-121.85347747802734,3
2020,2020-01-22,2340,1,4,23,3,N,A,Y,A,H,D,D,22,E,08,E,,,,,I,Y,N,D,1,0,0,0,22107.0,1,38.109649658203125,-122.22972869873048,4
2020,2020-01-25,1525,1,4,15,6,N,B,Y,A,H,A,A,07,E,08,F,,,,,A,Y,N,D,2,0,0,0,22107.0,1,38.53028106689453,-121.75130462646484,4
2020,2020-01-27,800,1,4,8,1,N,A,Y,A,H,A,A,01,W,08,B,,,,Y,C,Y,N,D,1,0,0,0,22107.0,2,38.35443115234375,-121.9787139892578,4
2020,2020-01-26,1415,1,4,14,7,Y,A,Y,A,H,A,A,01,,03,C,,,,,C,Y,N,D,1,0,0,0,22350.0,2,38.35858917236328,-121.82309722900392,4
2020,2020-01-27,1030,1,4,10,1,N,A,Y,A,H,A,A,01,E,08,B,,,,,C,Y,N,D,1,0,0,0,22107.0,2,38.29534530639648,-122.0339126586914,3
2020,2020-01-27,1725,1,4,17,1,N,B,Y,A,H,C,A,01,W,03,C,,,,,C,N,M,D,2,0,0,0,22350.0,2,38.439468383789055,-121.86671447753906,4
2020,2020-01-23,2240,1,4,22,4,Y,A,N,A,H,C,D,22,,01,E,,,,,I,Y,N,D,1,0,0,0,23152.0,1,38.516159057617195,-121.96884918212892,3
2020,2020-01-25,1730,1,4,17,6,N,B,Y,A,H,B,-,- ,W,18,E,,,,,I,Y,N,D,1,0,0,0,,1,38.473121643066406,-121.8238525390625,4
2020,2020-01-29,1750,1,4,17,3,N,A,Y,A,H,D,A,01,W,03,C,,,,,C,N,N,D,1,0,0,0,22350.0,2,,,4
2020,2020-01-31,945,1,4,9,5,N,A,Y,A,H,A,D,22,E,08,C,,,,Y,C,Y,N,D,1,0,0,0,22107.0,2,38.17075347900391,-122.1984634399414,4
2020,2020-01-31,550,1,4,5,5,N,B,Y,A,H,C,C,02,E,03,C,,,Y,,C,N,N,D,1,0,0,1,22350.0,3,38.117767333984375,-122.28781127929688,3